timestamp,station_id,load_kwh,order_count,hour,day_of_week,day_of_month,month,is_weekend,hour_sin,hour_cos,weekday_sin,weekday_cos,load_lag_1h,load_lag_24h,load_lag_168h,load_avg_6h,load_avg_24h,orders_lag_1h,temperature_c,humidity,is_rain
2026-08-16 00:00:00,1,0.0,0,0,6,16,8,1,0.0,1.0,-0.7818314824680299,0.6234898018587334,0.0,0.0,0.0,0.0,0.0,0.0,13.937822173508929,70.39230484541326,0
2026-08-16 01:00:00,1,0.0,0,1,6,16,8,1,0.25881904510252074,0.9659258262890683,-0.7818314824680299,0.6234898018587334,0.0,0.0,0.0,0.0,0.0,0.0,13.238519215976522,71.59110991546882,0
2026-08-16 02:00:00,1,0.0,0,2,6,16,8,1,0.49999999999999994,0.8660254037844387,-0.7818314824680299,0.6234898018587334,0.0,0.0,0.0,0.0,0.0,0.0,13.0,72.0,0
2026-08-16 03:00:00,1,0.0,0,3,6,16,8,1,0.7071067811865475,0.7071067811865476,-0.7818314824680299,0.6234898018587334,0.0,0.0,0.0,0.0,0.0,0.0,13.238519215976522,71.59110991546882,0
2026-08-16 04:00:00,1,0.0,0,4,6,16,8,1,0.8660254037844386,0.5000000000000001,-0.7818314824680299,0.6234898018587334,0.0,0.0,0.0,0.0,0.0,0.0,13.93782217350893,70.39230484541326,0
2026-08-16 05:00:00,1,0.0,0,5,6,16,8,1,0.9659258262890683,0.25881904510252074,-0.7818314824680299,0.6234898018587334,0.0,0.0,0.0,0.0,0.0,0.0,15.050252531694168,68.48528137423857,0
2026-08-16 06:00:00,1,0.0,0,6,6,16,8,1,1.0,6.123233995736766e-17,-0.7818314824680299,0.6234898018587334,0.0,0.0,0.0,0.0,0.0,0.0,16.5,66.0,0
2026-08-16 07:00:00,1,0.0,0,7,6,16,8,1,0.9659258262890683,-0.25881904510252063,-0.7818314824680299,0.6234898018587334,0.0,0.0,0.0,0.0,0.0,0.0,18.188266684282354,63.10582854123025,0
2026-08-16 08:00:00,1,0.0,0,8,6,16,8,1,0.8660254037844387,-0.4999999999999998,-0.7818314824680299,0.6234898018587334,0.0,0.0,0.0,0.0,0.0,0.0,20.0,60.0,0
2026-08-16 09:00:00,1,0.0,0,9,6,16,8,1,0.7071067811865476,-0.7071067811865475,-0.7818314824680299,0.6234898018587334,0.0,0.0,0.0,0.0,0.0,0.0,21.811733315717646,56.89417145876975,0
2026-08-16 10:00:00,1,0.0,0,10,6,16,8,1,0.49999999999999994,-0.8660254037844387,-0.7818314824680299,0.6234898018587334,0.0,0.0,0.0,0.0,0.0,0.0,23.5,54.0,0
2026-08-16 11:00:00,1,0.0,0,11,6,16,8,1,0.258819045102521,-0.9659258262890682,-0.7818314824680299,0.6234898018587334,0.0,0.0,0.0,0.0,0.0,0.0,24.94974746830583,51.51471862576143,0
2026-08-16 12:00:00,1,0.0,0,12,6,16,8,1,1.2246467991473532e-16,-1.0,-0.7818314824680299,0.6234898018587334,0.0,0.0,0.0,0.0,0.0,0.0,26.06217782649107,49.607695154586736,0
2026-08-16 13:00:00,1,0.0,0,13,6,16,8,1,-0.2588190451025208,-0.9659258262890683,-0.7818314824680299,0.6234898018587334,0.0,0.0,0.0,0.0,0.0,0.0,26.761480784023476,48.40889008453118,0
2026-08-16 14:00:00,1,0.0,0,14,6,16,8,1,-0.4999999999999997,-0.8660254037844388,-0.7818314824680299,0.6234898018587334,0.0,0.0,0.0,0.0,0.0,0.0,27.0,48.0,0
2026-08-16 15:00:00,1,0.0,0,15,6,16,8,1,-0.7071067811865471,-0.7071067811865479,-0.7818314824680299,0.6234898018587334,0.0,0.0,0.0,0.0,0.0,0.0,26.761480784023476,48.40889008453118,0
2026-08-16 16:00:00,1,0.0,0,16,6,16,8,1,-0.8660254037844384,-0.5000000000000004,-0.7818314824680299,0.6234898018587334,0.0,0.0,0.0,0.0,0.0,0.0,26.062177826491073,49.607695154586736,0
2026-08-16 17:00:00,1,0.0,0,17,6,16,8,1,-0.9659258262890683,-0.25881904510252063,-0.7818314824680299,0.6234898018587334,0.0,0.0,0.0,0.0,0.0,0.0,24.949747468305834,51.51471862576143,0
2026-08-16 18:00:00,1,0.0,0,18,6,16,8,1,-1.0,-1.8369701987210297e-16,-0.7818314824680299,0.6234898018587334,0.0,0.0,0.0,0.0,0.0,0.0,23.5,54.0,0
2026-08-16 19:00:00,1,0.0,0,19,6,16,8,1,-0.9659258262890684,0.2588190451025203,-0.7818314824680299,0.6234898018587334,0.0,0.0,59.09,0.0,0.0,0.0,21.811733315717646,56.89417145876975,0
2026-08-16 20:00:00,1,0.0,0,20,6,16,8,1,-0.8660254037844386,0.5000000000000001,-0.7818314824680299,0.6234898018587334,0.0,0.0,0.0,0.0,0.0,0.0,20.0,60.0,0
2026-08-16 21:00:00,1,0.0,0,21,6,16,8,1,-0.7071067811865477,0.7071067811865474,-0.7818314824680299,0.6234898018587334,0.0,0.0,0.0,0.0,0.0,0.0,18.188266684282354,63.10582854123025,0
2026-08-16 22:00:00,1,0.0,0,22,6,16,8,1,-0.5000000000000004,0.8660254037844384,-0.7818314824680299,0.6234898018587334,0.0,0.0,0.0,0.0,0.0,0.0,16.5,66.0,0
2026-08-16 23:00:00,1,0.0,0,23,6,16,8,1,-0.25881904510252157,0.9659258262890681,-0.7818314824680299,0.6234898018587334,0.0,0.0,0.0,0.0,0.0,0.0,15.05025253169417,68.48528137423857,0
2026-08-17 00:00:00,1,0.0,0,0,0,17,8,0,0.0,1.0,0.0,1.0,0.0,0.0,0.0,0.0,0.0,0.0,13.937822173508929,70.39230484541326,1
2026-08-17 01:00:00,1,0.0,0,1,0,17,8,0,0.25881904510252074,0.9659258262890683,0.0,1.0,0.0,0.0,0.0,0.0,0.0,0.0,13.238519215976522,71.59110991546882,1
2026-08-17 02:00:00,1,0.0,0,2,0,17,8,0,0.49999999999999994,0.8660254037844387,0.0,1.0,0.0,0.0,0.0,0.0,0.0,0.0,13.0,72.0,1
2026-08-17 03:00:00,1,0.0,0,3,0,17,8,0,0.7071067811865475,0.7071067811865476,0.0,1.0,0.0,0.0,0.0,0.0,0.0,0.0,13.238519215976522,71.59110991546882,1
2026-08-17 04:00:00,1,0.0,0,4,0,17,8,0,0.8660254037844386,0.5000000000000001,0.0,1.0,0.0,0.0,0.0,0.0,0.0,0.0,13.93782217350893,70.39230484541326,1
2026-08-17 05:00:00,1,0.0,0,5,0,17,8,0,0.9659258262890683,0.25881904510252074,0.0,1.0,0.0,0.0,0.0,0.0,0.0,0.0,15.050252531694168,68.48528137423857,1
2026-08-17 06:00:00,1,0.0,0,6,0,17,8,0,1.0,6.123233995736766e-17,0.0,1.0,0.0,0.0,0.0,0.0,0.0,0.0,16.5,66.0,1
2026-08-17 07:00:00,1,0.0,0,7,0,17,8,0,0.9659258262890683,-0.25881904510252063,0.0,1.0,0.0,0.0,0.0,0.0,0.0,0.0,18.188266684282354,63.10582854123025,1
2026-08-17 08:00:00,1,0.0,0,8,0,17,8,0,0.8660254037844387,-0.4999999999999998,0.0,1.0,0.0,0.0,0.0,0.0,0.0,0.0,20.0,60.0,1
2026-08-17 09:00:00,1,0.0,0,9,0,17,8,0,0.7071067811865476,-0.7071067811865475,0.0,1.0,0.0,0.0,0.0,0.0,0.0,0.0,21.811733315717646,56.89417145876975,1
2026-08-17 10:00:00,1,0.0,0,10,0,17,8,0,0.49999999999999994,-0.8660254037844387,0.0,1.0,0.0,0.0,0.0,0.0,0.0,0.0,23.5,54.0,1
2026-08-17 11:00:00,1,0.0,0,11,0,17,8,0,0.258819045102521,-0.9659258262890682,0.0,1.0,0.0,0.0,0.0,0.0,0.0,0.0,24.94974746830583,51.51471862576143,1
2026-08-17 12:00:00,1,0.0,0,12,0,17,8,0,1.2246467991473532e-16,-1.0,0.0,1.0,0.0,0.0,0.0,0.0,0.0,0.0,26.06217782649107,49.607695154586736,1
2026-08-17 13:00:00,1,0.0,0,13,0,17,8,0,-0.2588190451025208,-0.9659258262890683,0.0,1.0,0.0,0.0,0.0,0.0,0.0,0.0,26.761480784023476,48.40889008453118,1
2026-08-17 14:00:00,1,0.0,0,14,0,17,8,0,-0.4999999999999997,-0.8660254037844388,0.0,1.0,0.0,0.0,0.0,0.0,0.0,0.0,27.0,48.0,1
2026-08-17 15:00:00,1,0.0,0,15,0,17,8,0,-0.7071067811865471,-0.7071067811865479,0.0,1.0,0.0,0.0,0.0,0.0,0.0,0.0,26.761480784023476,48.40889008453118,1
2026-08-17 16:00:00,1,0.0,0,16,0,17,8,0,-0.8660254037844384,-0.5000000000000004,0.0,1.0,0.0,0.0,0.0,0.0,0.0,0.0,26.062177826491073,49.607695154586736,1
2026-08-17 17:00:00,1,0.0,0,17,0,17,8,0,-0.9659258262890683,-0.25881904510252063,0.0,1.0,0.0,0.0,0.0,0.0,0.0,0.0,24.949747468305834,51.51471862576143,1
2026-08-17 18:00:00,1,0.0,0,18,0,17,8,0,-1.0,-1.8369701987210297e-16,0.0,1.0,0.0,0.0,0.0,0.0,0.0,0.0,23.5,54.0,1
2026-08-17 19:00:00,1,0.0,0,19,0,17,8,0,-0.9659258262890684,0.2588190451025203,0.0,1.0,0.0,0.0,0.0,0.0,0.0,0.0,21.811733315717646,56.89417145876975,1
2026-08-17 20:00:00,1,0.0,0,20,0,17,8,0,-0.8660254037844386,0.5000000000000001,0.0,1.0,0.0,0.0,0.0,0.0,0.0,0.0,20.0,60.0,1
2026-08-17 21:00:00,1,0.0,0,21,0,17,8,0,-0.7071067811865477,0.7071067811865474,0.0,1.0,0.0,0.0,0.0,0.0,0.0,0.0,18.188266684282354,63.10582854123025,1
2026-08-17 22:00:00,1,0.0,0,22,0,17,8,0,-0.5000000000000004,0.8660254037844384,0.0,1.0,0.0,0.0,0.0,0.0,0.0,0.0,16.5,66.0,1
2026-08-17 23:00:00,1,0.0,0,23,0,17,8,0,-0.25881904510252157,0.9659258262890681,0.0,1.0,0.0,0.0,0.0,0.0,0.0,0.0,15.05025253169417,68.48528137423857,1
2026-08-18 00:00:00,1,0.0,0,0,1,18,8,0,0.0,1.0,0.7818314824680298,0.6234898018587336,0.0,0.0,0.0,0.0,0.0,0.0,13.937822173508929,70.39230484541326,0
2026-08-18 01:00:00,1,0.0,0,1,1,18,8,0,0.25881904510252074,0.9659258262890683,0.7818314824680298,0.6234898018587336,0.0,0.0,0.0,0.0,0.0,0.0,13.238519215976522,71.59110991546882,0
2026-08-18 02:00:00,1,0.0,0,2,1,18,8,0,0.49999999999999994,0.8660254037844387,0.7818314824680298,0.6234898018587336,0.0,0.0,0.0,0.0,0.0,0.0,13.0,72.0,0
2026-08-18 03:00:00,1,0.0,0,3,1,18,8,0,0.7071067811865475,0.7071067811865476,0.7818314824680298,0.6234898018587336,0.0,0.0,0.0,0.0,0.0,0.0,13.238519215976522,71.59110991546882,0
2026-08-18 04:00:00,1,0.0,0,4,1,18,8,0,0.8660254037844386,0.5000000000000001,0.7818314824680298,0.6234898018587336,0.0,0.0,0.0,0.0,0.0,0.0,13.93782217350893,70.39230484541326,0
2026-08-18 05:00:00,1,0.0,0,5,1,18,8,0,0.9659258262890683,0.25881904510252074,0.7818314824680298,0.6234898018587336,0.0,0.0,0.0,0.0,0.0,0.0,15.050252531694168,68.48528137423857,0
2026-08-18 06:00:00,1,0.0,0,6,1,18,8,0,1.0,6.123233995736766e-17,0.7818314824680298,0.6234898018587336,0.0,0.0,0.0,0.0,0.0,0.0,16.5,66.0,0
2026-08-18 07:00:00,1,0.0,0,7,1,18,8,0,0.9659258262890683,-0.25881904510252063,0.7818314824680298,0.6234898018587336,0.0,0.0,0.0,0.0,0.0,0.0,18.188266684282354,63.10582854123025,0
2026-08-18 08:00:00,1,0.0,0,8,1,18,8,0,0.8660254037844387,-0.4999999999999998,0.7818314824680298,0.6234898018587336,0.0,0.0,0.0,0.0,0.0,0.0,20.0,60.0,0
2026-08-18 09:00:00,1,0.0,0,9,1,18,8,0,0.7071067811865476,-0.7071067811865475,0.7818314824680298,0.6234898018587336,0.0,0.0,0.0,0.0,0.0,0.0,21.811733315717646,56.89417145876975,0
2026-08-18 10:00:00,1,0.0,0,10,1,18,8,0,0.49999999999999994,-0.8660254037844387,0.7818314824680298,0.6234898018587336,0.0,0.0,0.0,0.0,0.0,0.0,23.5,54.0,0
2026-08-18 11:00:00,1,0.0,0,11,1,18,8,0,0.258819045102521,-0.9659258262890682,0.7818314824680298,0.6234898018587336,0.0,0.0,0.0,0.0,0.0,0.0,24.94974746830583,51.51471862576143,0
2026-08-18 12:00:00,1,0.0,0,12,1,18,8,0,1.2246467991473532e-16,-1.0,0.7818314824680298,0.6234898018587336,0.0,0.0,0.0,0.0,0.0,0.0,26.06217782649107,49.607695154586736,0
2026-08-18 13:00:00,1,0.0,0,13,1,18,8,0,-0.2588190451025208,-0.9659258262890683,0.7818314824680298,0.6234898018587336,0.0,0.0,0.0,0.0,0.0,0.0,26.761480784023476,48.40889008453118,0
2026-08-18 14:00:00,1,0.0,0,14,1,18,8,0,-0.4999999999999997,-0.8660254037844388,0.7818314824680298,0.6234898018587336,0.0,0.0,0.0,0.0,0.0,0.0,27.0,48.0,0
2026-08-18 15:00:00,1,0.0,0,15,1,18,8,0,-0.7071067811865471,-0.7071067811865479,0.7818314824680298,0.6234898018587336,0.0,0.0,0.0,0.0,0.0,0.0,26.761480784023476,48.40889008453118,0
2026-08-18 16:00:00,1,0.0,0,16,1,18,8,0,-0.8660254037844384,-0.5000000000000004,0.7818314824680298,0.6234898018587336,0.0,0.0,0.0,0.0,0.0,0.0,26.062177826491073,49.607695154586736,0
2026-08-18 17:00:00,1,0.0,0,17,1,18,8,0,-0.9659258262890683,-0.25881904510252063,0.7818314824680298,0.6234898018587336,0.0,0.0,0.0,0.0,0.0,0.0,24.949747468305834,51.51471862576143,0
2026-08-18 18:00:00,1,0.0,0,18,1,18,8,0,-1.0,-1.8369701987210297e-16,0.7818314824680298,0.6234898018587336,0.0,0.0,0.0,0.0,0.0,0.0,23.5,54.0,0
2026-08-18 19:00:00,1,0.0,0,19,1,18,8,0,-0.9659258262890684,0.2588190451025203,0.7818314824680298,0.6234898018587336,0.0,0.0,0.0,0.0,0.0,0.0,21.811733315717646,56.89417145876975,0
2026-08-18 20:00:00,1,0.0,0,20,1,18,8,0,-0.8660254037844386,0.5000000000000001,0.7818314824680298,0.6234898018587336,0.0,0.0,0.0,0.0,0.0,0.0,20.0,60.0,0
2026-08-18 21:00:00,1,45.65,1,21,1,18,8,0,-0.7071067811865477,0.7071067811865474,0.7818314824680298,0.6234898018587336,0.0,0.0,0.0,0.0,0.0,0.0,18.188266684282354,63.10582854123025,0
2026-08-18 22:00:00,1,0.0,0,22,1,18,8,0,-0.5000000000000004,0.8660254037844384,0.7818314824680298,0.6234898018587336,45.65,0.0,0.0,7.608333333333333,1.9020833333333333,1.0,16.5,66.0,0
2026-08-18 23:00:00,1,0.0,0,23,1,18,8,0,-0.25881904510252157,0.9659258262890681,0.7818314824680298,0.6234898018587336,0.0,0.0,0.0,7.608333333333333,1.9020833333333333,0.0,15.05025253169417,68.48528137423857,0
2026-08-19 00:00:00,1,0.0,0,0,2,19,8,0,0.0,1.0,0.9749279121818236,-0.22252093395631434,0.0,0.0,0.0,7.608333333333333,1.9020833333333333,0.0,13.937822173508929,70.39230484541326,0
2026-08-19 01:00:00,1,0.0,0,1,2,19,8,0,0.25881904510252074,0.9659258262890683,0.9749279121818236,-0.22252093395631434,0.0,0.0,0.0,7.608333333333333,1.9020833333333333,0.0,13.238519215976522,71.59110991546882,0
2026-08-19 02:00:00,1,0.0,0,2,2,19,8,0,0.49999999999999994,0.8660254037844387,0.9749279121818236,-0.22252093395631434,0.0,0.0,0.0,7.608333333333333,1.9020833333333333,0.0,13.0,72.0,0
2026-08-19 03:00:00,1,0.0,0,3,2,19,8,0,0.7071067811865475,0.7071067811865476,0.9749279121818236,-0.22252093395631434,0.0,0.0,0.0,7.608333333333333,1.9020833333333333,0.0,13.238519215976522,71.59110991546882,0
2026-08-19 04:00:00,1,0.0,0,4,2,19,8,0,0.8660254037844386,0.5000000000000001,0.9749279121818236,-0.22252093395631434,0.0,0.0,0.0,0.0,1.9020833333333333,0.0,13.93782217350893,70.39230484541326,0
2026-08-19 05:00:00,1,0.0,0,5,2,19,8,0,0.9659258262890683,0.25881904510252074,0.9749279121818236,-0.22252093395631434,0.0,0.0,0.0,0.0,1.9020833333333333,0.0,15.050252531694168,68.48528137423857,0
2026-08-19 06:00:00,1,0.0,0,6,2,19,8,0,1.0,6.123233995736766e-17,0.9749279121818236,-0.22252093395631434,0.0,0.0,0.0,0.0,1.9020833333333333,0.0,16.5,66.0,0
2026-08-19 07:00:00,1,0.0,0,7,2,19,8,0,0.9659258262890683,-0.25881904510252063,0.9749279121818236,-0.22252093395631434,0.0,0.0,0.0,0.0,1.9020833333333333,0.0,18.188266684282354,63.10582854123025,0
2026-08-19 08:00:00,1,0.0,0,8,2,19,8,0,0.8660254037844387,-0.4999999999999998,0.9749279121818236,-0.22252093395631434,0.0,0.0,0.0,0.0,1.9020833333333333,0.0,20.0,60.0,0
2026-08-19 09:00:00,1,0.0,0,9,2,19,8,0,0.7071067811865476,-0.7071067811865475,0.9749279121818236,-0.22252093395631434,0.0,0.0,0.0,0.0,1.9020833333333333,0.0,21.811733315717646,56.89417145876975,0
2026-08-19 10:00:00,1,0.0,0,10,2,19,8,0,0.49999999999999994,-0.8660254037844387,0.9749279121818236,-0.22252093395631434,0.0,0.0,34.76,0.0,1.9020833333333333,0.0,23.5,54.0,0
2026-08-19 11:00:00,1,0.0,0,11,2,19,8,0,0.258819045102521,-0.9659258262890682,0.9749279121818236,-0.22252093395631434,0.0,0.0,0.0,0.0,1.9020833333333333,0.0,24.94974746830583,51.51471862576143,0
2026-08-19 12:00:00,1,0.0,0,12,2,19,8,0,1.2246467991473532e-16,-1.0,0.9749279121818236,-0.22252093395631434,0.0,0.0,0.0,0.0,1.9020833333333333,0.0,26.06217782649107,49.607695154586736,0
2026-08-19 13:00:00,1,0.0,0,13,2,19,8,0,-0.2588190451025208,-0.9659258262890683,0.9749279121818236,-0.22252093395631434,0.0,0.0,0.0,0.0,1.9020833333333333,0.0,26.761480784023476,48.40889008453118,0
2026-08-19 14:00:00,1,0.0,0,14,2,19,8,0,-0.4999999999999997,-0.8660254037844388,0.9749279121818236,-0.22252093395631434,0.0,0.0,0.0,0.0,1.9020833333333333,0.0,27.0,48.0,0
2026-08-19 15:00:00,1,0.0,0,15,2,19,8,0,-0.7071067811865471,-0.7071067811865479,0.9749279121818236,-0.22252093395631434,0.0,0.0,0.0,0.0,1.9020833333333333,0.0,26.761480784023476,48.40889008453118,0
2026-08-19 16:00:00,1,0.0,0,16,2,19,8,0,-0.8660254037844384,-0.5000000000000004,0.9749279121818236,-0.22252093395631434,0.0,0.0,0.0,0.0,1.9020833333333333,0.0,26.062177826491073,49.607695154586736,0
2026-08-19 17:00:00,1,0.0,0,17,2,19,8,0,-0.9659258262890683,-0.25881904510252063,0.9749279121818236,-0.22252093395631434,0.0,0.0,0.0,0.0,1.9020833333333333,0.0,24.949747468305834,51.51471862576143,0
2026-08-19 18:00:00,1,0.0,0,18,2,19,8,0,-1.0,-1.8369701987210297e-16,0.9749279121818236,-0.22252093395631434,0.0,0.0,0.0,0.0,1.9020833333333333,0.0,23.5,54.0,0
2026-08-19 19:00:00,1,0.0,0,19,2,19,8,0,-0.9659258262890684,0.2588190451025203,0.9749279121818236,-0.22252093395631434,0.0,0.0,0.0,0.0,1.9020833333333333,0.0,21.811733315717646,56.89417145876975,0
2026-08-19 20:00:00,1,0.0,0,20,2,19,8,0,-0.8660254037844386,0.5000000000000001,0.9749279121818236,-0.22252093395631434,0.0,0.0,0.0,0.0,1.9020833333333333,0.0,20.0,60.0,0
2026-08-19 21:00:00,1,0.0,0,21,2,19,8,0,-0.7071067811865477,0.7071067811865474,0.9749279121818236,-0.22252093395631434,0.0,45.65,0.0,0.0,1.9020833333333333,0.0,18.188266684282354,63.10582854123025,0
2026-08-19 22:00:00,1,0.0,0,22,2,19,8,0,-0.5000000000000004,0.8660254037844384,0.9749279121818236,-0.22252093395631434,0.0,0.0,0.0,0.0,0.0,0.0,16.5,66.0,0
2026-08-19 23:00:00,1,0.0,0,23,2,19,8,0,-0.25881904510252157,0.9659258262890681,0.9749279121818236,-0.22252093395631434,0.0,0.0,0.0,0.0,0.0,0.0,15.05025253169417,68.48528137423857,0
2026-08-20 00:00:00,1,0.0,0,0,3,20,8,0,0.0,1.0,0.43388373911755823,-0.900968867902419,0.0,0.0,0.0,0.0,0.0,0.0,13.937822173508929,70.39230484541326,0
2026-08-20 01:00:00,1,0.0,0,1,3,20,8,0,0.25881904510252074,0.9659258262890683,0.43388373911755823,-0.900968867902419,0.0,0.0,0.0,0.0,0.0,0.0,13.238519215976522,71.59110991546882,0
2026-08-20 02:00:00,1,0.0,0,2,3,20,8,0,0.49999999999999994,0.8660254037844387,0.43388373911755823,-0.900968867902419,0.0,0.0,0.0,0.0,0.0,0.0,13.0,72.0,0
2026-08-20 03:00:00,1,0.0,0,3,3,20,8,0,0.7071067811865475,0.7071067811865476,0.43388373911755823,-0.900968867902419,0.0,0.0,0.0,0.0,0.0,0.0,13.238519215976522,71.59110991546882,0
2026-08-20 04:00:00,1,0.0,0,4,3,20,8,0,0.8660254037844386,0.5000000000000001,0.43388373911755823,-0.900968867902419,0.0,0.0,0.0,0.0,0.0,0.0,13.93782217350893,70.39230484541326,0
2026-08-20 05:00:00,1,0.0,0,5,3,20,8,0,0.9659258262890683,0.25881904510252074,0.43388373911755823,-0.900968867902419,0.0,0.0,0.0,0.0,0.0,0.0,15.050252531694168,68.48528137423857,0
2026-08-20 06:00:00,1,0.0,0,6,3,20,8,0,1.0,6.123233995736766e-17,0.43388373911755823,-0.900968867902419,0.0,0.0,0.0,0.0,0.0,0.0,16.5,66.0,0
2026-08-20 07:00:00,1,15.33,1,7,3,20,8,0,0.9659258262890683,-0.25881904510252063,0.43388373911755823,-0.900968867902419,0.0,0.0,0.0,0.0,0.0,0.0,18.188266684282354,63.10582854123025,0
2026-08-20 08:00:00,1,0.0,0,8,3,20,8,0,0.8660254037844387,-0.4999999999999998,0.43388373911755823,-0.900968867902419,15.33,0.0,0.0,2.555,0.63875,1.0,20.0,60.0,0
2026-08-20 09:00:00,1,0.0,0,9,3,20,8,0,0.7071067811865476,-0.7071067811865475,0.43388373911755823,-0.900968867902419,0.0,0.0,0.0,2.555,0.63875,0.0,21.811733315717646,56.89417145876975,0
2026-08-20 10:00:00,1,0.0,0,10,3,20,8,0,0.49999999999999994,-0.8660254037844387,0.43388373911755823,-0.900968867902419,0.0,0.0,0.0,2.555,0.63875,0.0,23.5,54.0,0
2026-08-20 11:00:00,1,0.0,0,11,3,20,8,0,0.258819045102521,-0.9659258262890682,0.43388373911755823,-0.900968867902419,0.0,0.0,0.0,2.555,0.63875,0.0,24.94974746830583,51.51471862576143,0
2026-08-20 12:00:00,1,0.0,0,12,3,20,8,0,1.2246467991473532e-16,-1.0,0.43388373911755823,-0.900968867902419,0.0,0.0,0.0,2.555,0.63875,0.0,26.06217782649107,49.607695154586736,0
2026-08-20 13:00:00,1,0.0,0,13,3,20,8,0,-0.2588190451025208,-0.9659258262890683,0.43388373911755823,-0.900968867902419,0.0,0.0,0.0,2.555,0.63875,0.0,26.761480784023476,48.40889008453118,0
2026-08-20 14:00:00,1,0.0,0,14,3,20,8,0,-0.4999999999999997,-0.8660254037844388,0.43388373911755823,-0.900968867902419,0.0,0.0,0.0,0.0,0.63875,0.0,27.0,48.0,0
2026-08-20 15:00:00,1,0.0,0,15,3,20,8,0,-0.7071067811865471,-0.7071067811865479,0.43388373911755823,-0.900968867902419,0.0,0.0,0.0,0.0,0.63875,0.0,26.761480784023476,48.40889008453118,0
2026-08-20 16:00:00,1,0.0,0,16,3,20,8,0,-0.8660254037844384,-0.5000000000000004,0.43388373911755823,-0.900968867902419,0.0,0.0,0.0,0.0,0.63875,0.0,26.062177826491073,49.607695154586736,0
2026-08-20 17:00:00,1,0.0,0,17,3,20,8,0,-0.9659258262890683,-0.25881904510252063,0.43388373911755823,-0.900968867902419,0.0,0.0,0.0,0.0,0.63875,0.0,24.949747468305834,51.51471862576143,0
2026-08-20 18:00:00,1,0.0,0,18,3,20,8,0,-1.0,-1.8369701987210297e-16,0.43388373911755823,-0.900968867902419,0.0,0.0,0.0,0.0,0.63875,0.0,23.5,54.0,0
2026-08-20 19:00:00,1,0.0,0,19,3,20,8,0,-0.9659258262890684,0.2588190451025203,0.43388373911755823,-0.900968867902419,0.0,0.0,0.0,0.0,0.63875,0.0,21.811733315717646,56.89417145876975,0
2026-08-20 20:00:00,1,0.0,0,20,3,20,8,0,-0.8660254037844386,0.5000000000000001,0.43388373911755823,-0.900968867902419,0.0,0.0,0.0,0.0,0.63875,0.0,20.0,60.0,0
2026-08-20 21:00:00,1,0.0,0,21,3,20,8,0,-0.7071067811865477,0.7071067811865474,0.43388373911755823,-0.900968867902419,0.0,0.0,0.0,0.0,0.63875,0.0,18.188266684282354,63.10582854123025,0
2026-08-20 22:00:00,1,0.0,0,22,3,20,8,0,-0.5000000000000004,0.8660254037844384,0.43388373911755823,-0.900968867902419,0.0,0.0,0.0,0.0,0.63875,0.0,16.5,66.0,0
2026-08-20 23:00:00,1,0.0,0,23,3,20,8,0,-0.25881904510252157,0.9659258262890681,0.43388373911755823,-0.900968867902419,0.0,0.0,0.0,0.0,0.63875,0.0,15.05025253169417,68.48528137423857,0
2026-08-21 00:00:00,1,0.0,0,0,4,21,8,0,0.0,1.0,-0.433883739117558,-0.9009688679024191,0.0,0.0,0.0,0.0,0.63875,0.0,13.937822173508929,70.39230484541326,0
2026-08-21 01:00:00,1,0.0,0,1,4,21,8,0,0.25881904510252074,0.9659258262890683,-0.433883739117558,-0.9009688679024191,0.0,0.0,0.0,0.0,0.63875,0.0,13.238519215976522,71.59110991546882,0
2026-08-21 02:00:00,1,0.0,0,2,4,21,8,0,0.49999999999999994,0.8660254037844387,-0.433883739117558,-0.9009688679024191,0.0,0.0,0.0,0.0,0.63875,0.0,13.0,72.0,0
2026-08-21 03:00:00,1,0.0,0,3,4,21,8,0,0.7071067811865475,0.7071067811865476,-0.433883739117558,-0.9009688679024191,0.0,0.0,0.0,0.0,0.63875,0.0,13.238519215976522,71.59110991546882,0
2026-08-21 04:00:00,1,0.0,0,4,4,21,8,0,0.8660254037844386,0.5000000000000001,-0.433883739117558,-0.9009688679024191,0.0,0.0,0.0,0.0,0.63875,0.0,13.93782217350893,70.39230484541326,0
2026-08-21 05:00:00,1,0.0,0,5,4,21,8,0,0.9659258262890683,0.25881904510252074,-0.433883739117558,-0.9009688679024191,0.0,0.0,0.0,0.0,0.63875,0.0,15.050252531694168,68.48528137423857,0
2026-08-21 06:00:00,1,0.0,0,6,4,21,8,0,1.0,6.123233995736766e-17,-0.433883739117558,-0.9009688679024191,0.0,0.0,0.0,0.0,0.63875,0.0,16.5,66.0,0
2026-08-21 07:00:00,1,0.0,0,7,4,21,8,0,0.9659258262890683,-0.25881904510252063,-0.433883739117558,-0.9009688679024191,0.0,15.33,0.0,0.0,0.63875,0.0,18.188266684282354,63.10582854123025,0
2026-08-21 08:00:00,1,0.0,0,8,4,21,8,0,0.8660254037844387,-0.4999999999999998,-0.433883739117558,-0.9009688679024191,0.0,0.0,0.0,0.0,0.0,0.0,20.0,60.0,0
2026-08-21 09:00:00,1,0.0,0,9,4,21,8,0,0.7071067811865476,-0.7071067811865475,-0.433883739117558,-0.9009688679024191,0.0,0.0,11.42,0.0,0.0,0.0,21.811733315717646,56.89417145876975,0
2026-08-21 10:00:00,1,0.0,0,10,4,21,8,0,0.49999999999999994,-0.8660254037844387,-0.433883739117558,-0.9009688679024191,0.0,0.0,0.0,0.0,0.0,0.0,23.5,54.0,0
2026-08-21 11:00:00,1,0.0,0,11,4,21,8,0,0.258819045102521,-0.9659258262890682,-0.433883739117558,-0.9009688679024191,0.0,0.0,0.0,0.0,0.0,0.0,24.94974746830583,51.51471862576143,0
2026-08-21 12:00:00,1,0.0,0,12,4,21,8,0,1.2246467991473532e-16,-1.0,-0.433883739117558,-0.9009688679024191,0.0,0.0,0.0,0.0,0.0,0.0,26.06217782649107,49.607695154586736,0
2026-08-21 13:00:00,1,0.0,0,13,4,21,8,0,-0.2588190451025208,-0.9659258262890683,-0.433883739117558,-0.9009688679024191,0.0,0.0,0.0,0.0,0.0,0.0,26.761480784023476,48.40889008453118,0
2026-08-21 14:00:00,1,0.0,0,14,4,21,8,0,-0.4999999999999997,-0.8660254037844388,-0.433883739117558,-0.9009688679024191,0.0,0.0,0.0,0.0,0.0,0.0,27.0,48.0,0
2026-08-21 15:00:00,1,0.0,0,15,4,21,8,0,-0.7071067811865471,-0.7071067811865479,-0.433883739117558,-0.9009688679024191,0.0,0.0,0.0,0.0,0.0,0.0,26.761480784023476,48.40889008453118,0
2026-08-21 16:00:00,1,0.0,0,16,4,21,8,0,-0.8660254037844384,-0.5000000000000004,-0.433883739117558,-0.9009688679024191,0.0,0.0,0.0,0.0,0.0,0.0,26.062177826491073,49.607695154586736,0
2026-08-21 17:00:00,1,0.0,0,17,4,21,8,0,-0.9659258262890683,-0.25881904510252063,-0.433883739117558,-0.9009688679024191,0.0,0.0,0.0,0.0,0.0,0.0,24.949747468305834,51.51471862576143,0
2026-08-21 18:00:00,1,45.16,1,18,4,21,8,0,-1.0,-1.8369701987210297e-16,-0.433883739117558,-0.9009688679024191,0.0,0.0,0.0,0.0,0.0,0.0,23.5,54.0,0
2026-08-21 19:00:00,1,0.0,0,19,4,21,8,0,-0.9659258262890684,0.2588190451025203,-0.433883739117558,-0.9009688679024191,45.16,0.0,0.0,7.526666666666666,1.8816666666666666,1.0,21.811733315717646,56.89417145876975,0
2026-08-21 20:00:00,1,0.0,0,20,4,21,8,0,-0.8660254037844386,0.5000000000000001,-0.433883739117558,-0.9009688679024191,0.0,0.0,0.0,7.526666666666666,1.8816666666666666,0.0,20.0,60.0,0
2026-08-21 21:00:00,1,0.0,0,21,4,21,8,0,-0.7071067811865477,0.7071067811865474,-0.433883739117558,-0.9009688679024191,0.0,0.0,0.0,7.526666666666666,1.8816666666666666,0.0,18.188266684282354,63.10582854123025,0
2026-08-21 22:00:00,1,0.0,0,22,4,21,8,0,-0.5000000000000004,0.8660254037844384,-0.433883739117558,-0.9009688679024191,0.0,0.0,0.0,7.526666666666666,1.8816666666666666,0.0,16.5,66.0,0
2026-08-21 23:00:00,1,0.0,0,23,4,21,8,0,-0.25881904510252157,0.9659258262890681,-0.433883739117558,-0.9009688679024191,0.0,0.0,0.0,7.526666666666666,1.8816666666666666,0.0,15.05025253169417,68.48528137423857,0
2026-08-22 00:00:00,1,0.0,0,0,5,22,8,1,0.0,1.0,-0.9749279121818236,-0.2225209339563146,0.0,0.0,0.0,7.526666666666666,1.8816666666666666,0.0,13.937822173508929,70.39230484541326,0
2026-08-22 01:00:00,1,0.0,0,1,5,22,8,1,0.25881904510252074,0.9659258262890683,-0.9749279121818236,-0.2225209339563146,0.0,0.0,0.0,0.0,1.8816666666666666,0.0,13.238519215976522,71.59110991546882,0
2026-08-22 02:00:00,1,0.0,0,2,5,22,8,1,0.49999999999999994,0.8660254037844387,-0.9749279121818236,-0.2225209339563146,0.0,0.0,0.0,0.0,1.8816666666666666,0.0,13.0,72.0,0
2026-08-22 03:00:00,1,0.0,0,3,5,22,8,1,0.7071067811865475,0.7071067811865476,-0.9749279121818236,-0.2225209339563146,0.0,0.0,0.0,0.0,1.8816666666666666,0.0,13.238519215976522,71.59110991546882,0
2026-08-22 04:00:00,1,0.0,0,4,5,22,8,1,0.8660254037844386,0.5000000000000001,-0.9749279121818236,-0.2225209339563146,0.0,0.0,0.0,0.0,1.8816666666666666,0.0,13.93782217350893,70.39230484541326,0
2026-08-22 05:00:00,1,0.0,0,5,5,22,8,1,0.9659258262890683,0.25881904510252074,-0.9749279121818236,-0.2225209339563146,0.0,0.0,0.0,0.0,1.8816666666666666,0.0,15.050252531694168,68.48528137423857,0
2026-08-22 06:00:00,1,0.0,0,6,5,22,8,1,1.0,6.123233995736766e-17,-0.9749279121818236,-0.2225209339563146,0.0,0.0,0.0,0.0,1.8816666666666666,0.0,16.5,66.0,0
2026-08-22 07:00:00,1,0.0,0,7,5,22,8,1,0.9659258262890683,-0.25881904510252063,-0.9749279121818236,-0.2225209339563146,0.0,0.0,0.0,0.0,1.8816666666666666,0.0,18.188266684282354,63.10582854123025,0
2026-08-22 08:00:00,1,0.0,0,8,5,22,8,1,0.8660254037844387,-0.4999999999999998,-0.9749279121818236,-0.2225209339563146,0.0,0.0,0.0,0.0,1.8816666666666666,0.0,20.0,60.0,0
2026-08-22 09:00:00,1,0.0,0,9,5,22,8,1,0.7071067811865476,-0.7071067811865475,-0.9749279121818236,-0.2225209339563146,0.0,0.0,0.0,0.0,1.8816666666666666,0.0,21.811733315717646,56.89417145876975,0
2026-08-22 10:00:00,1,0.0,0,10,5,22,8,1,0.49999999999999994,-0.8660254037844387,-0.9749279121818236,-0.2225209339563146,0.0,0.0,0.0,0.0,1.8816666666666666,0.0,23.5,54.0,0
2026-08-22 11:00:00,1,0.0,0,11,5,22,8,1,0.258819045102521,-0.9659258262890682,-0.9749279121818236,-0.2225209339563146,0.0,0.0,0.0,0.0,1.8816666666666666,0.0,24.94974746830583,51.51471862576143,0
2026-08-22 12:00:00,1,18.55,1,12,5,22,8,1,1.2246467991473532e-16,-1.0,-0.9749279121818236,-0.2225209339563146,0.0,0.0,0.0,0.0,1.8816666666666666,0.0,26.06217782649107,49.607695154586736,0
2026-08-22 13:00:00,1,16.06,1,13,5,22,8,1,-0.2588190451025208,-0.9659258262890683,-0.9749279121818236,-0.2225209339563146,18.55,0.0,0.0,3.091666666666667,2.654583333333333,1.0,26.761480784023476,48.40889008453118,0
2026-08-22 14:00:00,1,0.0,0,14,5,22,8,1,-0.4999999999999997,-0.8660254037844388,-0.9749279121818236,-0.2225209339563146,16.06,0.0,0.0,5.7683333333333335,3.32375,1.0,27.0,48.0,0
2026-08-22 15:00:00,1,0.0,0,15,5,22,8,1,-0.7071067811865471,-0.7071067811865479,-0.9749279121818236,-0.2225209339563146,0.0,0.0,0.0,5.7683333333333335,3.32375,0.0,26.761480784023476,48.40889008453118,0
2026-08-22 16:00:00,1,31.24,1,16,5,22,8,1,-0.8660254037844384,-0.5000000000000004,-0.9749279121818236,-0.2225209339563146,0.0,0.0,0.0,5.7683333333333335,3.32375,0.0,26.062177826491073,49.607695154586736,0
2026-08-22 17:00:00,1,0.0,0,17,5,22,8,1,-0.9659258262890683,-0.25881904510252063,-0.9749279121818236,-0.2225209339563146,31.24,0.0,0.0,10.975,4.625416666666666,1.0,24.949747468305834,51.51471862576143,0
2026-08-22 18:00:00,1,0.0,0,18,5,22,8,1,-1.0,-1.8369701987210297e-16,-0.9749279121818236,-0.2225209339563146,0.0,45.16,0.0,10.975,4.625416666666666,0.0,23.5,54.0,0
2026-08-22 19:00:00,1,0.0,0,19,5,22,8,1,-0.9659258262890684,0.2588190451025203,-0.9749279121818236,-0.2225209339563146,0.0,0.0,0.0,7.883333333333333,2.74375,0.0,21.811733315717646,56.89417145876975,0
2026-08-22 20:00:00,1,0.0,0,20,5,22,8,1,-0.8660254037844386,0.5000000000000001,-0.9749279121818236,-0.2225209339563146,0.0,0.0,0.0,5.206666666666666,2.74375,0.0,20.0,60.0,0
2026-08-22 21:00:00,1,0.0,0,21,5,22,8,1,-0.7071067811865477,0.7071067811865474,-0.9749279121818236,-0.2225209339563146,0.0,0.0,0.0,5.206666666666666,2.74375,0.0,18.188266684282354,63.10582854123025,0
2026-08-22 22:00:00,1,0.0,0,22,5,22,8,1,-0.5000000000000004,0.8660254037844384,-0.9749279121818236,-0.2225209339563146,0.0,0.0,0.0,5.206666666666666,2.74375,0.0,16.5,66.0,0
2026-08-22 23:00:00,1,0.0,0,23,5,22,8,1,-0.25881904510252157,0.9659258262890681,-0.9749279121818236,-0.2225209339563146,0.0,0.0,0.0,0.0,2.74375,0.0,15.05025253169417,68.48528137423857,0
2026-08-23 00:00:00,1,0.0,0,0,6,23,8,1,0.0,1.0,-0.7818314824680299,0.6234898018587334,0.0,0.0,0.0,0.0,2.74375,0.0,13.937822173508929,70.39230484541326,0
2026-08-23 01:00:00,1,0.0,0,1,6,23,8,1,0.25881904510252074,0.9659258262890683,-0.7818314824680299,0.6234898018587334,0.0,0.0,0.0,0.0,2.74375,0.0,13.238519215976522,71.59110991546882,0
2026-08-23 02:00:00,1,0.0,0,2,6,23,8,1,0.49999999999999994,0.8660254037844387,-0.7818314824680299,0.6234898018587334,0.0,0.0,0.0,0.0,2.74375,0.0,13.0,72.0,0
2026-08-23 03:00:00,1,0.0,0,3,6,23,8,1,0.7071067811865475,0.7071067811865476,-0.7818314824680299,0.6234898018587334,0.0,0.0,0.0,0.0,2.74375,0.0,13.238519215976522,71.59110991546882,0
2026-08-23 04:00:00,1,0.0,0,4,6,23,8,1,0.8660254037844386,0.5000000000000001,-0.7818314824680299,0.6234898018587334,0.0,0.0,0.0,0.0,2.74375,0.0,13.93782217350893,70.39230484541326,0
2026-08-23 05:00:00,1,0.0,0,5,6,23,8,1,0.9659258262890683,0.25881904510252074,-0.7818314824680299,0.6234898018587334,0.0,0.0,0.0,0.0,2.74375,0.0,15.050252531694168,68.48528137423857,0
2026-08-23 06:00:00,1,0.0,0,6,6,23,8,1,1.0,6.123233995736766e-17,-0.7818314824680299,0.6234898018587334,0.0,0.0,0.0,0.0,2.74375,0.0,16.5,66.0,0
2026-08-23 07:00:00,1,0.0,0,7,6,23,8,1,0.9659258262890683,-0.25881904510252063,-0.7818314824680299,0.6234898018587334,0.0,0.0,0.0,0.0,2.74375,0.0,18.188266684282354,63.10582854123025,0
2026-08-23 08:00:00,1,0.0,0,8,6,23,8,1,0.8660254037844387,-0.4999999999999998,-0.7818314824680299,0.6234898018587334,0.0,0.0,0.0,0.0,2.74375,0.0,20.0,60.0,0
2026-08-23 09:00:00,1,0.0,0,9,6,23,8,1,0.7071067811865476,-0.7071067811865475,-0.7818314824680299,0.6234898018587334,0.0,0.0,0.0,0.0,2.74375,0.0,21.811733315717646,56.89417145876975,0
2026-08-23 10:00:00,1,40.27,1,10,6,23,8,1,0.49999999999999994,-0.8660254037844387,-0.7818314824680299,0.6234898018587334,0.0,0.0,0.0,0.0,2.74375,0.0,23.5,54.0,0
2026-08-23 11:00:00,1,0.0,0,11,6,23,8,1,0.258819045102521,-0.9659258262890682,-0.7818314824680299,0.6234898018587334,40.27,0.0,0.0,6.711666666666667,4.421666666666667,1.0,24.94974746830583,51.51471862576143,0
2026-08-23 12:00:00,1,0.0,0,12,6,23,8,1,1.2246467991473532e-16,-1.0,-0.7818314824680299,0.6234898018587334,0.0,18.55,0.0,6.711666666666667,4.421666666666667,0.0,26.06217782649107,49.607695154586736,0
2026-08-23 13:00:00,1,0.0,0,13,6,23,8,1,-0.2588190451025208,-0.9659258262890683,-0.7818314824680299,0.6234898018587334,0.0,16.06,0.0,6.711666666666667,3.64875,0.0,26.761480784023476,48.40889008453118,0
2026-08-23 14:00:00,1,0.0,0,14,6,23,8,1,-0.4999999999999997,-0.8660254037844388,-0.7818314824680299,0.6234898018587334,0.0,0.0,0.0,6.711666666666667,2.9795833333333337,0.0,27.0,48.0,0
2026-08-23 15:00:00,1,0.0,0,15,6,23,8,1,-0.7071067811865471,-0.7071067811865479,-0.7818314824680299,0.6234898018587334,0.0,0.0,0.0,6.711666666666667,2.9795833333333337,0.0,26.761480784023476,48.40889008453118,0
2026-08-23 16:00:00,1,0.0,0,16,6,23,8,1,-0.8660254037844384,-0.5000000000000004,-0.7818314824680299,0.6234898018587334,0.0,31.24,0.0,6.711666666666667,2.9795833333333337,0.0,26.062177826491073,49.607695154586736,0
2026-08-23 17:00:00,1,0.0,0,17,6,23,8,1,-0.9659258262890683,-0.25881904510252063,-0.7818314824680299,0.6234898018587334,0.0,0.0,0.0,0.0,1.6779166666666672,0.0,24.949747468305834,51.51471862576143,0
2026-08-23 18:00:00,1,0.0,0,18,6,23,8,1,-1.0,-1.8369701987210297e-16,-0.7818314824680299,0.6234898018587334,0.0,0.0,0.0,0.0,1.6779166666666672,0.0,23.5,54.0,0
2026-08-23 19:00:00,1,44.61,1,19,6,23,8,1,-0.9659258262890684,0.2588190451025203,-0.7818314824680299,0.6234898018587334,0.0,0.0,0.0,0.0,1.6779166666666672,0.0,21.811733315717646,56.89417145876975,0
2026-08-23 20:00:00,1,0.0,0,20,6,23,8,1,-0.8660254037844386,0.5000000000000001,-0.7818314824680299,0.6234898018587334,44.61,0.0,0.0,7.435,3.536666666666667,1.0,20.0,60.0,0
2026-08-23 21:00:00,1,0.0,0,21,6,23,8,1,-0.7071067811865477,0.7071067811865474,-0.7818314824680299,0.6234898018587334,0.0,0.0,0.0,7.435,3.536666666666667,0.0,18.188266684282354,63.10582854123025,0
2026-08-23 22:00:00,1,0.0,0,22,6,23,8,1,-0.5000000000000004,0.8660254037844384,-0.7818314824680299,0.6234898018587334,0.0,0.0,0.0,7.435,3.536666666666667,0.0,16.5,66.0,0
2026-08-23 23:00:00,1,0.0,0,23,6,23,8,1,-0.25881904510252157,0.9659258262890681,-0.7818314824680299,0.6234898018587334,0.0,0.0,0.0,7.435,3.536666666666667,0.0,15.05025253169417,68.48528137423857,0
2026-08-24 00:00:00,1,0.0,0,0,0,24,8,0,0.0,1.0,0.0,1.0,0.0,0.0,0.0,7.435,3.536666666666667,0.0,13.937822173508929,70.39230484541326,0
2026-08-24 01:00:00,1,0.0,0,1,0,24,8,0,0.25881904510252074,0.9659258262890683,0.0,1.0,0.0,0.0,0.0,7.435,3.536666666666667,0.0,13.238519215976522,71.59110991546882,0
2026-08-24 02:00:00,1,0.0,0,2,0,24,8,0,0.49999999999999994,0.8660254037844387,0.0,1.0,0.0,0.0,0.0,0.0,3.536666666666667,0.0,13.0,72.0,0
2026-08-24 03:00:00,1,0.0,0,3,0,24,8,0,0.7071067811865475,0.7071067811865476,0.0,1.0,0.0,0.0,0.0,0.0,3.536666666666667,0.0,13.238519215976522,71.59110991546882,0
2026-08-24 04:00:00,1,0.0,0,4,0,24,8,0,0.8660254037844386,0.5000000000000001,0.0,1.0,0.0,0.0,0.0,0.0,3.536666666666667,0.0,13.93782217350893,70.39230484541326,0
2026-08-24 05:00:00,1,0.0,0,5,0,24,8,0,0.9659258262890683,0.25881904510252074,0.0,1.0,0.0,0.0,0.0,0.0,3.536666666666667,0.0,15.050252531694168,68.48528137423857,0
2026-08-24 06:00:00,1,0.0,0,6,0,24,8,0,1.0,6.123233995736766e-17,0.0,1.0,0.0,0.0,0.0,0.0,3.536666666666667,0.0,16.5,66.0,0
2026-08-24 07:00:00,1,0.0,0,7,0,24,8,0,0.9659258262890683,-0.25881904510252063,0.0,1.0,0.0,0.0,0.0,0.0,3.536666666666667,0.0,18.188266684282354,63.10582854123025,0
2026-08-24 08:00:00,1,0.0,0,8,0,24,8,0,0.8660254037844387,-0.4999999999999998,0.0,1.0,0.0,0.0,0.0,0.0,3.536666666666667,0.0,20.0,60.0,0
2026-08-24 09:00:00,1,0.0,0,9,0,24,8,0,0.7071067811865476,-0.7071067811865475,0.0,1.0,0.0,0.0,0.0,0.0,3.536666666666667,0.0,21.811733315717646,56.89417145876975,0
2026-08-24 10:00:00,1,0.0,0,10,0,24,8,0,0.49999999999999994,-0.8660254037844387,0.0,1.0,0.0,40.27,0.0,0.0,3.536666666666667,0.0,23.5,54.0,0
2026-08-24 11:00:00,1,0.0,0,11,0,24,8,0,0.258819045102521,-0.9659258262890682,0.0,1.0,0.0,0.0,0.0,0.0,1.85875,0.0,24.94974746830583,51.51471862576143,0
2026-08-24 12:00:00,1,0.0,0,12,0,24,8,0,1.2246467991473532e-16,-1.0,0.0,1.0,0.0,0.0,0.0,0.0,1.85875,0.0,26.06217782649107,49.607695154586736,0
2026-08-24 13:00:00,1,0.0,0,13,0,24,8,0,-0.2588190451025208,-0.9659258262890683,0.0,1.0,0.0,0.0,0.0,0.0,1.85875,0.0,26.761480784023476,48.40889008453118,0
2026-08-24 14:00:00,1,0.0,0,14,0,24,8,0,-0.4999999999999997,-0.8660254037844388,0.0,1.0,0.0,0.0,0.0,0.0,1.85875,0.0,27.0,48.0,0
2026-08-24 15:00:00,1,0.0,0,15,0,24,8,0,-0.7071067811865471,-0.7071067811865479,0.0,1.0,0.0,0.0,0.0,0.0,1.85875,0.0,26.761480784023476,48.40889008453118,0
2026-08-24 16:00:00,1,0.0,0,16,0,24,8,0,-0.8660254037844384,-0.5000000000000004,0.0,1.0,0.0,0.0,0.0,0.0,1.85875,0.0,26.062177826491073,49.607695154586736,0
2026-08-24 17:00:00,1,0.0,0,17,0,24,8,0,-0.9659258262890683,-0.25881904510252063,0.0,1.0,0.0,0.0,0.0,0.0,1.85875,0.0,24.949747468305834,51.51471862576143,0
2026-08-24 18:00:00,1,0.0,0,18,0,24,8,0,-1.0,-1.8369701987210297e-16,0.0,1.0,0.0,0.0,0.0,0.0,1.85875,0.0,23.5,54.0,0
2026-08-24 19:00:00,1,0.0,0,19,0,24,8,0,-0.9659258262890684,0.2588190451025203,0.0,1.0,0.0,44.61,0.0,0.0,1.85875,0.0,21.811733315717646,56.89417145876975,0
2026-08-24 20:00:00,1,0.0,0,20,0,24,8,0,-0.8660254037844386,0.5000000000000001,0.0,1.0,0.0,0.0,0.0,0.0,0.0,0.0,20.0,60.0,0
2026-08-24 21:00:00,1,0.0,0,21,0,24,8,0,-0.7071067811865477,0.7071067811865474,0.0,1.0,0.0,0.0,0.0,0.0,0.0,0.0,18.188266684282354,63.10582854123025,0
2026-08-24 22:00:00,1,0.0,0,22,0,24,8,0,-0.5000000000000004,0.8660254037844384,0.0,1.0,0.0,0.0,0.0,0.0,0.0,0.0,16.5,66.0,0
2026-08-24 23:00:00,1,0.0,0,23,0,24,8,0,-0.25881904510252157,0.9659258262890681,0.0,1.0,0.0,0.0,0.0,0.0,0.0,0.0,15.05025253169417,68.48528137423857,0
2026-08-25 00:00:00,1,0.0,0,0,1,25,8,0,0.0,1.0,0.7818314824680298,0.6234898018587336,0.0,0.0,0.0,0.0,0.0,0.0,13.937822173508929,70.39230484541326,0
2026-08-25 01:00:00,1,0.0,0,1,1,25,8,0,0.25881904510252074,0.9659258262890683,0.7818314824680298,0.6234898018587336,0.0,0.0,0.0,0.0,0.0,0.0,13.238519215976522,71.59110991546882,0
2026-08-25 02:00:00,1,0.0,0,2,1,25,8,0,0.49999999999999994,0.8660254037844387,0.7818314824680298,0.6234898018587336,0.0,0.0,0.0,0.0,0.0,0.0,13.0,72.0,0
2026-08-25 03:00:00,1,0.0,0,3,1,25,8,0,0.7071067811865475,0.7071067811865476,0.7818314824680298,0.6234898018587336,0.0,0.0,0.0,0.0,0.0,0.0,13.238519215976522,71.59110991546882,0
2026-08-25 04:00:00,1,0.0,0,4,1,25,8,0,0.8660254037844386,0.5000000000000001,0.7818314824680298,0.6234898018587336,0.0,0.0,0.0,0.0,0.0,0.0,13.93782217350893,70.39230484541326,0
2026-08-25 05:00:00,1,0.0,0,5,1,25,8,0,0.9659258262890683,0.25881904510252074,0.7818314824680298,0.6234898018587336,0.0,0.0,0.0,0.0,0.0,0.0,15.050252531694168,68.48528137423857,0
2026-08-25 06:00:00,1,0.0,0,6,1,25,8,0,1.0,6.123233995736766e-17,0.7818314824680298,0.6234898018587336,0.0,0.0,0.0,0.0,0.0,0.0,16.5,66.0,0
2026-08-25 07:00:00,1,0.0,0,7,1,25,8,0,0.9659258262890683,-0.25881904510252063,0.7818314824680298,0.6234898018587336,0.0,0.0,0.0,0.0,0.0,0.0,18.188266684282354,63.10582854123025,0
2026-08-25 08:00:00,1,0.0,0,8,1,25,8,0,0.8660254037844387,-0.4999999999999998,0.7818314824680298,0.6234898018587336,0.0,0.0,0.0,0.0,0.0,0.0,20.0,60.0,0
2026-08-25 09:00:00,1,0.0,0,9,1,25,8,0,0.7071067811865476,-0.7071067811865475,0.7818314824680298,0.6234898018587336,0.0,0.0,0.0,0.0,0.0,0.0,21.811733315717646,56.89417145876975,0
2026-08-25 10:00:00,1,0.0,0,10,1,25,8,0,0.49999999999999994,-0.8660254037844387,0.7818314824680298,0.6234898018587336,0.0,0.0,0.0,0.0,0.0,0.0,23.5,54.0,0
2026-08-25 11:00:00,1,0.0,0,11,1,25,8,0,0.258819045102521,-0.9659258262890682,0.7818314824680298,0.6234898018587336,0.0,0.0,0.0,0.0,0.0,0.0,24.94974746830583,51.51471862576143,0
2026-08-25 12:00:00,1,0.0,0,12,1,25,8,0,1.2246467991473532e-16,-1.0,0.7818314824680298,0.6234898018587336,0.0,0.0,0.0,0.0,0.0,0.0,26.06217782649107,49.607695154586736,0
2026-08-25 13:00:00,1,0.0,0,13,1,25,8,0,-0.2588190451025208,-0.9659258262890683,0.7818314824680298,0.6234898018587336,0.0,0.0,0.0,0.0,0.0,0.0,26.761480784023476,48.40889008453118,0
2026-08-25 14:00:00,1,0.0,0,14,1,25,8,0,-0.4999999999999997,-0.8660254037844388,0.7818314824680298,0.6234898018587336,0.0,0.0,0.0,0.0,0.0,0.0,27.0,48.0,0
2026-08-25 15:00:00,1,0.0,0,15,1,25,8,0,-0.7071067811865471,-0.7071067811865479,0.7818314824680298,0.6234898018587336,0.0,0.0,0.0,0.0,0.0,0.0,26.761480784023476,48.40889008453118,0
2026-08-25 16:00:00,1,0.0,0,16,1,25,8,0,-0.8660254037844384,-0.5000000000000004,0.7818314824680298,0.6234898018587336,0.0,0.0,0.0,0.0,0.0,0.0,26.062177826491073,49.607695154586736,0
2026-08-25 17:00:00,1,58.97,1,17,1,25,8,0,-0.9659258262890683,-0.25881904510252063,0.7818314824680298,0.6234898018587336,0.0,0.0,0.0,0.0,0.0,0.0,24.949747468305834,51.51471862576143,0
2026-08-25 18:00:00,1,0.0,0,18,1,25,8,0,-1.0,-1.8369701987210297e-16,0.7818314824680298,0.6234898018587336,58.97,0.0,0.0,9.828333333333333,2.4570833333333333,1.0,23.5,54.0,0
2026-08-25 19:00:00,1,0.0,0,19,1,25,8,0,-0.9659258262890684,0.2588190451025203,0.7818314824680298,0.6234898018587336,0.0,0.0,0.0,9.828333333333333,2.4570833333333333,0.0,21.811733315717646,56.89417145876975,0
2026-08-25 20:00:00,1,0.0,0,20,1,25,8,0,-0.8660254037844386,0.5000000000000001,0.7818314824680298,0.6234898018587336,0.0,0.0,0.0,9.828333333333333,2.4570833333333333,0.0,20.0,60.0,0
2026-08-25 21:00:00,1,0.0,0,21,1,25,8,0,-0.7071067811865477,0.7071067811865474,0.7818314824680298,0.6234898018587336,0.0,0.0,45.65,9.828333333333333,2.4570833333333333,0.0,18.188266684282354,63.10582854123025,0
2026-08-25 22:00:00,1,0.0,0,22,1,25,8,0,-0.5000000000000004,0.8660254037844384,0.7818314824680298,0.6234898018587336,0.0,0.0,0.0,9.828333333333333,2.4570833333333333,0.0,16.5,66.0,0
2026-08-25 23:00:00,1,0.0,0,23,1,25,8,0,-0.25881904510252157,0.9659258262890681,0.7818314824680298,0.6234898018587336,0.0,0.0,0.0,9.828333333333333,2.4570833333333333,0.0,15.05025253169417,68.48528137423857,0
2026-08-26 00:00:00,1,0.0,0,0,2,26,8,0,0.0,1.0,0.9749279121818236,-0.22252093395631434,0.0,0.0,0.0,0.0,2.4570833333333333,0.0,13.937822173508929,70.39230484541326,1
2026-08-26 01:00:00,1,0.0,0,1,2,26,8,0,0.25881904510252074,0.9659258262890683,0.9749279121818236,-0.22252093395631434,0.0,0.0,0.0,0.0,2.4570833333333333,0.0,13.238519215976522,71.59110991546882,1
2026-08-26 02:00:00,1,0.0,0,2,2,26,8,0,0.49999999999999994,0.8660254037844387,0.9749279121818236,-0.22252093395631434,0.0,0.0,0.0,0.0,2.4570833333333333,0.0,13.0,72.0,1
2026-08-26 03:00:00,1,0.0,0,3,2,26,8,0,0.7071067811865475,0.7071067811865476,0.9749279121818236,-0.22252093395631434,0.0,0.0,0.0,0.0,2.4570833333333333,0.0,13.238519215976522,71.59110991546882,1
2026-08-26 04:00:00,1,0.0,0,4,2,26,8,0,0.8660254037844386,0.5000000000000001,0.9749279121818236,-0.22252093395631434,0.0,0.0,0.0,0.0,2.4570833333333333,0.0,13.93782217350893,70.39230484541326,1
2026-08-26 05:00:00,1,0.0,0,5,2,26,8,0,0.9659258262890683,0.25881904510252074,0.9749279121818236,-0.22252093395631434,0.0,0.0,0.0,0.0,2.4570833333333333,0.0,15.050252531694168,68.48528137423857,1
2026-08-26 06:00:00,1,0.0,0,6,2,26,8,0,1.0,6.123233995736766e-17,0.9749279121818236,-0.22252093395631434,0.0,0.0,0.0,0.0,2.4570833333333333,0.0,16.5,66.0,1
2026-08-26 07:00:00,1,0.0,0,7,2,26,8,0,0.9659258262890683,-0.25881904510252063,0.9749279121818236,-0.22252093395631434,0.0,0.0,0.0,0.0,2.4570833333333333,0.0,18.188266684282354,63.10582854123025,1
2026-08-26 08:00:00,1,0.0,0,8,2,26,8,0,0.8660254037844387,-0.4999999999999998,0.9749279121818236,-0.22252093395631434,0.0,0.0,0.0,0.0,2.4570833333333333,0.0,20.0,60.0,1
2026-08-26 09:00:00,1,0.0,0,9,2,26,8,0,0.7071067811865476,-0.7071067811865475,0.9749279121818236,-0.22252093395631434,0.0,0.0,0.0,0.0,2.4570833333333333,0.0,21.811733315717646,56.89417145876975,1
2026-08-26 10:00:00,1,0.0,0,10,2,26,8,0,0.49999999999999994,-0.8660254037844387,0.9749279121818236,-0.22252093395631434,0.0,0.0,0.0,0.0,2.4570833333333333,0.0,23.5,54.0,1
2026-08-26 11:00:00,1,0.0,0,11,2,26,8,0,0.258819045102521,-0.9659258262890682,0.9749279121818236,-0.22252093395631434,0.0,0.0,0.0,0.0,2.4570833333333333,0.0,24.94974746830583,51.51471862576143,1
2026-08-26 12:00:00,1,0.0,0,12,2,26,8,0,1.2246467991473532e-16,-1.0,0.9749279121818236,-0.22252093395631434,0.0,0.0,0.0,0.0,2.4570833333333333,0.0,26.06217782649107,49.607695154586736,1
2026-08-26 13:00:00,1,0.0,0,13,2,26,8,0,-0.2588190451025208,-0.9659258262890683,0.9749279121818236,-0.22252093395631434,0.0,0.0,0.0,0.0,2.4570833333333333,0.0,26.761480784023476,48.40889008453118,1
2026-08-26 14:00:00,1,0.0,0,14,2,26,8,0,-0.4999999999999997,-0.8660254037844388,0.9749279121818236,-0.22252093395631434,0.0,0.0,0.0,0.0,2.4570833333333333,0.0,27.0,48.0,1
2026-08-26 15:00:00,1,24.31,1,15,2,26,8,0,-0.7071067811865471,-0.7071067811865479,0.9749279121818236,-0.22252093395631434,0.0,0.0,0.0,0.0,2.4570833333333333,0.0,26.761480784023476,48.40889008453118,1
2026-08-26 16:00:00,1,0.0,0,16,2,26,8,0,-0.8660254037844384,-0.5000000000000004,0.9749279121818236,-0.22252093395631434,24.31,0.0,0.0,4.051666666666667,3.47,1.0,26.062177826491073,49.607695154586736,1
2026-08-26 17:00:00,1,0.0,0,17,2,26,8,0,-0.9659258262890683,-0.25881904510252063,0.9749279121818236,-0.22252093395631434,0.0,58.97,0.0,4.051666666666667,3.47,0.0,24.949747468305834,51.51471862576143,1
2026-08-26 18:00:00,1,0.0,0,18,2,26,8,0,-1.0,-1.8369701987210297e-16,0.9749279121818236,-0.22252093395631434,0.0,0.0,0.0,4.051666666666667,1.0129166666666667,0.0,23.5,54.0,1
2026-08-26 19:00:00,1,0.0,0,19,2,26,8,0,-0.9659258262890684,0.2588190451025203,0.9749279121818236,-0.22252093395631434,0.0,0.0,0.0,4.051666666666667,1.0129166666666667,0.0,21.811733315717646,56.89417145876975,1
2026-08-26 20:00:00,1,0.0,0,20,2,26,8,0,-0.8660254037844386,0.5000000000000001,0.9749279121818236,-0.22252093395631434,0.0,0.0,0.0,4.051666666666667,1.0129166666666667,0.0,20.0,60.0,1
2026-08-26 21:00:00,1,0.0,0,21,2,26,8,0,-0.7071067811865477,0.7071067811865474,0.9749279121818236,-0.22252093395631434,0.0,0.0,0.0,4.051666666666667,1.0129166666666667,0.0,18.188266684282354,63.10582854123025,1
2026-08-26 22:00:00,1,0.0,0,22,2,26,8,0,-0.5000000000000004,0.8660254037844384,0.9749279121818236,-0.22252093395631434,0.0,0.0,0.0,0.0,1.0129166666666667,0.0,16.5,66.0,1
2026-08-26 23:00:00,1,0.0,0,23,2,26,8,0,-0.25881904510252157,0.9659258262890681,0.9749279121818236,-0.22252093395631434,0.0,0.0,0.0,0.0,1.0129166666666667,0.0,15.05025253169417,68.48528137423857,1
2026-08-27 00:00:00,1,0.0,0,0,3,27,8,0,0.0,1.0,0.43388373911755823,-0.900968867902419,0.0,0.0,0.0,0.0,1.0129166666666667,0.0,13.937822173508929,70.39230484541326,0
2026-08-27 01:00:00,1,0.0,0,1,3,27,8,0,0.25881904510252074,0.9659258262890683,0.43388373911755823,-0.900968867902419,0.0,0.0,0.0,0.0,1.0129166666666667,0.0,13.238519215976522,71.59110991546882,0
2026-08-27 02:00:00,1,0.0,0,2,3,27,8,0,0.49999999999999994,0.8660254037844387,0.43388373911755823,-0.900968867902419,0.0,0.0,0.0,0.0,1.0129166666666667,0.0,13.0,72.0,0
2026-08-27 03:00:00,1,0.0,0,3,3,27,8,0,0.7071067811865475,0.7071067811865476,0.43388373911755823,-0.900968867902419,0.0,0.0,0.0,0.0,1.0129166666666667,0.0,13.238519215976522,71.59110991546882,0
2026-08-27 04:00:00,1,0.0,0,4,3,27,8,0,0.8660254037844386,0.5000000000000001,0.43388373911755823,-0.900968867902419,0.0,0.0,0.0,0.0,1.0129166666666667,0.0,13.93782217350893,70.39230484541326,0
2026-08-27 05:00:00,1,0.0,0,5,3,27,8,0,0.9659258262890683,0.25881904510252074,0.43388373911755823,-0.900968867902419,0.0,0.0,0.0,0.0,1.0129166666666667,0.0,15.050252531694168,68.48528137423857,0
2026-08-27 06:00:00,1,0.0,0,6,3,27,8,0,1.0,6.123233995736766e-17,0.43388373911755823,-0.900968867902419,0.0,0.0,0.0,0.0,1.0129166666666667,0.0,16.5,66.0,0
2026-08-27 07:00:00,1,0.0,0,7,3,27,8,0,0.9659258262890683,-0.25881904510252063,0.43388373911755823,-0.900968867902419,0.0,0.0,15.33,0.0,1.0129166666666667,0.0,18.188266684282354,63.10582854123025,0
2026-08-27 08:00:00,1,0.0,0,8,3,27,8,0,0.8660254037844387,-0.4999999999999998,0.43388373911755823,-0.900968867902419,0.0,0.0,0.0,0.0,1.0129166666666667,0.0,20.0,60.0,0
2026-08-27 09:00:00,1,0.0,0,9,3,27,8,0,0.7071067811865476,-0.7071067811865475,0.43388373911755823,-0.900968867902419,0.0,0.0,0.0,0.0,1.0129166666666667,0.0,21.811733315717646,56.89417145876975,0
2026-08-27 10:00:00,1,0.0,0,10,3,27,8,0,0.49999999999999994,-0.8660254037844387,0.43388373911755823,-0.900968867902419,0.0,0.0,0.0,0.0,1.0129166666666667,0.0,23.5,54.0,0
2026-08-27 11:00:00,1,0.0,0,11,3,27,8,0,0.258819045102521,-0.9659258262890682,0.43388373911755823,-0.900968867902419,0.0,0.0,0.0,0.0,1.0129166666666667,0.0,24.94974746830583,51.51471862576143,0
2026-08-27 12:00:00,1,0.0,0,12,3,27,8,0,1.2246467991473532e-16,-1.0,0.43388373911755823,-0.900968867902419,0.0,0.0,0.0,0.0,1.0129166666666667,0.0,26.06217782649107,49.607695154586736,0
2026-08-27 13:00:00,1,0.0,0,13,3,27,8,0,-0.2588190451025208,-0.9659258262890683,0.43388373911755823,-0.900968867902419,0.0,0.0,0.0,0.0,1.0129166666666667,0.0,26.761480784023476,48.40889008453118,0
2026-08-27 14:00:00,1,0.0,0,14,3,27,8,0,-0.4999999999999997,-0.8660254037844388,0.43388373911755823,-0.900968867902419,0.0,0.0,0.0,0.0,1.0129166666666667,0.0,27.0,48.0,0
2026-08-27 15:00:00,1,0.0,0,15,3,27,8,0,-0.7071067811865471,-0.7071067811865479,0.43388373911755823,-0.900968867902419,0.0,24.31,0.0,0.0,1.0129166666666667,0.0,26.761480784023476,48.40889008453118,0
2026-08-27 16:00:00,1,0.0,0,16,3,27,8,0,-0.8660254037844384,-0.5000000000000004,0.43388373911755823,-0.900968867902419,0.0,0.0,0.0,0.0,0.0,0.0,26.062177826491073,49.607695154586736,0
2026-08-27 17:00:00,1,0.0,0,17,3,27,8,0,-0.9659258262890683,-0.25881904510252063,0.43388373911755823,-0.900968867902419,0.0,0.0,0.0,0.0,0.0,0.0,24.949747468305834,51.51471862576143,0
2026-08-27 18:00:00,1,0.0,0,18,3,27,8,0,-1.0,-1.8369701987210297e-16,0.43388373911755823,-0.900968867902419,0.0,0.0,0.0,0.0,0.0,0.0,23.5,54.0,0
2026-08-27 19:00:00,1,0.0,0,19,3,27,8,0,-0.9659258262890684,0.2588190451025203,0.43388373911755823,-0.900968867902419,0.0,0.0,0.0,0.0,0.0,0.0,21.811733315717646,56.89417145876975,0
2026-08-27 20:00:00,1,0.0,0,20,3,27,8,0,-0.8660254037844386,0.5000000000000001,0.43388373911755823,-0.900968867902419,0.0,0.0,0.0,0.0,0.0,0.0,20.0,60.0,0
2026-08-27 21:00:00,1,0.0,0,21,3,27,8,0,-0.7071067811865477,0.7071067811865474,0.43388373911755823,-0.900968867902419,0.0,0.0,0.0,0.0,0.0,0.0,18.188266684282354,63.10582854123025,0
2026-08-27 22:00:00,1,0.0,0,22,3,27,8,0,-0.5000000000000004,0.8660254037844384,0.43388373911755823,-0.900968867902419,0.0,0.0,0.0,0.0,0.0,0.0,16.5,66.0,0
2026-08-27 23:00:00,1,0.0,0,23,3,27,8,0,-0.25881904510252157,0.9659258262890681,0.43388373911755823,-0.900968867902419,0.0,0.0,0.0,0.0,0.0,0.0,15.05025253169417,68.48528137423857,0
2026-08-28 00:00:00,1,0.0,0,0,4,28,8,0,0.0,1.0,-0.433883739117558,-0.9009688679024191,0.0,0.0,0.0,0.0,0.0,0.0,13.937822173508929,70.39230484541326,0
2026-08-28 01:00:00,1,0.0,0,1,4,28,8,0,0.25881904510252074,0.9659258262890683,-0.433883739117558,-0.9009688679024191,0.0,0.0,0.0,0.0,0.0,0.0,13.238519215976522,71.59110991546882,0
2026-08-28 02:00:00,1,0.0,0,2,4,28,8,0,0.49999999999999994,0.8660254037844387,-0.433883739117558,-0.9009688679024191,0.0,0.0,0.0,0.0,0.0,0.0,13.0,72.0,0
2026-08-28 03:00:00,1,0.0,0,3,4,28,8,0,0.7071067811865475,0.7071067811865476,-0.433883739117558,-0.9009688679024191,0.0,0.0,0.0,0.0,0.0,0.0,13.238519215976522,71.59110991546882,0
2026-08-28 04:00:00,1,0.0,0,4,4,28,8,0,0.8660254037844386,0.5000000000000001,-0.433883739117558,-0.9009688679024191,0.0,0.0,0.0,0.0,0.0,0.0,13.93782217350893,70.39230484541326,0
2026-08-28 05:00:00,1,0.0,0,5,4,28,8,0,0.9659258262890683,0.25881904510252074,-0.433883739117558,-0.9009688679024191,0.0,0.0,0.0,0.0,0.0,0.0,15.050252531694168,68.48528137423857,0
2026-08-28 06:00:00,1,0.0,0,6,4,28,8,0,1.0,6.123233995736766e-17,-0.433883739117558,-0.9009688679024191,0.0,0.0,0.0,0.0,0.0,0.0,16.5,66.0,0
2026-08-28 07:00:00,1,53.57,1,7,4,28,8,0,0.9659258262890683,-0.25881904510252063,-0.433883739117558,-0.9009688679024191,0.0,0.0,0.0,0.0,0.0,0.0,18.188266684282354,63.10582854123025,0
2026-08-28 08:00:00,1,0.0,0,8,4,28,8,0,0.8660254037844387,-0.4999999999999998,-0.433883739117558,-0.9009688679024191,53.57,0.0,0.0,8.928333333333333,2.232083333333333,1.0,20.0,60.0,0
2026-08-28 09:00:00,1,0.0,0,9,4,28,8,0,0.7071067811865476,-0.7071067811865475,-0.433883739117558,-0.9009688679024191,0.0,0.0,0.0,8.928333333333333,2.232083333333333,0.0,21.811733315717646,56.89417145876975,0
2026-08-28 10:00:00,1,0.0,0,10,4,28,8,0,0.49999999999999994,-0.8660254037844387,-0.433883739117558,-0.9009688679024191,0.0,0.0,0.0,8.928333333333333,2.232083333333333,0.0,23.5,54.0,0
2026-08-28 11:00:00,1,0.0,0,11,4,28,8,0,0.258819045102521,-0.9659258262890682,-0.433883739117558,-0.9009688679024191,0.0,0.0,0.0,8.928333333333333,2.232083333333333,0.0,24.94974746830583,51.51471862576143,0
2026-08-28 12:00:00,1,0.0,0,12,4,28,8,0,1.2246467991473532e-16,-1.0,-0.433883739117558,-0.9009688679024191,0.0,0.0,0.0,8.928333333333333,2.232083333333333,0.0,26.06217782649107,49.607695154586736,0
2026-08-28 13:00:00,1,0.0,0,13,4,28,8,0,-0.2588190451025208,-0.9659258262890683,-0.433883739117558,-0.9009688679024191,0.0,0.0,0.0,8.928333333333333,2.232083333333333,0.0,26.761480784023476,48.40889008453118,0
2026-08-28 14:00:00,1,0.0,0,14,4,28,8,0,-0.4999999999999997,-0.8660254037844388,-0.433883739117558,-0.9009688679024191,0.0,0.0,0.0,0.0,2.232083333333333,0.0,27.0,48.0,0
2026-08-28 15:00:00,1,0.0,0,15,4,28,8,0,-0.7071067811865471,-0.7071067811865479,-0.433883739117558,-0.9009688679024191,0.0,0.0,0.0,0.0,2.232083333333333,0.0,26.761480784023476,48.40889008453118,0
2026-08-28 16:00:00,1,0.0,0,16,4,28,8,0,-0.8660254037844384,-0.5000000000000004,-0.433883739117558,-0.9009688679024191,0.0,0.0,0.0,0.0,2.232083333333333,0.0,26.062177826491073,49.607695154586736,0
2026-08-28 17:00:00,1,0.0,0,17,4,28,8,0,-0.9659258262890683,-0.25881904510252063,-0.433883739117558,-0.9009688679024191,0.0,0.0,0.0,0.0,2.232083333333333,0.0,24.949747468305834,51.51471862576143,0
2026-08-28 18:00:00,1,0.0,0,18,4,28,8,0,-1.0,-1.8369701987210297e-16,-0.433883739117558,-0.9009688679024191,0.0,0.0,45.16,0.0,2.232083333333333,0.0,23.5,54.0,0
2026-08-28 19:00:00,1,0.0,0,19,4,28,8,0,-0.9659258262890684,0.2588190451025203,-0.433883739117558,-0.9009688679024191,0.0,0.0,0.0,0.0,2.232083333333333,0.0,21.811733315717646,56.89417145876975,0
2026-08-28 20:00:00,1,0.0,0,20,4,28,8,0,-0.8660254037844386,0.5000000000000001,-0.433883739117558,-0.9009688679024191,0.0,0.0,0.0,0.0,2.232083333333333,0.0,20.0,60.0,0
2026-08-28 21:00:00,1,38.74,1,21,4,28,8,0,-0.7071067811865477,0.7071067811865474,-0.433883739117558,-0.9009688679024191,0.0,0.0,0.0,0.0,2.232083333333333,0.0,18.188266684282354,63.10582854123025,0
2026-08-28 22:00:00,1,0.0,0,22,4,28,8,0,-0.5000000000000004,0.8660254037844384,-0.433883739117558,-0.9009688679024191,38.74,0.0,0.0,6.456666666666667,3.84625,1.0,16.5,66.0,0
2026-08-28 23:00:00,1,0.0,0,23,4,28,8,0,-0.25881904510252157,0.9659258262890681,-0.433883739117558,-0.9009688679024191,0.0,0.0,0.0,6.456666666666667,3.84625,0.0,15.05025253169417,68.48528137423857,0
2026-08-29 00:00:00,1,0.0,0,0,5,29,8,1,0.0,1.0,-0.9749279121818236,-0.2225209339563146,0.0,0.0,0.0,6.456666666666667,3.84625,0.0,13.937822173508929,70.39230484541326,0
2026-08-29 01:00:00,1,0.0,0,1,5,29,8,1,0.25881904510252074,0.9659258262890683,-0.9749279121818236,-0.2225209339563146,0.0,0.0,0.0,6.456666666666667,3.84625,0.0,13.238519215976522,71.59110991546882,0
2026-08-29 02:00:00,1,0.0,0,2,5,29,8,1,0.49999999999999994,0.8660254037844387,-0.9749279121818236,-0.2225209339563146,0.0,0.0,0.0,6.456666666666667,3.84625,0.0,13.0,72.0,0
2026-08-29 03:00:00,1,0.0,0,3,5,29,8,1,0.7071067811865475,0.7071067811865476,-0.9749279121818236,-0.2225209339563146,0.0,0.0,0.0,6.456666666666667,3.84625,0.0,13.238519215976522,71.59110991546882,0
2026-08-29 04:00:00,1,0.0,0,4,5,29,8,1,0.8660254037844386,0.5000000000000001,-0.9749279121818236,-0.2225209339563146,0.0,0.0,0.0,0.0,3.84625,0.0,13.93782217350893,70.39230484541326,0
2026-08-29 05:00:00,1,0.0,0,5,5,29,8,1,0.9659258262890683,0.25881904510252074,-0.9749279121818236,-0.2225209339563146,0.0,0.0,0.0,0.0,3.84625,0.0,15.050252531694168,68.48528137423857,0
2026-08-29 06:00:00,1,0.0,0,6,5,29,8,1,1.0,6.123233995736766e-17,-0.9749279121818236,-0.2225209339563146,0.0,0.0,0.0,0.0,3.84625,0.0,16.5,66.0,0
2026-08-29 07:00:00,1,0.0,0,7,5,29,8,1,0.9659258262890683,-0.25881904510252063,-0.9749279121818236,-0.2225209339563146,0.0,53.57,0.0,0.0,3.84625,0.0,18.188266684282354,63.10582854123025,0
2026-08-29 08:00:00,1,0.0,0,8,5,29,8,1,0.8660254037844387,-0.4999999999999998,-0.9749279121818236,-0.2225209339563146,0.0,0.0,0.0,0.0,1.6141666666666667,0.0,20.0,60.0,0
2026-08-29 09:00:00,1,0.0,0,9,5,29,8,1,0.7071067811865476,-0.7071067811865475,-0.9749279121818236,-0.2225209339563146,0.0,0.0,0.0,0.0,1.6141666666666667,0.0,21.811733315717646,56.89417145876975,0
2026-08-29 10:00:00,1,0.0,0,10,5,29,8,1,0.49999999999999994,-0.8660254037844387,-0.9749279121818236,-0.2225209339563146,0.0,0.0,0.0,0.0,1.6141666666666667,0.0,23.5,54.0,0
2026-08-29 11:00:00,1,0.0,0,11,5,29,8,1,0.258819045102521,-0.9659258262890682,-0.9749279121818236,-0.2225209339563146,0.0,0.0,0.0,0.0,1.6141666666666667,0.0,24.94974746830583,51.51471862576143,0
2026-08-29 12:00:00,1,0.0,0,12,5,29,8,1,1.2246467991473532e-16,-1.0,-0.9749279121818236,-0.2225209339563146,0.0,0.0,18.55,0.0,1.6141666666666667,0.0,26.06217782649107,49.607695154586736,0
2026-08-29 13:00:00,1,0.0,0,13,5,29,8,1,-0.2588190451025208,-0.9659258262890683,-0.9749279121818236,-0.2225209339563146,0.0,0.0,16.06,0.0,1.6141666666666667,0.0,26.761480784023476,48.40889008453118,0
2026-08-29 14:00:00,1,0.0,0,14,5,29,8,1,-0.4999999999999997,-0.8660254037844388,-0.9749279121818236,-0.2225209339563146,0.0,0.0,0.0,0.0,1.6141666666666667,0.0,27.0,48.0,0
2026-08-29 15:00:00,1,0.0,0,15,5,29,8,1,-0.7071067811865471,-0.7071067811865479,-0.9749279121818236,-0.2225209339563146,0.0,0.0,0.0,0.0,1.6141666666666667,0.0,26.761480784023476,48.40889008453118,0
2026-08-29 16:00:00,1,0.0,0,16,5,29,8,1,-0.8660254037844384,-0.5000000000000004,-0.9749279121818236,-0.2225209339563146,0.0,0.0,31.24,0.0,1.6141666666666667,0.0,26.062177826491073,49.607695154586736,0
2026-08-29 17:00:00,1,0.0,0,17,5,29,8,1,-0.9659258262890683,-0.25881904510252063,-0.9749279121818236,-0.2225209339563146,0.0,0.0,0.0,0.0,1.6141666666666667,0.0,24.949747468305834,51.51471862576143,0
2026-08-29 18:00:00,1,0.0,0,18,5,29,8,1,-1.0,-1.8369701987210297e-16,-0.9749279121818236,-0.2225209339563146,0.0,0.0,0.0,0.0,1.6141666666666667,0.0,23.5,54.0,0
2026-08-29 19:00:00,1,0.0,0,19,5,29,8,1,-0.9659258262890684,0.2588190451025203,-0.9749279121818236,-0.2225209339563146,0.0,0.0,0.0,0.0,1.6141666666666667,0.0,21.811733315717646,56.89417145876975,0
2026-08-29 20:00:00,1,0.0,0,20,5,29,8,1,-0.8660254037844386,0.5000000000000001,-0.9749279121818236,-0.2225209339563146,0.0,0.0,0.0,0.0,1.6141666666666667,0.0,20.0,60.0,0
2026-08-29 21:00:00,1,0.0,0,21,5,29,8,1,-0.7071067811865477,0.7071067811865474,-0.9749279121818236,-0.2225209339563146,0.0,38.74,0.0,0.0,1.6141666666666667,0.0,18.188266684282354,63.10582854123025,0
2026-08-29 22:00:00,1,0.0,0,22,5,29,8,1,-0.5000000000000004,0.8660254037844384,-0.9749279121818236,-0.2225209339563146,0.0,0.0,0.0,0.0,0.0,0.0,16.5,66.0,0
2026-08-29 23:00:00,1,0.0,0,23,5,29,8,1,-0.25881904510252157,0.9659258262890681,-0.9749279121818236,-0.2225209339563146,0.0,0.0,0.0,0.0,0.0,0.0,15.05025253169417,68.48528137423857,0
2026-08-30 00:00:00,1,0.0,0,0,6,30,8,1,0.0,1.0,-0.7818314824680299,0.6234898018587334,0.0,0.0,0.0,0.0,0.0,0.0,13.937822173508929,70.39230484541326,0
2026-08-30 01:00:00,1,0.0,0,1,6,30,8,1,0.25881904510252074,0.9659258262890683,-0.7818314824680299,0.6234898018587334,0.0,0.0,0.0,0.0,0.0,0.0,13.238519215976522,71.59110991546882,0
2026-08-30 02:00:00,1,0.0,0,2,6,30,8,1,0.49999999999999994,0.8660254037844387,-0.7818314824680299,0.6234898018587334,0.0,0.0,0.0,0.0,0.0,0.0,13.0,72.0,0
2026-08-30 03:00:00,1,0.0,0,3,6,30,8,1,0.7071067811865475,0.7071067811865476,-0.7818314824680299,0.6234898018587334,0.0,0.0,0.0,0.0,0.0,0.0,13.238519215976522,71.59110991546882,0
2026-08-30 04:00:00,1,0.0,0,4,6,30,8,1,0.8660254037844386,0.5000000000000001,-0.7818314824680299,0.6234898018587334,0.0,0.0,0.0,0.0,0.0,0.0,13.93782217350893,70.39230484541326,0
2026-08-30 05:00:00,1,0.0,0,5,6,30,8,1,0.9659258262890683,0.25881904510252074,-0.7818314824680299,0.6234898018587334,0.0,0.0,0.0,0.0,0.0,0.0,15.050252531694168,68.48528137423857,0
2026-08-30 06:00:00,1,0.0,0,6,6,30,8,1,1.0,6.123233995736766e-17,-0.7818314824680299,0.6234898018587334,0.0,0.0,0.0,0.0,0.0,0.0,16.5,66.0,0
2026-08-30 07:00:00,1,0.0,0,7,6,30,8,1,0.9659258262890683,-0.25881904510252063,-0.7818314824680299,0.6234898018587334,0.0,0.0,0.0,0.0,0.0,0.0,18.188266684282354,63.10582854123025,0
2026-08-30 08:00:00,1,0.0,0,8,6,30,8,1,0.8660254037844387,-0.4999999999999998,-0.7818314824680299,0.6234898018587334,0.0,0.0,0.0,0.0,0.0,0.0,20.0,60.0,0
2026-08-30 09:00:00,1,0.0,0,9,6,30,8,1,0.7071067811865476,-0.7071067811865475,-0.7818314824680299,0.6234898018587334,0.0,0.0,0.0,0.0,0.0,0.0,21.811733315717646,56.89417145876975,0
2026-08-30 10:00:00,1,0.0,0,10,6,30,8,1,0.49999999999999994,-0.8660254037844387,-0.7818314824680299,0.6234898018587334,0.0,0.0,40.27,0.0,0.0,0.0,23.5,54.0,0
2026-08-30 11:00:00,1,0.0,0,11,6,30,8,1,0.258819045102521,-0.9659258262890682,-0.7818314824680299,0.6234898018587334,0.0,0.0,0.0,0.0,0.0,0.0,24.94974746830583,51.51471862576143,0
2026-08-30 12:00:00,1,0.0,0,12,6,30,8,1,1.2246467991473532e-16,-1.0,-0.7818314824680299,0.6234898018587334,0.0,0.0,0.0,0.0,0.0,0.0,26.06217782649107,49.607695154586736,0
2026-08-30 13:00:00,1,0.0,0,13,6,30,8,1,-0.2588190451025208,-0.9659258262890683,-0.7818314824680299,0.6234898018587334,0.0,0.0,0.0,0.0,0.0,0.0,26.761480784023476,48.40889008453118,0
2026-08-30 14:00:00,1,0.0,0,14,6,30,8,1,-0.4999999999999997,-0.8660254037844388,-0.7818314824680299,0.6234898018587334,0.0,0.0,0.0,0.0,0.0,0.0,27.0,48.0,0
2026-08-30 15:00:00,1,0.0,0,15,6,30,8,1,-0.7071067811865471,-0.7071067811865479,-0.7818314824680299,0.6234898018587334,0.0,0.0,0.0,0.0,0.0,0.0,26.761480784023476,48.40889008453118,0
2026-08-30 16:00:00,1,31.21,1,16,6,30,8,1,-0.8660254037844384,-0.5000000000000004,-0.7818314824680299,0.6234898018587334,0.0,0.0,0.0,0.0,0.0,0.0,26.062177826491073,49.607695154586736,0
2026-08-30 17:00:00,1,0.0,0,17,6,30,8,1,-0.9659258262890683,-0.25881904510252063,-0.7818314824680299,0.6234898018587334,31.21,0.0,0.0,5.201666666666667,1.3004166666666668,1.0,24.949747468305834,51.51471862576143,0
2026-08-30 18:00:00,1,0.0,0,18,6,30,8,1,-1.0,-1.8369701987210297e-16,-0.7818314824680299,0.6234898018587334,0.0,0.0,0.0,5.201666666666667,1.3004166666666668,0.0,23.5,54.0,0
2026-08-30 19:00:00,1,0.0,0,19,6,30,8,1,-0.9659258262890684,0.2588190451025203,-0.7818314824680299,0.6234898018587334,0.0,0.0,44.61,5.201666666666667,1.3004166666666668,0.0,21.811733315717646,56.89417145876975,0
2026-08-30 20:00:00,1,0.0,0,20,6,30,8,1,-0.8660254037844386,0.5000000000000001,-0.7818314824680299,0.6234898018587334,0.0,0.0,0.0,5.201666666666667,1.3004166666666668,0.0,20.0,60.0,0
2026-08-30 21:00:00,1,0.0,0,21,6,30,8,1,-0.7071067811865477,0.7071067811865474,-0.7818314824680299,0.6234898018587334,0.0,0.0,0.0,5.201666666666667,1.3004166666666668,0.0,18.188266684282354,63.10582854123025,0
2026-08-30 22:00:00,1,0.0,0,22,6,30,8,1,-0.5000000000000004,0.8660254037844384,-0.7818314824680299,0.6234898018587334,0.0,0.0,0.0,5.201666666666667,1.3004166666666668,0.0,16.5,66.0,0
2026-08-30 23:00:00,1,0.0,0,23,6,30,8,1,-0.25881904510252157,0.9659258262890681,-0.7818314824680299,0.6234898018587334,0.0,0.0,0.0,0.0,1.3004166666666668,0.0,15.05025253169417,68.48528137423857,0
2026-08-31 00:00:00,1,0.0,0,0,0,31,8,0,0.0,1.0,0.0,1.0,0.0,0.0,0.0,0.0,1.3004166666666668,0.0,13.937822173508929,70.39230484541326,0
2026-08-31 01:00:00,1,0.0,0,1,0,31,8,0,0.25881904510252074,0.9659258262890683,0.0,1.0,0.0,0.0,0.0,0.0,1.3004166666666668,0.0,13.238519215976522,71.59110991546882,0
2026-08-31 02:00:00,1,0.0,0,2,0,31,8,0,0.49999999999999994,0.8660254037844387,0.0,1.0,0.0,0.0,0.0,0.0,1.3004166666666668,0.0,13.0,72.0,0
2026-08-31 03:00:00,1,0.0,0,3,0,31,8,0,0.7071067811865475,0.7071067811865476,0.0,1.0,0.0,0.0,0.0,0.0,1.3004166666666668,0.0,13.238519215976522,71.59110991546882,0
2026-08-31 04:00:00,1,0.0,0,4,0,31,8,0,0.8660254037844386,0.5000000000000001,0.0,1.0,0.0,0.0,0.0,0.0,1.3004166666666668,0.0,13.93782217350893,70.39230484541326,0
2026-08-31 05:00:00,1,0.0,0,5,0,31,8,0,0.9659258262890683,0.25881904510252074,0.0,1.0,0.0,0.0,0.0,0.0,1.3004166666666668,0.0,15.050252531694168,68.48528137423857,0
2026-08-31 06:00:00,1,0.0,0,6,0,31,8,0,1.0,6.123233995736766e-17,0.0,1.0,0.0,0.0,0.0,0.0,1.3004166666666668,0.0,16.5,66.0,0
2026-08-31 07:00:00,1,0.0,0,7,0,31,8,0,0.9659258262890683,-0.25881904510252063,0.0,1.0,0.0,0.0,0.0,0.0,1.3004166666666668,0.0,18.188266684282354,63.10582854123025,0
2026-08-31 08:00:00,1,0.0,0,8,0,31,8,0,0.8660254037844387,-0.4999999999999998,0.0,1.0,0.0,0.0,0.0,0.0,1.3004166666666668,0.0,20.0,60.0,0
2026-08-31 09:00:00,1,0.0,0,9,0,31,8,0,0.7071067811865476,-0.7071067811865475,0.0,1.0,0.0,0.0,0.0,0.0,1.3004166666666668,0.0,21.811733315717646,56.89417145876975,0
2026-08-31 10:00:00,1,0.0,0,10,0,31,8,0,0.49999999999999994,-0.8660254037844387,0.0,1.0,0.0,0.0,0.0,0.0,1.3004166666666668,0.0,23.5,54.0,0
2026-08-31 11:00:00,1,0.0,0,11,0,31,8,0,0.258819045102521,-0.9659258262890682,0.0,1.0,0.0,0.0,0.0,0.0,1.3004166666666668,0.0,24.94974746830583,51.51471862576143,0
2026-08-31 12:00:00,1,0.0,0,12,0,31,8,0,1.2246467991473532e-16,-1.0,0.0,1.0,0.0,0.0,0.0,0.0,1.3004166666666668,0.0,26.06217782649107,49.607695154586736,0
2026-08-31 13:00:00,1,0.0,0,13,0,31,8,0,-0.2588190451025208,-0.9659258262890683,0.0,1.0,0.0,0.0,0.0,0.0,1.3004166666666668,0.0,26.761480784023476,48.40889008453118,0
2026-08-31 14:00:00,1,0.0,0,14,0,31,8,0,-0.4999999999999997,-0.8660254037844388,0.0,1.0,0.0,0.0,0.0,0.0,1.3004166666666668,0.0,27.0,48.0,0
2026-08-31 15:00:00,1,0.0,0,15,0,31,8,0,-0.7071067811865471,-0.7071067811865479,0.0,1.0,0.0,0.0,0.0,0.0,1.3004166666666668,0.0,26.761480784023476,48.40889008453118,0
2026-08-31 16:00:00,1,0.0,0,16,0,31,8,0,-0.8660254037844384,-0.5000000000000004,0.0,1.0,0.0,31.21,0.0,0.0,1.3004166666666668,0.0,26.062177826491073,49.607695154586736,0
2026-08-31 17:00:00,1,0.0,0,17,0,31,8,0,-0.9659258262890683,-0.25881904510252063,0.0,1.0,0.0,0.0,0.0,0.0,0.0,0.0,24.949747468305834,51.51471862576143,0
2026-08-31 18:00:00,1,0.0,0,18,0,31,8,0,-1.0,-1.8369701987210297e-16,0.0,1.0,0.0,0.0,0.0,0.0,0.0,0.0,23.5,54.0,0
2026-08-31 19:00:00,1,0.0,0,19,0,31,8,0,-0.9659258262890684,0.2588190451025203,0.0,1.0,0.0,0.0,0.0,0.0,0.0,0.0,21.811733315717646,56.89417145876975,0
2026-08-31 20:00:00,1,0.0,0,20,0,31,8,0,-0.8660254037844386,0.5000000000000001,0.0,1.0,0.0,0.0,0.0,0.0,0.0,0.0,20.0,60.0,0
2026-08-31 21:00:00,1,0.0,0,21,0,31,8,0,-0.7071067811865477,0.7071067811865474,0.0,1.0,0.0,0.0,0.0,0.0,0.0,0.0,18.188266684282354,63.10582854123025,0
2026-08-31 22:00:00,1,0.0,0,22,0,31,8,0,-0.5000000000000004,0.8660254037844384,0.0,1.0,0.0,0.0,0.0,0.0,0.0,0.0,16.5,66.0,0
2026-08-31 23:00:00,1,0.0,0,23,0,31,8,0,-0.25881904510252157,0.9659258262890681,0.0,1.0,0.0,0.0,0.0,0.0,0.0,0.0,15.05025253169417,68.48528137423857,0
2026-09-01 00:00:00,1,0.0,0,0,1,1,9,0,0.0,1.0,0.7818314824680298,0.6234898018587336,0.0,0.0,0.0,0.0,0.0,0.0,13.937822173508929,70.39230484541326,0
2026-09-01 01:00:00,1,0.0,0,1,1,1,9,0,0.25881904510252074,0.9659258262890683,0.7818314824680298,0.6234898018587336,0.0,0.0,0.0,0.0,0.0,0.0,13.238519215976522,71.59110991546882,0
2026-09-01 02:00:00,1,0.0,0,2,1,1,9,0,0.49999999999999994,0.8660254037844387,0.7818314824680298,0.6234898018587336,0.0,0.0,0.0,0.0,0.0,0.0,13.0,72.0,0
2026-09-01 03:00:00,1,0.0,0,3,1,1,9,0,0.7071067811865475,0.7071067811865476,0.7818314824680298,0.6234898018587336,0.0,0.0,0.0,0.0,0.0,0.0,13.238519215976522,71.59110991546882,0
2026-09-01 04:00:00,1,0.0,0,4,1,1,9,0,0.8660254037844386,0.5000000000000001,0.7818314824680298,0.6234898018587336,0.0,0.0,0.0,0.0,0.0,0.0,13.93782217350893,70.39230484541326,0
2026-09-01 05:00:00,1,0.0,0,5,1,1,9,0,0.9659258262890683,0.25881904510252074,0.7818314824680298,0.6234898018587336,0.0,0.0,0.0,0.0,0.0,0.0,15.050252531694168,68.48528137423857,0
2026-09-01 06:00:00,1,0.0,0,6,1,1,9,0,1.0,6.123233995736766e-17,0.7818314824680298,0.6234898018587336,0.0,0.0,0.0,0.0,0.0,0.0,16.5,66.0,0
2026-09-01 07:00:00,1,0.0,0,7,1,1,9,0,0.9659258262890683,-0.25881904510252063,0.7818314824680298,0.6234898018587336,0.0,0.0,0.0,0.0,0.0,0.0,18.188266684282354,63.10582854123025,0
2026-09-01 08:00:00,1,52.76,1,8,1,1,9,0,0.8660254037844387,-0.4999999999999998,0.7818314824680298,0.6234898018587336,0.0,0.0,0.0,0.0,0.0,0.0,20.0,60.0,0
2026-09-01 09:00:00,1,0.0,0,9,1,1,9,0,0.7071067811865476,-0.7071067811865475,0.7818314824680298,0.6234898018587336,52.76,0.0,0.0,8.793333333333333,2.1983333333333333,1.0,21.811733315717646,56.89417145876975,0
2026-09-01 10:00:00,1,0.0,0,10,1,1,9,0,0.49999999999999994,-0.8660254037844387,0.7818314824680298,0.6234898018587336,0.0,0.0,0.0,8.793333333333333,2.1983333333333333,0.0,23.5,54.0,0
2026-09-01 11:00:00,1,23.56,1,11,1,1,9,0,0.258819045102521,-0.9659258262890682,0.7818314824680298,0.6234898018587336,0.0,0.0,0.0,8.793333333333333,2.1983333333333333,0.0,24.94974746830583,51.51471862576143,0
2026-09-01 12:00:00,1,0.0,0,12,1,1,9,0,1.2246467991473532e-16,-1.0,0.7818314824680298,0.6234898018587336,23.56,0.0,0.0,12.719999999999999,3.1799999999999997,1.0,26.06217782649107,49.607695154586736,0
2026-09-01 13:00:00,1,0.0,0,13,1,1,9,0,-0.2588190451025208,-0.9659258262890683,0.7818314824680298,0.6234898018587336,0.0,0.0,0.0,12.719999999999999,3.1799999999999997,0.0,26.761480784023476,48.40889008453118,0
2026-09-01 14:00:00,1,0.0,0,14,1,1,9,0,-0.4999999999999997,-0.8660254037844388,0.7818314824680298,0.6234898018587336,0.0,0.0,0.0,12.719999999999999,3.1799999999999997,0.0,27.0,48.0,0
2026-09-01 15:00:00,1,0.0,0,15,1,1,9,0,-0.7071067811865471,-0.7071067811865479,0.7818314824680298,0.6234898018587336,0.0,0.0,0.0,3.9266666666666663,3.1799999999999997,0.0,26.761480784023476,48.40889008453118,0
2026-09-01 16:00:00,1,0.0,0,16,1,1,9,0,-0.8660254037844384,-0.5000000000000004,0.7818314824680298,0.6234898018587336,0.0,0.0,0.0,3.9266666666666663,3.1799999999999997,0.0,26.062177826491073,49.607695154586736,0
2026-09-01 17:00:00,1,0.0,0,17,1,1,9,0,-0.9659258262890683,-0.25881904510252063,0.7818314824680298,0.6234898018587336,0.0,0.0,58.97,3.9266666666666663,3.1799999999999997,0.0,24.949747468305834,51.51471862576143,0
2026-09-01 18:00:00,1,0.0,0,18,1,1,9,0,-1.0,-1.8369701987210297e-16,0.7818314824680298,0.6234898018587336,0.0,0.0,0.0,0.0,3.1799999999999997,0.0,23.5,54.0,0
2026-09-01 19:00:00,1,0.0,0,19,1,1,9,0,-0.9659258262890684,0.2588190451025203,0.7818314824680298,0.6234898018587336,0.0,0.0,0.0,0.0,3.1799999999999997,0.0,21.811733315717646,56.89417145876975,0
2026-09-01 20:00:00,1,0.0,0,20,1,1,9,0,-0.8660254037844386,0.5000000000000001,0.7818314824680298,0.6234898018587336,0.0,0.0,0.0,0.0,3.1799999999999997,0.0,20.0,60.0,0
2026-09-01 21:00:00,1,0.0,0,21,1,1,9,0,-0.7071067811865477,0.7071067811865474,0.7818314824680298,0.6234898018587336,0.0,0.0,0.0,0.0,3.1799999999999997,0.0,18.188266684282354,63.10582854123025,0
2026-09-01 22:00:00,1,0.0,0,22,1,1,9,0,-0.5000000000000004,0.8660254037844384,0.7818314824680298,0.6234898018587336,0.0,0.0,0.0,0.0,3.1799999999999997,0.0,16.5,66.0,0
2026-09-01 23:00:00,1,0.0,0,23,1,1,9,0,-0.25881904510252157,0.9659258262890681,0.7818314824680298,0.6234898018587336,0.0,0.0,0.0,0.0,3.1799999999999997,0.0,15.05025253169417,68.48528137423857,0
2026-09-02 00:00:00,1,0.0,0,0,2,2,9,0,0.0,1.0,0.9749279121818236,-0.22252093395631434,0.0,0.0,0.0,0.0,3.1799999999999997,0.0,13.937822173508929,70.39230484541326,0
2026-09-02 01:00:00,1,0.0,0,1,2,2,9,0,0.25881904510252074,0.9659258262890683,0.9749279121818236,-0.22252093395631434,0.0,0.0,0.0,0.0,3.1799999999999997,0.0,13.238519215976522,71.59110991546882,0
2026-09-02 02:00:00,1,0.0,0,2,2,2,9,0,0.49999999999999994,0.8660254037844387,0.9749279121818236,-0.22252093395631434,0.0,0.0,0.0,0.0,3.1799999999999997,0.0,13.0,72.0,0
2026-09-02 03:00:00,1,0.0,0,3,2,2,9,0,0.7071067811865475,0.7071067811865476,0.9749279121818236,-0.22252093395631434,0.0,0.0,0.0,0.0,3.1799999999999997,0.0,13.238519215976522,71.59110991546882,0
2026-09-02 04:00:00,1,0.0,0,4,2,2,9,0,0.8660254037844386,0.5000000000000001,0.9749279121818236,-0.22252093395631434,0.0,0.0,0.0,0.0,3.1799999999999997,0.0,13.93782217350893,70.39230484541326,0
2026-09-02 05:00:00,1,0.0,0,5,2,2,9,0,0.9659258262890683,0.25881904510252074,0.9749279121818236,-0.22252093395631434,0.0,0.0,0.0,0.0,3.1799999999999997,0.0,15.050252531694168,68.48528137423857,0
2026-09-02 06:00:00,1,0.0,0,6,2,2,9,0,1.0,6.123233995736766e-17,0.9749279121818236,-0.22252093395631434,0.0,0.0,0.0,0.0,3.1799999999999997,0.0,16.5,66.0,0
2026-09-02 07:00:00,1,0.0,0,7,2,2,9,0,0.9659258262890683,-0.25881904510252063,0.9749279121818236,-0.22252093395631434,0.0,0.0,0.0,0.0,3.1799999999999997,0.0,18.188266684282354,63.10582854123025,0
2026-09-02 08:00:00,1,0.0,0,8,2,2,9,0,0.8660254037844387,-0.4999999999999998,0.9749279121818236,-0.22252093395631434,0.0,52.76,0.0,0.0,3.1799999999999997,0.0,20.0,60.0,0
2026-09-02 09:00:00,1,0.0,0,9,2,2,9,0,0.7071067811865476,-0.7071067811865475,0.9749279121818236,-0.22252093395631434,0.0,0.0,0.0,0.0,0.9816666666666666,0.0,21.811733315717646,56.89417145876975,0
2026-09-02 10:00:00,1,0.0,0,10,2,2,9,0,0.49999999999999994,-0.8660254037844387,0.9749279121818236,-0.22252093395631434,0.0,0.0,0.0,0.0,0.9816666666666666,0.0,23.5,54.0,0
2026-09-02 11:00:00,1,0.0,0,11,2,2,9,0,0.258819045102521,-0.9659258262890682,0.9749279121818236,-0.22252093395631434,0.0,23.56,0.0,0.0,0.9816666666666666,0.0,24.94974746830583,51.51471862576143,0
2026-09-02 12:00:00,1,0.0,0,12,2,2,9,0,1.2246467991473532e-16,-1.0,0.9749279121818236,-0.22252093395631434,0.0,0.0,0.0,0.0,0.0,0.0,26.06217782649107,49.607695154586736,0
2026-09-02 13:00:00,1,0.0,0,13,2,2,9,0,-0.2588190451025208,-0.9659258262890683,0.9749279121818236,-0.22252093395631434,0.0,0.0,0.0,0.0,0.0,0.0,26.761480784023476,48.40889008453118,0
2026-09-02 14:00:00,1,0.0,0,14,2,2,9,0,-0.4999999999999997,-0.8660254037844388,0.9749279121818236,-0.22252093395631434,0.0,0.0,0.0,0.0,0.0,0.0,27.0,48.0,0
2026-09-02 15:00:00,1,0.0,0,15,2,2,9,0,-0.7071067811865471,-0.7071067811865479,0.9749279121818236,-0.22252093395631434,0.0,0.0,24.31,0.0,0.0,0.0,26.761480784023476,48.40889008453118,0
2026-09-02 16:00:00,1,0.0,0,16,2,2,9,0,-0.8660254037844384,-0.5000000000000004,0.9749279121818236,-0.22252093395631434,0.0,0.0,0.0,0.0,0.0,0.0,26.062177826491073,49.607695154586736,0
2026-09-02 17:00:00,1,0.0,0,17,2,2,9,0,-0.9659258262890683,-0.25881904510252063,0.9749279121818236,-0.22252093395631434,0.0,0.0,0.0,0.0,0.0,0.0,24.949747468305834,51.51471862576143,0
2026-09-02 18:00:00,1,0.0,0,18,2,2,9,0,-1.0,-1.8369701987210297e-16,0.9749279121818236,-0.22252093395631434,0.0,0.0,0.0,0.0,0.0,0.0,23.5,54.0,0
2026-09-02 19:00:00,1,0.0,0,19,2,2,9,0,-0.9659258262890684,0.2588190451025203,0.9749279121818236,-0.22252093395631434,0.0,0.0,0.0,0.0,0.0,0.0,21.811733315717646,56.89417145876975,0
2026-09-02 20:00:00,1,0.0,0,20,2,2,9,0,-0.8660254037844386,0.5000000000000001,0.9749279121818236,-0.22252093395631434,0.0,0.0,0.0,0.0,0.0,0.0,20.0,60.0,0
2026-09-02 21:00:00,1,0.0,0,21,2,2,9,0,-0.7071067811865477,0.7071067811865474,0.9749279121818236,-0.22252093395631434,0.0,0.0,0.0,0.0,0.0,0.0,18.188266684282354,63.10582854123025,0
2026-09-02 22:00:00,1,0.0,0,22,2,2,9,0,-0.5000000000000004,0.8660254037844384,0.9749279121818236,-0.22252093395631434,0.0,0.0,0.0,0.0,0.0,0.0,16.5,66.0,0
2026-09-02 23:00:00,1,0.0,0,23,2,2,9,0,-0.25881904510252157,0.9659258262890681,0.9749279121818236,-0.22252093395631434,0.0,0.0,0.0,0.0,0.0,0.0,15.05025253169417,68.48528137423857,0
2026-09-03 00:00:00,1,0.0,0,0,3,3,9,0,0.0,1.0,0.43388373911755823,-0.900968867902419,0.0,0.0,0.0,0.0,0.0,0.0,13.937822173508929,70.39230484541326,0
2026-09-03 01:00:00,1,0.0,0,1,3,3,9,0,0.25881904510252074,0.9659258262890683,0.43388373911755823,-0.900968867902419,0.0,0.0,0.0,0.0,0.0,0.0,13.238519215976522,71.59110991546882,0
2026-09-03 02:00:00,1,0.0,0,2,3,3,9,0,0.49999999999999994,0.8660254037844387,0.43388373911755823,-0.900968867902419,0.0,0.0,0.0,0.0,0.0,0.0,13.0,72.0,0
2026-09-03 03:00:00,1,0.0,0,3,3,3,9,0,0.7071067811865475,0.7071067811865476,0.43388373911755823,-0.900968867902419,0.0,0.0,0.0,0.0,0.0,0.0,13.238519215976522,71.59110991546882,0
2026-09-03 04:00:00,1,0.0,0,4,3,3,9,0,0.8660254037844386,0.5000000000000001,0.43388373911755823,-0.900968867902419,0.0,0.0,0.0,0.0,0.0,0.0,13.93782217350893,70.39230484541326,0
2026-09-03 05:00:00,1,0.0,0,5,3,3,9,0,0.9659258262890683,0.25881904510252074,0.43388373911755823,-0.900968867902419,0.0,0.0,0.0,0.0,0.0,0.0,15.050252531694168,68.48528137423857,0
2026-09-03 06:00:00,1,0.0,0,6,3,3,9,0,1.0,6.123233995736766e-17,0.43388373911755823,-0.900968867902419,0.0,0.0,0.0,0.0,0.0,0.0,16.5,66.0,0
2026-09-03 07:00:00,1,0.0,0,7,3,3,9,0,0.9659258262890683,-0.25881904510252063,0.43388373911755823,-0.900968867902419,0.0,0.0,0.0,0.0,0.0,0.0,18.188266684282354,63.10582854123025,0
2026-09-03 08:00:00,1,0.0,0,8,3,3,9,0,0.8660254037844387,-0.4999999999999998,0.43388373911755823,-0.900968867902419,0.0,0.0,0.0,0.0,0.0,0.0,20.0,60.0,0
2026-09-03 09:00:00,1,0.0,0,9,3,3,9,0,0.7071067811865476,-0.7071067811865475,0.43388373911755823,-0.900968867902419,0.0,0.0,0.0,0.0,0.0,0.0,21.811733315717646,56.89417145876975,0
2026-09-03 10:00:00,1,0.0,0,10,3,3,9,0,0.49999999999999994,-0.8660254037844387,0.43388373911755823,-0.900968867902419,0.0,0.0,0.0,0.0,0.0,0.0,23.5,54.0,0
2026-09-03 11:00:00,1,0.0,0,11,3,3,9,0,0.258819045102521,-0.9659258262890682,0.43388373911755823,-0.900968867902419,0.0,0.0,0.0,0.0,0.0,0.0,24.94974746830583,51.51471862576143,0
2026-09-03 12:00:00,1,0.0,0,12,3,3,9,0,1.2246467991473532e-16,-1.0,0.43388373911755823,-0.900968867902419,0.0,0.0,0.0,0.0,0.0,0.0,26.06217782649107,49.607695154586736,0
2026-09-03 13:00:00,1,0.0,0,13,3,3,9,0,-0.2588190451025208,-0.9659258262890683,0.43388373911755823,-0.900968867902419,0.0,0.0,0.0,0.0,0.0,0.0,26.761480784023476,48.40889008453118,0
2026-09-03 14:00:00,1,0.0,0,14,3,3,9,0,-0.4999999999999997,-0.8660254037844388,0.43388373911755823,-0.900968867902419,0.0,0.0,0.0,0.0,0.0,0.0,27.0,48.0,0
2026-09-03 15:00:00,1,0.0,0,15,3,3,9,0,-0.7071067811865471,-0.7071067811865479,0.43388373911755823,-0.900968867902419,0.0,0.0,0.0,0.0,0.0,0.0,26.761480784023476,48.40889008453118,0
2026-09-03 16:00:00,1,0.0,0,16,3,3,9,0,-0.8660254037844384,-0.5000000000000004,0.43388373911755823,-0.900968867902419,0.0,0.0,0.0,0.0,0.0,0.0,26.062177826491073,49.607695154586736,0
2026-09-03 17:00:00,1,0.0,0,17,3,3,9,0,-0.9659258262890683,-0.25881904510252063,0.43388373911755823,-0.900968867902419,0.0,0.0,0.0,0.0,0.0,0.0,24.949747468305834,51.51471862576143,0
2026-09-03 18:00:00,1,0.0,0,18,3,3,9,0,-1.0,-1.8369701987210297e-16,0.43388373911755823,-0.900968867902419,0.0,0.0,0.0,0.0,0.0,0.0,23.5,54.0,0
2026-09-03 19:00:00,1,0.0,0,19,3,3,9,0,-0.9659258262890684,0.2588190451025203,0.43388373911755823,-0.900968867902419,0.0,0.0,0.0,0.0,0.0,0.0,21.811733315717646,56.89417145876975,0
2026-09-03 20:00:00,1,0.0,0,20,3,3,9,0,-0.8660254037844386,0.5000000000000001,0.43388373911755823,-0.900968867902419,0.0,0.0,0.0,0.0,0.0,0.0,20.0,60.0,0
2026-09-03 21:00:00,1,0.0,0,21,3,3,9,0,-0.7071067811865477,0.7071067811865474,0.43388373911755823,-0.900968867902419,0.0,0.0,0.0,0.0,0.0,0.0,18.188266684282354,63.10582854123025,0
2026-09-03 22:00:00,1,0.0,0,22,3,3,9,0,-0.5000000000000004,0.8660254037844384,0.43388373911755823,-0.900968867902419,0.0,0.0,0.0,0.0,0.0,0.0,16.5,66.0,0
2026-09-03 23:00:00,1,0.0,0,23,3,3,9,0,-0.25881904510252157,0.9659258262890681,0.43388373911755823,-0.900968867902419,0.0,0.0,0.0,0.0,0.0,0.0,15.05025253169417,68.48528137423857,0
2026-09-04 00:00:00,1,0.0,0,0,4,4,9,0,0.0,1.0,-0.433883739117558,-0.9009688679024191,0.0,0.0,0.0,0.0,0.0,0.0,13.937822173508929,70.39230484541326,0
2026-09-04 01:00:00,1,0.0,0,1,4,4,9,0,0.25881904510252074,0.9659258262890683,-0.433883739117558,-0.9009688679024191,0.0,0.0,0.0,0.0,0.0,0.0,13.238519215976522,71.59110991546882,0
2026-09-04 02:00:00,1,0.0,0,2,4,4,9,0,0.49999999999999994,0.8660254037844387,-0.433883739117558,-0.9009688679024191,0.0,0.0,0.0,0.0,0.0,0.0,13.0,72.0,0
2026-09-04 03:00:00,1,0.0,0,3,4,4,9,0,0.7071067811865475,0.7071067811865476,-0.433883739117558,-0.9009688679024191,0.0,0.0,0.0,0.0,0.0,0.0,13.238519215976522,71.59110991546882,0
2026-09-04 04:00:00,1,0.0,0,4,4,4,9,0,0.8660254037844386,0.5000000000000001,-0.433883739117558,-0.9009688679024191,0.0,0.0,0.0,0.0,0.0,0.0,13.93782217350893,70.39230484541326,0
2026-09-04 05:00:00,1,0.0,0,5,4,4,9,0,0.9659258262890683,0.25881904510252074,-0.433883739117558,-0.9009688679024191,0.0,0.0,0.0,0.0,0.0,0.0,15.050252531694168,68.48528137423857,0
2026-09-04 06:00:00,1,0.0,0,6,4,4,9,0,1.0,6.123233995736766e-17,-0.433883739117558,-0.9009688679024191,0.0,0.0,0.0,0.0,0.0,0.0,16.5,66.0,0
2026-09-04 07:00:00,1,0.0,0,7,4,4,9,0,0.9659258262890683,-0.25881904510252063,-0.433883739117558,-0.9009688679024191,0.0,0.0,53.57,0.0,0.0,0.0,18.188266684282354,63.10582854123025,0
2026-09-04 08:00:00,1,0.0,0,8,4,4,9,0,0.8660254037844387,-0.4999999999999998,-0.433883739117558,-0.9009688679024191,0.0,0.0,0.0,0.0,0.0,0.0,20.0,60.0,0
2026-09-04 09:00:00,1,0.0,0,9,4,4,9,0,0.7071067811865476,-0.7071067811865475,-0.433883739117558,-0.9009688679024191,0.0,0.0,0.0,0.0,0.0,0.0,21.811733315717646,56.89417145876975,0
2026-09-04 10:00:00,1,0.0,0,10,4,4,9,0,0.49999999999999994,-0.8660254037844387,-0.433883739117558,-0.9009688679024191,0.0,0.0,0.0,0.0,0.0,0.0,23.5,54.0,0
2026-09-04 11:00:00,1,0.0,0,11,4,4,9,0,0.258819045102521,-0.9659258262890682,-0.433883739117558,-0.9009688679024191,0.0,0.0,0.0,0.0,0.0,0.0,24.94974746830583,51.51471862576143,0
2026-09-04 12:00:00,1,0.0,0,12,4,4,9,0,1.2246467991473532e-16,-1.0,-0.433883739117558,-0.9009688679024191,0.0,0.0,0.0,0.0,0.0,0.0,26.06217782649107,49.607695154586736,0
2026-09-04 13:00:00,1,0.0,0,13,4,4,9,0,-0.2588190451025208,-0.9659258262890683,-0.433883739117558,-0.9009688679024191,0.0,0.0,0.0,0.0,0.0,0.0,26.761480784023476,48.40889008453118,0
2026-09-04 14:00:00,1,0.0,0,14,4,4,9,0,-0.4999999999999997,-0.8660254037844388,-0.433883739117558,-0.9009688679024191,0.0,0.0,0.0,0.0,0.0,0.0,27.0,48.0,0
2026-09-04 15:00:00,1,0.0,0,15,4,4,9,0,-0.7071067811865471,-0.7071067811865479,-0.433883739117558,-0.9009688679024191,0.0,0.0,0.0,0.0,0.0,0.0,26.761480784023476,48.40889008453118,0
2026-09-04 16:00:00,1,0.0,0,16,4,4,9,0,-0.8660254037844384,-0.5000000000000004,-0.433883739117558,-0.9009688679024191,0.0,0.0,0.0,0.0,0.0,0.0,26.062177826491073,49.607695154586736,0
2026-09-04 17:00:00,1,14.37,1,17,4,4,9,0,-0.9659258262890683,-0.25881904510252063,-0.433883739117558,-0.9009688679024191,0.0,0.0,0.0,0.0,0.0,0.0,24.949747468305834,51.51471862576143,0
2026-09-04 18:00:00,1,0.0,0,18,4,4,9,0,-1.0,-1.8369701987210297e-16,-0.433883739117558,-0.9009688679024191,14.37,0.0,0.0,2.395,0.59875,1.0,23.5,54.0,0
2026-09-04 19:00:00,1,0.0,0,19,4,4,9,0,-0.9659258262890684,0.2588190451025203,-0.433883739117558,-0.9009688679024191,0.0,0.0,0.0,2.395,0.59875,0.0,21.811733315717646,56.89417145876975,0
2026-09-04 20:00:00,1,0.0,0,20,4,4,9,0,-0.8660254037844386,0.5000000000000001,-0.433883739117558,-0.9009688679024191,0.0,0.0,0.0,2.395,0.59875,0.0,20.0,60.0,0
2026-09-04 21:00:00,1,0.0,0,21,4,4,9,0,-0.7071067811865477,0.7071067811865474,-0.433883739117558,-0.9009688679024191,0.0,0.0,38.74,2.395,0.59875,0.0,18.188266684282354,63.10582854123025,0
2026-09-04 22:00:00,1,0.0,0,22,4,4,9,0,-0.5000000000000004,0.8660254037844384,-0.433883739117558,-0.9009688679024191,0.0,0.0,0.0,2.395,0.59875,0.0,16.5,66.0,0
2026-09-04 23:00:00,1,0.0,0,23,4,4,9,0,-0.25881904510252157,0.9659258262890681,-0.433883739117558,-0.9009688679024191,0.0,0.0,0.0,2.395,0.59875,0.0,15.05025253169417,68.48528137423857,0
2026-09-05 00:00:00,1,0.0,0,0,5,5,9,1,0.0,1.0,-0.9749279121818236,-0.2225209339563146,0.0,0.0,0.0,0.0,0.59875,0.0,13.937822173508929,70.39230484541326,0
2026-09-05 01:00:00,1,0.0,0,1,5,5,9,1,0.25881904510252074,0.9659258262890683,-0.9749279121818236,-0.2225209339563146,0.0,0.0,0.0,0.0,0.59875,0.0,13.238519215976522,71.59110991546882,0
2026-09-05 02:00:00,1,0.0,0,2,5,5,9,1,0.49999999999999994,0.8660254037844387,-0.9749279121818236,-0.2225209339563146,0.0,0.0,0.0,0.0,0.59875,0.0,13.0,72.0,0
2026-09-05 03:00:00,1,0.0,0,3,5,5,9,1,0.7071067811865475,0.7071067811865476,-0.9749279121818236,-0.2225209339563146,0.0,0.0,0.0,0.0,0.59875,0.0,13.238519215976522,71.59110991546882,0
2026-09-05 04:00:00,1,0.0,0,4,5,5,9,1,0.8660254037844386,0.5000000000000001,-0.9749279121818236,-0.2225209339563146,0.0,0.0,0.0,0.0,0.59875,0.0,13.93782217350893,70.39230484541326,0
2026-09-05 05:00:00,1,0.0,0,5,5,5,9,1,0.9659258262890683,0.25881904510252074,-0.9749279121818236,-0.2225209339563146,0.0,0.0,0.0,0.0,0.59875,0.0,15.050252531694168,68.48528137423857,0
2026-09-05 06:00:00,1,0.0,0,6,5,5,9,1,1.0,6.123233995736766e-17,-0.9749279121818236,-0.2225209339563146,0.0,0.0,0.0,0.0,0.59875,0.0,16.5,66.0,0
2026-09-05 07:00:00,1,0.0,0,7,5,5,9,1,0.9659258262890683,-0.25881904510252063,-0.9749279121818236,-0.2225209339563146,0.0,0.0,0.0,0.0,0.59875,0.0,18.188266684282354,63.10582854123025,0
2026-09-05 08:00:00,1,0.0,0,8,5,5,9,1,0.8660254037844387,-0.4999999999999998,-0.9749279121818236,-0.2225209339563146,0.0,0.0,0.0,0.0,0.59875,0.0,20.0,60.0,0
2026-09-05 09:00:00,1,0.0,0,9,5,5,9,1,0.7071067811865476,-0.7071067811865475,-0.9749279121818236,-0.2225209339563146,0.0,0.0,0.0,0.0,0.59875,0.0,21.811733315717646,56.89417145876975,0
2026-09-05 10:00:00,1,0.0,0,10,5,5,9,1,0.49999999999999994,-0.8660254037844387,-0.9749279121818236,-0.2225209339563146,0.0,0.0,0.0,0.0,0.59875,0.0,23.5,54.0,0
2026-09-05 11:00:00,1,0.0,0,11,5,5,9,1,0.258819045102521,-0.9659258262890682,-0.9749279121818236,-0.2225209339563146,0.0,0.0,0.0,0.0,0.59875,0.0,24.94974746830583,51.51471862576143,0
2026-09-05 12:00:00,1,0.0,0,12,5,5,9,1,1.2246467991473532e-16,-1.0,-0.9749279121818236,-0.2225209339563146,0.0,0.0,0.0,0.0,0.59875,0.0,26.06217782649107,49.607695154586736,0
2026-09-05 13:00:00,1,0.0,0,13,5,5,9,1,-0.2588190451025208,-0.9659258262890683,-0.9749279121818236,-0.2225209339563146,0.0,0.0,0.0,0.0,0.59875,0.0,26.761480784023476,48.40889008453118,0
2026-09-05 14:00:00,1,0.0,0,14,5,5,9,1,-0.4999999999999997,-0.8660254037844388,-0.9749279121818236,-0.2225209339563146,0.0,0.0,0.0,0.0,0.59875,0.0,27.0,48.0,0
2026-09-05 15:00:00,1,0.0,0,15,5,5,9,1,-0.7071067811865471,-0.7071067811865479,-0.9749279121818236,-0.2225209339563146,0.0,0.0,0.0,0.0,0.59875,0.0,26.761480784023476,48.40889008453118,0
2026-09-05 16:00:00,1,0.0,0,16,5,5,9,1,-0.8660254037844384,-0.5000000000000004,-0.9749279121818236,-0.2225209339563146,0.0,0.0,0.0,0.0,0.59875,0.0,26.062177826491073,49.607695154586736,0
2026-09-05 17:00:00,1,0.0,0,17,5,5,9,1,-0.9659258262890683,-0.25881904510252063,-0.9749279121818236,-0.2225209339563146,0.0,14.37,0.0,0.0,0.59875,0.0,24.949747468305834,51.51471862576143,0
2026-09-05 18:00:00,1,0.0,0,18,5,5,9,1,-1.0,-1.8369701987210297e-16,-0.9749279121818236,-0.2225209339563146,0.0,0.0,0.0,0.0,0.0,0.0,23.5,54.0,0
2026-09-05 19:00:00,1,0.0,0,19,5,5,9,1,-0.9659258262890684,0.2588190451025203,-0.9749279121818236,-0.2225209339563146,0.0,0.0,0.0,0.0,0.0,0.0,21.811733315717646,56.89417145876975,0
2026-09-05 20:00:00,1,0.0,0,20,5,5,9,1,-0.8660254037844386,0.5000000000000001,-0.9749279121818236,-0.2225209339563146,0.0,0.0,0.0,0.0,0.0,0.0,20.0,60.0,0
2026-09-05 21:00:00,1,0.0,0,21,5,5,9,1,-0.7071067811865477,0.7071067811865474,-0.9749279121818236,-0.2225209339563146,0.0,0.0,0.0,0.0,0.0,0.0,18.188266684282354,63.10582854123025,0
2026-09-05 22:00:00,1,0.0,0,22,5,5,9,1,-0.5000000000000004,0.8660254037844384,-0.9749279121818236,-0.2225209339563146,0.0,0.0,0.0,0.0,0.0,0.0,16.5,66.0,0
2026-09-05 23:00:00,1,0.0,0,23,5,5,9,1,-0.25881904510252157,0.9659258262890681,-0.9749279121818236,-0.2225209339563146,0.0,0.0,0.0,0.0,0.0,0.0,15.05025253169417,68.48528137423857,0
2026-09-06 00:00:00,1,0.0,0,0,6,6,9,1,0.0,1.0,-0.7818314824680299,0.6234898018587334,0.0,0.0,0.0,0.0,0.0,0.0,13.937822173508929,70.39230484541326,0
2026-09-06 01:00:00,1,0.0,0,1,6,6,9,1,0.25881904510252074,0.9659258262890683,-0.7818314824680299,0.6234898018587334,0.0,0.0,0.0,0.0,0.0,0.0,13.238519215976522,71.59110991546882,0
2026-09-06 02:00:00,1,0.0,0,2,6,6,9,1,0.49999999999999994,0.8660254037844387,-0.7818314824680299,0.6234898018587334,0.0,0.0,0.0,0.0,0.0,0.0,13.0,72.0,0
2026-09-06 03:00:00,1,0.0,0,3,6,6,9,1,0.7071067811865475,0.7071067811865476,-0.7818314824680299,0.6234898018587334,0.0,0.0,0.0,0.0,0.0,0.0,13.238519215976522,71.59110991546882,0
2026-09-06 04:00:00,1,0.0,0,4,6,6,9,1,0.8660254037844386,0.5000000000000001,-0.7818314824680299,0.6234898018587334,0.0,0.0,0.0,0.0,0.0,0.0,13.93782217350893,70.39230484541326,0
2026-09-06 05:00:00,1,0.0,0,5,6,6,9,1,0.9659258262890683,0.25881904510252074,-0.7818314824680299,0.6234898018587334,0.0,0.0,0.0,0.0,0.0,0.0,15.050252531694168,68.48528137423857,0
2026-09-06 06:00:00,1,0.0,0,6,6,6,9,1,1.0,6.123233995736766e-17,-0.7818314824680299,0.6234898018587334,0.0,0.0,0.0,0.0,0.0,0.0,16.5,66.0,0
2026-09-06 07:00:00,1,0.0,0,7,6,6,9,1,0.9659258262890683,-0.25881904510252063,-0.7818314824680299,0.6234898018587334,0.0,0.0,0.0,0.0,0.0,0.0,18.188266684282354,63.10582854123025,0
2026-09-06 08:00:00,1,0.0,0,8,6,6,9,1,0.8660254037844387,-0.4999999999999998,-0.7818314824680299,0.6234898018587334,0.0,0.0,0.0,0.0,0.0,0.0,20.0,60.0,0
2026-09-06 09:00:00,1,0.0,0,9,6,6,9,1,0.7071067811865476,-0.7071067811865475,-0.7818314824680299,0.6234898018587334,0.0,0.0,0.0,0.0,0.0,0.0,21.811733315717646,56.89417145876975,0
2026-09-06 10:00:00,1,0.0,0,10,6,6,9,1,0.49999999999999994,-0.8660254037844387,-0.7818314824680299,0.6234898018587334,0.0,0.0,0.0,0.0,0.0,0.0,23.5,54.0,0
2026-09-06 11:00:00,1,0.0,0,11,6,6,9,1,0.258819045102521,-0.9659258262890682,-0.7818314824680299,0.6234898018587334,0.0,0.0,0.0,0.0,0.0,0.0,24.94974746830583,51.51471862576143,0
2026-09-06 12:00:00,1,0.0,0,12,6,6,9,1,1.2246467991473532e-16,-1.0,-0.7818314824680299,0.6234898018587334,0.0,0.0,0.0,0.0,0.0,0.0,26.06217782649107,49.607695154586736,0
2026-09-06 13:00:00,1,0.0,0,13,6,6,9,1,-0.2588190451025208,-0.9659258262890683,-0.7818314824680299,0.6234898018587334,0.0,0.0,0.0,0.0,0.0,0.0,26.761480784023476,48.40889008453118,0
2026-09-06 14:00:00,1,0.0,0,14,6,6,9,1,-0.4999999999999997,-0.8660254037844388,-0.7818314824680299,0.6234898018587334,0.0,0.0,0.0,0.0,0.0,0.0,27.0,48.0,0
2026-09-06 15:00:00,1,0.0,0,15,6,6,9,1,-0.7071067811865471,-0.7071067811865479,-0.7818314824680299,0.6234898018587334,0.0,0.0,0.0,0.0,0.0,0.0,26.761480784023476,48.40889008453118,0
2026-09-06 16:00:00,1,0.0,0,16,6,6,9,1,-0.8660254037844384,-0.5000000000000004,-0.7818314824680299,0.6234898018587334,0.0,0.0,31.21,0.0,0.0,0.0,26.062177826491073,49.607695154586736,0
2026-09-06 17:00:00,1,0.0,0,17,6,6,9,1,-0.9659258262890683,-0.25881904510252063,-0.7818314824680299,0.6234898018587334,0.0,0.0,0.0,0.0,0.0,0.0,24.949747468305834,51.51471862576143,0
2026-09-06 18:00:00,1,0.0,0,18,6,6,9,1,-1.0,-1.8369701987210297e-16,-0.7818314824680299,0.6234898018587334,0.0,0.0,0.0,0.0,0.0,0.0,23.5,54.0,0
2026-09-06 19:00:00,1,0.0,0,19,6,6,9,1,-0.9659258262890684,0.2588190451025203,-0.7818314824680299,0.6234898018587334,0.0,0.0,0.0,0.0,0.0,0.0,21.811733315717646,56.89417145876975,0
2026-09-06 20:00:00,1,0.0,0,20,6,6,9,1,-0.8660254037844386,0.5000000000000001,-0.7818314824680299,0.6234898018587334,0.0,0.0,0.0,0.0,0.0,0.0,20.0,60.0,0
2026-09-06 21:00:00,1,0.0,0,21,6,6,9,1,-0.7071067811865477,0.7071067811865474,-0.7818314824680299,0.6234898018587334,0.0,0.0,0.0,0.0,0.0,0.0,18.188266684282354,63.10582854123025,0
2026-09-06 22:00:00,1,0.0,0,22,6,6,9,1,-0.5000000000000004,0.8660254037844384,-0.7818314824680299,0.6234898018587334,0.0,0.0,0.0,0.0,0.0,0.0,16.5,66.0,0
2026-09-06 23:00:00,1,0.0,0,23,6,6,9,1,-0.25881904510252157,0.9659258262890681,-0.7818314824680299,0.6234898018587334,0.0,0.0,0.0,0.0,0.0,0.0,15.05025253169417,68.48528137423857,0
2026-09-07 00:00:00,1,0.0,0,0,0,7,9,0,0.0,1.0,0.0,1.0,0.0,0.0,0.0,0.0,0.0,0.0,13.937822173508929,70.39230484541326,0
2026-09-07 01:00:00,1,0.0,0,1,0,7,9,0,0.25881904510252074,0.9659258262890683,0.0,1.0,0.0,0.0,0.0,0.0,0.0,0.0,13.238519215976522,71.59110991546882,0
2026-09-07 02:00:00,1,0.0,0,2,0,7,9,0,0.49999999999999994,0.8660254037844387,0.0,1.0,0.0,0.0,0.0,0.0,0.0,0.0,13.0,72.0,0
2026-09-07 03:00:00,1,0.0,0,3,0,7,9,0,0.7071067811865475,0.7071067811865476,0.0,1.0,0.0,0.0,0.0,0.0,0.0,0.0,13.238519215976522,71.59110991546882,0
2026-09-07 04:00:00,1,0.0,0,4,0,7,9,0,0.8660254037844386,0.5000000000000001,0.0,1.0,0.0,0.0,0.0,0.0,0.0,0.0,13.93782217350893,70.39230484541326,0
2026-09-07 05:00:00,1,0.0,0,5,0,7,9,0,0.9659258262890683,0.25881904510252074,0.0,1.0,0.0,0.0,0.0,0.0,0.0,0.0,15.050252531694168,68.48528137423857,0
2026-09-07 06:00:00,1,0.0,0,6,0,7,9,0,1.0,6.123233995736766e-17,0.0,1.0,0.0,0.0,0.0,0.0,0.0,0.0,16.5,66.0,0
2026-09-07 07:00:00,1,0.0,0,7,0,7,9,0,0.9659258262890683,-0.25881904510252063,0.0,1.0,0.0,0.0,0.0,0.0,0.0,0.0,18.188266684282354,63.10582854123025,0
2026-09-07 08:00:00,1,0.0,0,8,0,7,9,0,0.8660254037844387,-0.4999999999999998,0.0,1.0,0.0,0.0,0.0,0.0,0.0,0.0,20.0,60.0,0
2026-09-07 09:00:00,1,0.0,0,9,0,7,9,0,0.7071067811865476,-0.7071067811865475,0.0,1.0,0.0,0.0,0.0,0.0,0.0,0.0,21.811733315717646,56.89417145876975,0
2026-09-07 10:00:00,1,0.0,0,10,0,7,9,0,0.49999999999999994,-0.8660254037844387,0.0,1.0,0.0,0.0,0.0,0.0,0.0,0.0,23.5,54.0,0
2026-09-07 11:00:00,1,0.0,0,11,0,7,9,0,0.258819045102521,-0.9659258262890682,0.0,1.0,0.0,0.0,0.0,0.0,0.0,0.0,24.94974746830583,51.51471862576143,0
2026-09-07 12:00:00,1,0.0,0,12,0,7,9,0,1.2246467991473532e-16,-1.0,0.0,1.0,0.0,0.0,0.0,0.0,0.0,0.0,26.06217782649107,49.607695154586736,0
2026-09-07 13:00:00,1,0.0,0,13,0,7,9,0,-0.2588190451025208,-0.9659258262890683,0.0,1.0,0.0,0.0,0.0,0.0,0.0,0.0,26.761480784023476,48.40889008453118,0
2026-09-07 14:00:00,1,0.0,0,14,0,7,9,0,-0.4999999999999997,-0.8660254037844388,0.0,1.0,0.0,0.0,0.0,0.0,0.0,0.0,27.0,48.0,0
2026-09-07 15:00:00,1,0.0,0,15,0,7,9,0,-0.7071067811865471,-0.7071067811865479,0.0,1.0,0.0,0.0,0.0,0.0,0.0,0.0,26.761480784023476,48.40889008453118,0
2026-09-07 16:00:00,1,0.0,0,16,0,7,9,0,-0.8660254037844384,-0.5000000000000004,0.0,1.0,0.0,0.0,0.0,0.0,0.0,0.0,26.062177826491073,49.607695154586736,0
2026-09-07 17:00:00,1,0.0,0,17,0,7,9,0,-0.9659258262890683,-0.25881904510252063,0.0,1.0,0.0,0.0,0.0,0.0,0.0,0.0,24.949747468305834,51.51471862576143,0
2026-09-07 18:00:00,1,0.0,0,18,0,7,9,0,-1.0,-1.8369701987210297e-16,0.0,1.0,0.0,0.0,0.0,0.0,0.0,0.0,23.5,54.0,0
2026-09-07 19:00:00,1,0.0,0,19,0,7,9,0,-0.9659258262890684,0.2588190451025203,0.0,1.0,0.0,0.0,0.0,0.0,0.0,0.0,21.811733315717646,56.89417145876975,0
2026-09-07 20:00:00,1,0.0,0,20,0,7,9,0,-0.8660254037844386,0.5000000000000001,0.0,1.0,0.0,0.0,0.0,0.0,0.0,0.0,20.0,60.0,0
2026-09-07 21:00:00,1,0.0,0,21,0,7,9,0,-0.7071067811865477,0.7071067811865474,0.0,1.0,0.0,0.0,0.0,0.0,0.0,0.0,18.188266684282354,63.10582854123025,0
2026-09-07 22:00:00,1,0.0,0,22,0,7,9,0,-0.5000000000000004,0.8660254037844384,0.0,1.0,0.0,0.0,0.0,0.0,0.0,0.0,16.5,66.0,0
2026-09-07 23:00:00,1,0.0,0,23,0,7,9,0,-0.25881904510252157,0.9659258262890681,0.0,1.0,0.0,0.0,0.0,0.0,0.0,0.0,15.05025253169417,68.48528137423857,0
2026-09-08 00:00:00,1,0.0,0,0,1,8,9,0,0.0,1.0,0.7818314824680298,0.6234898018587336,0.0,0.0,0.0,0.0,0.0,0.0,13.937822173508929,70.39230484541326,1
2026-09-08 01:00:00,1,0.0,0,1,1,8,9,0,0.25881904510252074,0.9659258262890683,0.7818314824680298,0.6234898018587336,0.0,0.0,0.0,0.0,0.0,0.0,13.238519215976522,71.59110991546882,1
2026-09-08 02:00:00,1,0.0,0,2,1,8,9,0,0.49999999999999994,0.8660254037844387,0.7818314824680298,0.6234898018587336,0.0,0.0,0.0,0.0,0.0,0.0,13.0,72.0,1
2026-09-08 03:00:00,1,0.0,0,3,1,8,9,0,0.7071067811865475,0.7071067811865476,0.7818314824680298,0.6234898018587336,0.0,0.0,0.0,0.0,0.0,0.0,13.238519215976522,71.59110991546882,1
2026-09-08 04:00:00,1,0.0,0,4,1,8,9,0,0.8660254037844386,0.5000000000000001,0.7818314824680298,0.6234898018587336,0.0,0.0,0.0,0.0,0.0,0.0,13.93782217350893,70.39230484541326,1
2026-09-08 05:00:00,1,0.0,0,5,1,8,9,0,0.9659258262890683,0.25881904510252074,0.7818314824680298,0.6234898018587336,0.0,0.0,0.0,0.0,0.0,0.0,15.050252531694168,68.48528137423857,1
2026-09-08 06:00:00,1,0.0,0,6,1,8,9,0,1.0,6.123233995736766e-17,0.7818314824680298,0.6234898018587336,0.0,0.0,0.0,0.0,0.0,0.0,16.5,66.0,1
2026-09-08 07:00:00,1,0.0,0,7,1,8,9,0,0.9659258262890683,-0.25881904510252063,0.7818314824680298,0.6234898018587336,0.0,0.0,0.0,0.0,0.0,0.0,18.188266684282354,63.10582854123025,1
2026-09-08 08:00:00,1,0.0,0,8,1,8,9,0,0.8660254037844387,-0.4999999999999998,0.7818314824680298,0.6234898018587336,0.0,0.0,52.76,0.0,0.0,0.0,20.0,60.0,1
2026-09-08 09:00:00,1,0.0,0,9,1,8,9,0,0.7071067811865476,-0.7071067811865475,0.7818314824680298,0.6234898018587336,0.0,0.0,0.0,0.0,0.0,0.0,21.811733315717646,56.89417145876975,1
2026-09-08 10:00:00,1,0.0,0,10,1,8,9,0,0.49999999999999994,-0.8660254037844387,0.7818314824680298,0.6234898018587336,0.0,0.0,0.0,0.0,0.0,0.0,23.5,54.0,1
2026-09-08 11:00:00,1,0.0,0,11,1,8,9,0,0.258819045102521,-0.9659258262890682,0.7818314824680298,0.6234898018587336,0.0,0.0,23.56,0.0,0.0,0.0,24.94974746830583,51.51471862576143,1
2026-09-08 12:00:00,1,0.0,0,12,1,8,9,0,1.2246467991473532e-16,-1.0,0.7818314824680298,0.6234898018587336,0.0,0.0,0.0,0.0,0.0,0.0,26.06217782649107,49.607695154586736,1
2026-09-08 13:00:00,1,0.0,0,13,1,8,9,0,-0.2588190451025208,-0.9659258262890683,0.7818314824680298,0.6234898018587336,0.0,0.0,0.0,0.0,0.0,0.0,26.761480784023476,48.40889008453118,1
2026-09-08 14:00:00,1,0.0,0,14,1,8,9,0,-0.4999999999999997,-0.8660254037844388,0.7818314824680298,0.6234898018587336,0.0,0.0,0.0,0.0,0.0,0.0,27.0,48.0,1
2026-09-08 15:00:00,1,0.0,0,15,1,8,9,0,-0.7071067811865471,-0.7071067811865479,0.7818314824680298,0.6234898018587336,0.0,0.0,0.0,0.0,0.0,0.0,26.761480784023476,48.40889008453118,1
2026-09-08 16:00:00,1,0.0,0,16,1,8,9,0,-0.8660254037844384,-0.5000000000000004,0.7818314824680298,0.6234898018587336,0.0,0.0,0.0,0.0,0.0,0.0,26.062177826491073,49.607695154586736,1
2026-09-08 17:00:00,1,0.0,0,17,1,8,9,0,-0.9659258262890683,-0.25881904510252063,0.7818314824680298,0.6234898018587336,0.0,0.0,0.0,0.0,0.0,0.0,24.949747468305834,51.51471862576143,1
2026-09-08 18:00:00,1,0.0,0,18,1,8,9,0,-1.0,-1.8369701987210297e-16,0.7818314824680298,0.6234898018587336,0.0,0.0,0.0,0.0,0.0,0.0,23.5,54.0,1
2026-09-08 19:00:00,1,0.0,0,19,1,8,9,0,-0.9659258262890684,0.2588190451025203,0.7818314824680298,0.6234898018587336,0.0,0.0,0.0,0.0,0.0,0.0,21.811733315717646,56.89417145876975,1
2026-09-08 20:00:00,1,0.0,0,20,1,8,9,0,-0.8660254037844386,0.5000000000000001,0.7818314824680298,0.6234898018587336,0.0,0.0,0.0,0.0,0.0,0.0,20.0,60.0,1
2026-09-08 21:00:00,1,0.0,0,21,1,8,9,0,-0.7071067811865477,0.7071067811865474,0.7818314824680298,0.6234898018587336,0.0,0.0,0.0,0.0,0.0,0.0,18.188266684282354,63.10582854123025,1
2026-09-08 22:00:00,1,0.0,0,22,1,8,9,0,-0.5000000000000004,0.8660254037844384,0.7818314824680298,0.6234898018587336,0.0,0.0,0.0,0.0,0.0,0.0,16.5,66.0,1
2026-09-08 23:00:00,1,0.0,0,23,1,8,9,0,-0.25881904510252157,0.9659258262890681,0.7818314824680298,0.6234898018587336,0.0,0.0,0.0,0.0,0.0,0.0,15.05025253169417,68.48528137423857,1
2026-09-09 00:00:00,1,0.0,0,0,2,9,9,0,0.0,1.0,0.9749279121818236,-0.22252093395631434,0.0,0.0,0.0,0.0,0.0,0.0,13.937822173508929,70.39230484541326,0
2026-09-09 01:00:00,1,0.0,0,1,2,9,9,0,0.25881904510252074,0.9659258262890683,0.9749279121818236,-0.22252093395631434,0.0,0.0,0.0,0.0,0.0,0.0,13.238519215976522,71.59110991546882,0
2026-09-09 02:00:00,1,1.2833333333333332,1,2,2,9,9,0,0.49999999999999994,0.8660254037844387,0.9749279121818236,-0.22252093395631434,0.0,0.0,0.0,0.0,0.0,0.0,13.0,72.0,0
2026-09-09 03:00:00,1,0.0,0,3,2,9,9,0,0.7071067811865475,0.7071067811865476,0.9749279121818236,-0.22252093395631434,1.2833333333333332,0.0,0.0,0.21388888888888888,0.05347222222222222,1.0,13.238519215976522,71.59110991546882,0
2026-09-09 04:00:00,1,0.0,0,4,2,9,9,0,0.8660254037844386,0.5000000000000001,0.9749279121818236,-0.22252093395631434,0.0,0.0,0.0,0.21388888888888888,0.05347222222222222,0.0,13.93782217350893,70.39230484541326,0
2026-09-09 05:00:00,1,0.0,0,5,2,9,9,0,0.9659258262890683,0.25881904510252074,0.9749279121818236,-0.22252093395631434,0.0,0.0,0.0,0.21388888888888888,0.05347222222222222,0.0,15.050252531694168,68.48528137423857,0
2026-09-09 06:00:00,1,0.0,0,6,2,9,9,0,1.0,6.123233995736766e-17,0.9749279121818236,-0.22252093395631434,0.0,0.0,0.0,0.21388888888888888,0.05347222222222222,0.0,16.5,66.0,0
2026-09-09 07:00:00,1,0.0,0,7,2,9,9,0,0.9659258262890683,-0.25881904510252063,0.9749279121818236,-0.22252093395631434,0.0,0.0,0.0,0.21388888888888888,0.05347222222222222,0.0,18.188266684282354,63.10582854123025,0
2026-09-09 08:00:00,1,0.0,0,8,2,9,9,0,0.8660254037844387,-0.4999999999999998,0.9749279121818236,-0.22252093395631434,0.0,0.0,0.0,0.21388888888888888,0.05347222222222222,0.0,20.0,60.0,0
2026-09-09 09:00:00,1,0.0,0,9,2,9,9,0,0.7071067811865476,-0.7071067811865475,0.9749279121818236,-0.22252093395631434,0.0,0.0,0.0,0.0,0.05347222222222222,0.0,21.811733315717646,56.89417145876975,0
2026-09-09 10:00:00,1,0.0,0,10,2,9,9,0,0.49999999999999994,-0.8660254037844387,0.9749279121818236,-0.22252093395631434,0.0,0.0,0.0,0.0,0.05347222222222222,0.0,23.5,54.0,0
2026-09-09 11:00:00,1,0.0,0,11,2,9,9,0,0.258819045102521,-0.9659258262890682,0.9749279121818236,-0.22252093395631434,0.0,0.0,0.0,0.0,0.05347222222222222,0.0,24.94974746830583,51.51471862576143,0
2026-09-09 12:00:00,1,0.0,0,12,2,9,9,0,1.2246467991473532e-16,-1.0,0.9749279121818236,-0.22252093395631434,0.0,0.0,0.0,0.0,0.05347222222222222,0.0,26.06217782649107,49.607695154586736,0
2026-09-09 13:00:00,1,0.0,0,13,2,9,9,0,-0.2588190451025208,-0.9659258262890683,0.9749279121818236,-0.22252093395631434,0.0,0.0,0.0,0.0,0.05347222222222222,0.0,26.761480784023476,48.40889008453118,0
2026-09-09 14:00:00,1,0.0,0,14,2,9,9,0,-0.4999999999999997,-0.8660254037844388,0.9749279121818236,-0.22252093395631434,0.0,0.0,0.0,0.0,0.05347222222222222,0.0,27.0,48.0,0
2026-09-09 15:00:00,1,0.0,0,15,2,9,9,0,-0.7071067811865471,-0.7071067811865479,0.9749279121818236,-0.22252093395631434,0.0,0.0,0.0,0.0,0.05347222222222222,0.0,26.761480784023476,48.40889008453118,0
2026-09-09 16:00:00,1,0.0,0,16,2,9,9,0,-0.8660254037844384,-0.5000000000000004,0.9749279121818236,-0.22252093395631434,0.0,0.0,0.0,0.0,0.05347222222222222,0.0,26.062177826491073,49.607695154586736,0
2026-09-09 17:00:00,1,0.0,0,17,2,9,9,0,-0.9659258262890683,-0.25881904510252063,0.9749279121818236,-0.22252093395631434,0.0,0.0,0.0,0.0,0.05347222222222222,0.0,24.949747468305834,51.51471862576143,0
2026-09-09 18:00:00,1,0.0,0,18,2,9,9,0,-1.0,-1.8369701987210297e-16,0.9749279121818236,-0.22252093395631434,0.0,0.0,0.0,0.0,0.05347222222222222,0.0,23.5,54.0,0
2026-09-09 19:00:00,1,0.0,0,19,2,9,9,0,-0.9659258262890684,0.2588190451025203,0.9749279121818236,-0.22252093395631434,0.0,0.0,0.0,0.0,0.05347222222222222,0.0,21.811733315717646,56.89417145876975,0
2026-09-09 20:00:00,1,0.0,0,20,2,9,9,0,-0.8660254037844386,0.5000000000000001,0.9749279121818236,-0.22252093395631434,0.0,0.0,0.0,0.0,0.05347222222222222,0.0,20.0,60.0,0
2026-09-09 21:00:00,1,0.0,0,21,2,9,9,0,-0.7071067811865477,0.7071067811865474,0.9749279121818236,-0.22252093395631434,0.0,0.0,0.0,0.0,0.05347222222222222,0.0,18.188266684282354,63.10582854123025,0
2026-09-09 22:00:00,1,0.0,0,22,2,9,9,0,-0.5000000000000004,0.8660254037844384,0.9749279121818236,-0.22252093395631434,0.0,0.0,0.0,0.0,0.05347222222222222,0.0,16.5,66.0,0
2026-09-09 23:00:00,1,0.0,0,23,2,9,9,0,-0.25881904510252157,0.9659258262890681,0.9749279121818236,-0.22252093395631434,0.0,0.0,0.0,0.0,0.05347222222222222,0.0,15.05025253169417,68.48528137423857,0
2026-08-13 00:00:00,2,0.0,0,0,3,13,8,0,0.0,1.0,0.43388373911755823,-0.900968867902419,0.0,0.0,0.0,0.0,0.0,0.0,13.937822173508929,70.39230484541326,0
2026-08-13 01:00:00,2,0.0,0,1,3,13,8,0,0.25881904510252074,0.9659258262890683,0.43388373911755823,-0.900968867902419,0.0,0.0,0.0,0.0,0.0,0.0,13.238519215976522,71.59110991546882,0
2026-08-13 02:00:00,2,0.0,0,2,3,13,8,0,0.49999999999999994,0.8660254037844387,0.43388373911755823,-0.900968867902419,0.0,0.0,0.0,0.0,0.0,0.0,13.0,72.0,0
2026-08-13 03:00:00,2,0.0,0,3,3,13,8,0,0.7071067811865475,0.7071067811865476,0.43388373911755823,-0.900968867902419,0.0,0.0,0.0,0.0,0.0,0.0,13.238519215976522,71.59110991546882,0
2026-08-13 04:00:00,2,0.0,0,4,3,13,8,0,0.8660254037844386,0.5000000000000001,0.43388373911755823,-0.900968867902419,0.0,0.0,0.0,0.0,0.0,0.0,13.93782217350893,70.39230484541326,0
2026-08-13 05:00:00,2,0.0,0,5,3,13,8,0,0.9659258262890683,0.25881904510252074,0.43388373911755823,-0.900968867902419,0.0,0.0,0.0,0.0,0.0,0.0,15.050252531694168,68.48528137423857,0
2026-08-13 06:00:00,2,0.0,0,6,3,13,8,0,1.0,6.123233995736766e-17,0.43388373911755823,-0.900968867902419,0.0,0.0,0.0,0.0,0.0,0.0,16.5,66.0,0
2026-08-13 07:00:00,2,0.0,0,7,3,13,8,0,0.9659258262890683,-0.25881904510252063,0.43388373911755823,-0.900968867902419,0.0,0.0,0.0,0.0,0.0,0.0,18.188266684282354,63.10582854123025,0
2026-08-13 08:00:00,2,0.0,0,8,3,13,8,0,0.8660254037844387,-0.4999999999999998,0.43388373911755823,-0.900968867902419,0.0,0.0,0.0,0.0,0.0,0.0,20.0,60.0,0
2026-08-13 09:00:00,2,0.0,0,9,3,13,8,0,0.7071067811865476,-0.7071067811865475,0.43388373911755823,-0.900968867902419,0.0,0.0,0.0,0.0,0.0,0.0,21.811733315717646,56.89417145876975,0
2026-08-13 10:00:00,2,0.0,0,10,3,13,8,0,0.49999999999999994,-0.8660254037844387,0.43388373911755823,-0.900968867902419,0.0,0.0,0.0,0.0,0.0,0.0,23.5,54.0,0
2026-08-13 11:00:00,2,0.0,0,11,3,13,8,0,0.258819045102521,-0.9659258262890682,0.43388373911755823,-0.900968867902419,0.0,0.0,0.0,0.0,0.0,0.0,24.94974746830583,51.51471862576143,0
2026-08-13 12:00:00,2,0.0,0,12,3,13,8,0,1.2246467991473532e-16,-1.0,0.43388373911755823,-0.900968867902419,0.0,0.0,0.0,0.0,0.0,0.0,26.06217782649107,49.607695154586736,0
2026-08-13 13:00:00,2,0.0,0,13,3,13,8,0,-0.2588190451025208,-0.9659258262890683,0.43388373911755823,-0.900968867902419,0.0,0.0,0.0,0.0,0.0,0.0,26.761480784023476,48.40889008453118,0
2026-08-13 14:00:00,2,0.0,0,14,3,13,8,0,-0.4999999999999997,-0.8660254037844388,0.43388373911755823,-0.900968867902419,0.0,0.0,0.0,0.0,0.0,0.0,27.0,48.0,0
2026-08-13 15:00:00,2,0.0,0,15,3,13,8,0,-0.7071067811865471,-0.7071067811865479,0.43388373911755823,-0.900968867902419,0.0,0.0,0.0,0.0,0.0,0.0,26.761480784023476,48.40889008453118,0
2026-08-13 16:00:00,2,0.0,0,16,3,13,8,0,-0.8660254037844384,-0.5000000000000004,0.43388373911755823,-0.900968867902419,0.0,0.0,0.0,0.0,0.0,0.0,26.062177826491073,49.607695154586736,0
2026-08-13 17:00:00,2,0.0,0,17,3,13,8,0,-0.9659258262890683,-0.25881904510252063,0.43388373911755823,-0.900968867902419,0.0,0.0,0.0,0.0,0.0,0.0,24.949747468305834,51.51471862576143,0
2026-08-13 18:00:00,2,0.0,0,18,3,13,8,0,-1.0,-1.8369701987210297e-16,0.43388373911755823,-0.900968867902419,0.0,0.0,0.0,0.0,0.0,0.0,23.5,54.0,0
2026-08-13 19:00:00,2,0.0,0,19,3,13,8,0,-0.9659258262890684,0.2588190451025203,0.43388373911755823,-0.900968867902419,0.0,0.0,0.0,0.0,0.0,0.0,21.811733315717646,56.89417145876975,0
2026-08-13 20:00:00,2,0.0,0,20,3,13,8,0,-0.8660254037844386,0.5000000000000001,0.43388373911755823,-0.900968867902419,0.0,0.0,44.66,0.0,0.0,0.0,20.0,60.0,0
2026-08-13 21:00:00,2,0.0,0,21,3,13,8,0,-0.7071067811865477,0.7071067811865474,0.43388373911755823,-0.900968867902419,0.0,0.0,0.0,0.0,0.0,0.0,18.188266684282354,63.10582854123025,0
2026-08-13 22:00:00,2,0.0,0,22,3,13,8,0,-0.5000000000000004,0.8660254037844384,0.43388373911755823,-0.900968867902419,0.0,0.0,0.0,0.0,0.0,0.0,16.5,66.0,0
2026-08-13 23:00:00,2,0.0,0,23,3,13,8,0,-0.25881904510252157,0.9659258262890681,0.43388373911755823,-0.900968867902419,0.0,0.0,0.0,0.0,0.0,0.0,15.05025253169417,68.48528137423857,0
2026-08-14 00:00:00,2,0.0,0,0,4,14,8,0,0.0,1.0,-0.433883739117558,-0.9009688679024191,0.0,0.0,0.0,0.0,0.0,0.0,13.937822173508929,70.39230484541326,0
2026-08-14 01:00:00,2,0.0,0,1,4,14,8,0,0.25881904510252074,0.9659258262890683,-0.433883739117558,-0.9009688679024191,0.0,0.0,0.0,0.0,0.0,0.0,13.238519215976522,71.59110991546882,0
2026-08-14 02:00:00,2,0.0,0,2,4,14,8,0,0.49999999999999994,0.8660254037844387,-0.433883739117558,-0.9009688679024191,0.0,0.0,0.0,0.0,0.0,0.0,13.0,72.0,0
2026-08-14 03:00:00,2,0.0,0,3,4,14,8,0,0.7071067811865475,0.7071067811865476,-0.433883739117558,-0.9009688679024191,0.0,0.0,0.0,0.0,0.0,0.0,13.238519215976522,71.59110991546882,0
2026-08-14 04:00:00,2,0.0,0,4,4,14,8,0,0.8660254037844386,0.5000000000000001,-0.433883739117558,-0.9009688679024191,0.0,0.0,0.0,0.0,0.0,0.0,13.93782217350893,70.39230484541326,0
2026-08-14 05:00:00,2,0.0,0,5,4,14,8,0,0.9659258262890683,0.25881904510252074,-0.433883739117558,-0.9009688679024191,0.0,0.0,0.0,0.0,0.0,0.0,15.050252531694168,68.48528137423857,0
2026-08-14 06:00:00,2,0.0,0,6,4,14,8,0,1.0,6.123233995736766e-17,-0.433883739117558,-0.9009688679024191,0.0,0.0,0.0,0.0,0.0,0.0,16.5,66.0,0
2026-08-14 07:00:00,2,21.95,1,7,4,14,8,0,0.9659258262890683,-0.25881904510252063,-0.433883739117558,-0.9009688679024191,0.0,0.0,0.0,0.0,0.0,0.0,18.188266684282354,63.10582854123025,0
2026-08-14 08:00:00,2,0.0,0,8,4,14,8,0,0.8660254037844387,-0.4999999999999998,-0.433883739117558,-0.9009688679024191,21.95,0.0,43.59,3.658333333333333,0.9145833333333333,1.0,20.0,60.0,0
2026-08-14 09:00:00,2,0.0,0,9,4,14,8,0,0.7071067811865476,-0.7071067811865475,-0.433883739117558,-0.9009688679024191,0.0,0.0,0.0,3.658333333333333,0.9145833333333333,0.0,21.811733315717646,56.89417145876975,0
2026-08-14 10:00:00,2,0.0,0,10,4,14,8,0,0.49999999999999994,-0.8660254037844387,-0.433883739117558,-0.9009688679024191,0.0,0.0,0.0,3.658333333333333,0.9145833333333333,0.0,23.5,54.0,0
2026-08-14 11:00:00,2,0.0,0,11,4,14,8,0,0.258819045102521,-0.9659258262890682,-0.433883739117558,-0.9009688679024191,0.0,0.0,0.0,3.658333333333333,0.9145833333333333,0.0,24.94974746830583,51.51471862576143,0
2026-08-14 12:00:00,2,0.0,0,12,4,14,8,0,1.2246467991473532e-16,-1.0,-0.433883739117558,-0.9009688679024191,0.0,0.0,0.0,3.658333333333333,0.9145833333333333,0.0,26.06217782649107,49.607695154586736,0
2026-08-14 13:00:00,2,0.0,0,13,4,14,8,0,-0.2588190451025208,-0.9659258262890683,-0.433883739117558,-0.9009688679024191,0.0,0.0,0.0,3.658333333333333,0.9145833333333333,0.0,26.761480784023476,48.40889008453118,0
2026-08-14 14:00:00,2,0.0,0,14,4,14,8,0,-0.4999999999999997,-0.8660254037844388,-0.433883739117558,-0.9009688679024191,0.0,0.0,0.0,0.0,0.9145833333333333,0.0,27.0,48.0,0
2026-08-14 15:00:00,2,0.0,0,15,4,14,8,0,-0.7071067811865471,-0.7071067811865479,-0.433883739117558,-0.9009688679024191,0.0,0.0,0.0,0.0,0.9145833333333333,0.0,26.761480784023476,48.40889008453118,0
2026-08-14 16:00:00,2,0.0,0,16,4,14,8,0,-0.8660254037844384,-0.5000000000000004,-0.433883739117558,-0.9009688679024191,0.0,0.0,0.0,0.0,0.9145833333333333,0.0,26.062177826491073,49.607695154586736,0
2026-08-14 17:00:00,2,0.0,0,17,4,14,8,0,-0.9659258262890683,-0.25881904510252063,-0.433883739117558,-0.9009688679024191,0.0,0.0,0.0,0.0,0.9145833333333333,0.0,24.949747468305834,51.51471862576143,0
2026-08-14 18:00:00,2,10.49,1,18,4,14,8,0,-1.0,-1.8369701987210297e-16,-0.433883739117558,-0.9009688679024191,0.0,0.0,0.0,0.0,0.9145833333333333,0.0,23.5,54.0,0
2026-08-14 19:00:00,2,0.0,0,19,4,14,8,0,-0.9659258262890684,0.2588190451025203,-0.433883739117558,-0.9009688679024191,10.49,0.0,0.0,1.7483333333333333,1.3516666666666666,1.0,21.811733315717646,56.89417145876975,0
2026-08-14 20:00:00,2,0.0,0,20,4,14,8,0,-0.8660254037844386,0.5000000000000001,-0.433883739117558,-0.9009688679024191,0.0,0.0,48.61,1.7483333333333333,1.3516666666666666,0.0,20.0,60.0,0
2026-08-14 21:00:00,2,0.0,0,21,4,14,8,0,-0.7071067811865477,0.7071067811865474,-0.433883739117558,-0.9009688679024191,0.0,0.0,0.0,1.7483333333333333,1.3516666666666666,0.0,18.188266684282354,63.10582854123025,0
2026-08-14 22:00:00,2,0.0,0,22,4,14,8,0,-0.5000000000000004,0.8660254037844384,-0.433883739117558,-0.9009688679024191,0.0,0.0,0.0,1.7483333333333333,1.3516666666666666,0.0,16.5,66.0,0
2026-08-14 23:00:00,2,0.0,0,23,4,14,8,0,-0.25881904510252157,0.9659258262890681,-0.433883739117558,-0.9009688679024191,0.0,0.0,0.0,1.7483333333333333,1.3516666666666666,0.0,15.05025253169417,68.48528137423857,0
2026-08-15 00:00:00,2,0.0,0,0,5,15,8,1,0.0,1.0,-0.9749279121818236,-0.2225209339563146,0.0,0.0,0.0,1.7483333333333333,1.3516666666666666,0.0,13.937822173508929,70.39230484541326,0
2026-08-15 01:00:00,2,0.0,0,1,5,15,8,1,0.25881904510252074,0.9659258262890683,-0.9749279121818236,-0.2225209339563146,0.0,0.0,0.0,0.0,1.3516666666666666,0.0,13.238519215976522,71.59110991546882,0
2026-08-15 02:00:00,2,0.0,0,2,5,15,8,1,0.49999999999999994,0.8660254037844387,-0.9749279121818236,-0.2225209339563146,0.0,0.0,0.0,0.0,1.3516666666666666,0.0,13.0,72.0,0
2026-08-15 03:00:00,2,0.0,0,3,5,15,8,1,0.7071067811865475,0.7071067811865476,-0.9749279121818236,-0.2225209339563146,0.0,0.0,0.0,0.0,1.3516666666666666,0.0,13.238519215976522,71.59110991546882,0
2026-08-15 04:00:00,2,0.0,0,4,5,15,8,1,0.8660254037844386,0.5000000000000001,-0.9749279121818236,-0.2225209339563146,0.0,0.0,0.0,0.0,1.3516666666666666,0.0,13.93782217350893,70.39230484541326,0
2026-08-15 05:00:00,2,0.0,0,5,5,15,8,1,0.9659258262890683,0.25881904510252074,-0.9749279121818236,-0.2225209339563146,0.0,0.0,0.0,0.0,1.3516666666666666,0.0,15.050252531694168,68.48528137423857,0
2026-08-15 06:00:00,2,0.0,0,6,5,15,8,1,1.0,6.123233995736766e-17,-0.9749279121818236,-0.2225209339563146,0.0,0.0,0.0,0.0,1.3516666666666666,0.0,16.5,66.0,0
2026-08-15 07:00:00,2,0.0,0,7,5,15,8,1,0.9659258262890683,-0.25881904510252063,-0.9749279121818236,-0.2225209339563146,0.0,21.95,0.0,0.0,1.3516666666666666,0.0,18.188266684282354,63.10582854123025,0
2026-08-15 08:00:00,2,0.0,0,8,5,15,8,1,0.8660254037844387,-0.4999999999999998,-0.9749279121818236,-0.2225209339563146,0.0,0.0,0.0,0.0,0.4370833333333333,0.0,20.0,60.0,0
2026-08-15 09:00:00,2,0.0,0,9,5,15,8,1,0.7071067811865476,-0.7071067811865475,-0.9749279121818236,-0.2225209339563146,0.0,0.0,0.0,0.0,0.4370833333333333,0.0,21.811733315717646,56.89417145876975,0
2026-08-15 10:00:00,2,0.0,0,10,5,15,8,1,0.49999999999999994,-0.8660254037844387,-0.9749279121818236,-0.2225209339563146,0.0,0.0,0.0,0.0,0.4370833333333333,0.0,23.5,54.0,0
2026-08-15 11:00:00,2,0.0,0,11,5,15,8,1,0.258819045102521,-0.9659258262890682,-0.9749279121818236,-0.2225209339563146,0.0,0.0,0.0,0.0,0.4370833333333333,0.0,24.94974746830583,51.51471862576143,0
2026-08-15 12:00:00,2,0.0,0,12,5,15,8,1,1.2246467991473532e-16,-1.0,-0.9749279121818236,-0.2225209339563146,0.0,0.0,0.0,0.0,0.4370833333333333,0.0,26.06217782649107,49.607695154586736,0
2026-08-15 13:00:00,2,0.0,0,13,5,15,8,1,-0.2588190451025208,-0.9659258262890683,-0.9749279121818236,-0.2225209339563146,0.0,0.0,0.0,0.0,0.4370833333333333,0.0,26.761480784023476,48.40889008453118,0
2026-08-15 14:00:00,2,0.0,0,14,5,15,8,1,-0.4999999999999997,-0.8660254037844388,-0.9749279121818236,-0.2225209339563146,0.0,0.0,0.0,0.0,0.4370833333333333,0.0,27.0,48.0,0
2026-08-15 15:00:00,2,0.0,0,15,5,15,8,1,-0.7071067811865471,-0.7071067811865479,-0.9749279121818236,-0.2225209339563146,0.0,0.0,0.0,0.0,0.4370833333333333,0.0,26.761480784023476,48.40889008453118,0
2026-08-15 16:00:00,2,0.0,0,16,5,15,8,1,-0.8660254037844384,-0.5000000000000004,-0.9749279121818236,-0.2225209339563146,0.0,0.0,0.0,0.0,0.4370833333333333,0.0,26.062177826491073,49.607695154586736,0
2026-08-15 17:00:00,2,0.0,0,17,5,15,8,1,-0.9659258262890683,-0.25881904510252063,-0.9749279121818236,-0.2225209339563146,0.0,0.0,0.0,0.0,0.4370833333333333,0.0,24.949747468305834,51.51471862576143,0
2026-08-15 18:00:00,2,0.0,0,18,5,15,8,1,-1.0,-1.8369701987210297e-16,-0.9749279121818236,-0.2225209339563146,0.0,10.49,0.0,0.0,0.4370833333333333,0.0,23.5,54.0,0
2026-08-15 19:00:00,2,0.0,0,19,5,15,8,1,-0.9659258262890684,0.2588190451025203,-0.9749279121818236,-0.2225209339563146,0.0,0.0,0.0,0.0,0.0,0.0,21.811733315717646,56.89417145876975,0
2026-08-15 20:00:00,2,0.0,0,20,5,15,8,1,-0.8660254037844386,0.5000000000000001,-0.9749279121818236,-0.2225209339563146,0.0,0.0,0.0,0.0,0.0,0.0,20.0,60.0,0
2026-08-15 21:00:00,2,0.0,0,21,5,15,8,1,-0.7071067811865477,0.7071067811865474,-0.9749279121818236,-0.2225209339563146,0.0,0.0,0.0,0.0,0.0,0.0,18.188266684282354,63.10582854123025,0
2026-08-15 22:00:00,2,0.0,0,22,5,15,8,1,-0.5000000000000004,0.8660254037844384,-0.9749279121818236,-0.2225209339563146,0.0,0.0,0.0,0.0,0.0,0.0,16.5,66.0,0
2026-08-15 23:00:00,2,0.0,0,23,5,15,8,1,-0.25881904510252157,0.9659258262890681,-0.9749279121818236,-0.2225209339563146,0.0,0.0,0.0,0.0,0.0,0.0,15.05025253169417,68.48528137423857,0
2026-08-16 00:00:00,2,0.0,0,0,6,16,8,1,0.0,1.0,-0.7818314824680299,0.6234898018587334,0.0,0.0,0.0,0.0,0.0,0.0,13.937822173508929,70.39230484541326,1
2026-08-16 01:00:00,2,0.0,0,1,6,16,8,1,0.25881904510252074,0.9659258262890683,-0.7818314824680299,0.6234898018587334,0.0,0.0,0.0,0.0,0.0,0.0,13.238519215976522,71.59110991546882,1
2026-08-16 02:00:00,2,0.0,0,2,6,16,8,1,0.49999999999999994,0.8660254037844387,-0.7818314824680299,0.6234898018587334,0.0,0.0,0.0,0.0,0.0,0.0,13.0,72.0,1
2026-08-16 03:00:00,2,0.0,0,3,6,16,8,1,0.7071067811865475,0.7071067811865476,-0.7818314824680299,0.6234898018587334,0.0,0.0,0.0,0.0,0.0,0.0,13.238519215976522,71.59110991546882,1
2026-08-16 04:00:00,2,0.0,0,4,6,16,8,1,0.8660254037844386,0.5000000000000001,-0.7818314824680299,0.6234898018587334,0.0,0.0,0.0,0.0,0.0,0.0,13.93782217350893,70.39230484541326,1
2026-08-16 05:00:00,2,0.0,0,5,6,16,8,1,0.9659258262890683,0.25881904510252074,-0.7818314824680299,0.6234898018587334,0.0,0.0,0.0,0.0,0.0,0.0,15.050252531694168,68.48528137423857,1
2026-08-16 06:00:00,2,0.0,0,6,6,16,8,1,1.0,6.123233995736766e-17,-0.7818314824680299,0.6234898018587334,0.0,0.0,0.0,0.0,0.0,0.0,16.5,66.0,1
2026-08-16 07:00:00,2,0.0,0,7,6,16,8,1,0.9659258262890683,-0.25881904510252063,-0.7818314824680299,0.6234898018587334,0.0,0.0,0.0,0.0,0.0,0.0,18.188266684282354,63.10582854123025,1
2026-08-16 08:00:00,2,0.0,0,8,6,16,8,1,0.8660254037844387,-0.4999999999999998,-0.7818314824680299,0.6234898018587334,0.0,0.0,0.0,0.0,0.0,0.0,20.0,60.0,1
2026-08-16 09:00:00,2,0.0,0,9,6,16,8,1,0.7071067811865476,-0.7071067811865475,-0.7818314824680299,0.6234898018587334,0.0,0.0,0.0,0.0,0.0,0.0,21.811733315717646,56.89417145876975,1
2026-08-16 10:00:00,2,0.0,0,10,6,16,8,1,0.49999999999999994,-0.8660254037844387,-0.7818314824680299,0.6234898018587334,0.0,0.0,0.0,0.0,0.0,0.0,23.5,54.0,1
2026-08-16 11:00:00,2,0.0,0,11,6,16,8,1,0.258819045102521,-0.9659258262890682,-0.7818314824680299,0.6234898018587334,0.0,0.0,0.0,0.0,0.0,0.0,24.94974746830583,51.51471862576143,1
2026-08-16 12:00:00,2,0.0,0,12,6,16,8,1,1.2246467991473532e-16,-1.0,-0.7818314824680299,0.6234898018587334,0.0,0.0,0.0,0.0,0.0,0.0,26.06217782649107,49.607695154586736,1
2026-08-16 13:00:00,2,0.0,0,13,6,16,8,1,-0.2588190451025208,-0.9659258262890683,-0.7818314824680299,0.6234898018587334,0.0,0.0,0.0,0.0,0.0,0.0,26.761480784023476,48.40889008453118,1
2026-08-16 14:00:00,2,0.0,0,14,6,16,8,1,-0.4999999999999997,-0.8660254037844388,-0.7818314824680299,0.6234898018587334,0.0,0.0,0.0,0.0,0.0,0.0,27.0,48.0,1
2026-08-16 15:00:00,2,0.0,0,15,6,16,8,1,-0.7071067811865471,-0.7071067811865479,-0.7818314824680299,0.6234898018587334,0.0,0.0,0.0,0.0,0.0,0.0,26.761480784023476,48.40889008453118,1
2026-08-16 16:00:00,2,0.0,0,16,6,16,8,1,-0.8660254037844384,-0.5000000000000004,-0.7818314824680299,0.6234898018587334,0.0,0.0,20.76,0.0,0.0,0.0,26.062177826491073,49.607695154586736,1
2026-08-16 17:00:00,2,0.0,0,17,6,16,8,1,-0.9659258262890683,-0.25881904510252063,-0.7818314824680299,0.6234898018587334,0.0,0.0,0.0,0.0,0.0,0.0,24.949747468305834,51.51471862576143,1
2026-08-16 18:00:00,2,0.0,0,18,6,16,8,1,-1.0,-1.8369701987210297e-16,-0.7818314824680299,0.6234898018587334,0.0,0.0,0.0,0.0,0.0,0.0,23.5,54.0,1
2026-08-16 19:00:00,2,0.0,0,19,6,16,8,1,-0.9659258262890684,0.2588190451025203,-0.7818314824680299,0.6234898018587334,0.0,0.0,0.0,0.0,0.0,0.0,21.811733315717646,56.89417145876975,1
2026-08-16 20:00:00,2,0.0,0,20,6,16,8,1,-0.8660254037844386,0.5000000000000001,-0.7818314824680299,0.6234898018587334,0.0,0.0,0.0,0.0,0.0,0.0,20.0,60.0,1
2026-08-16 21:00:00,2,0.0,0,21,6,16,8,1,-0.7071067811865477,0.7071067811865474,-0.7818314824680299,0.6234898018587334,0.0,0.0,0.0,0.0,0.0,0.0,18.188266684282354,63.10582854123025,1
2026-08-16 22:00:00,2,0.0,0,22,6,16,8,1,-0.5000000000000004,0.8660254037844384,-0.7818314824680299,0.6234898018587334,0.0,0.0,0.0,0.0,0.0,0.0,16.5,66.0,1
2026-08-16 23:00:00,2,0.0,0,23,6,16,8,1,-0.25881904510252157,0.9659258262890681,-0.7818314824680299,0.6234898018587334,0.0,0.0,0.0,0.0,0.0,0.0,15.05025253169417,68.48528137423857,1
2026-08-17 00:00:00,2,0.0,0,0,0,17,8,0,0.0,1.0,0.0,1.0,0.0,0.0,0.0,0.0,0.0,0.0,13.937822173508929,70.39230484541326,0
2026-08-17 01:00:00,2,0.0,0,1,0,17,8,0,0.25881904510252074,0.9659258262890683,0.0,1.0,0.0,0.0,0.0,0.0,0.0,0.0,13.238519215976522,71.59110991546882,0
2026-08-17 02:00:00,2,0.0,0,2,0,17,8,0,0.49999999999999994,0.8660254037844387,0.0,1.0,0.0,0.0,0.0,0.0,0.0,0.0,13.0,72.0,0
2026-08-17 03:00:00,2,0.0,0,3,0,17,8,0,0.7071067811865475,0.7071067811865476,0.0,1.0,0.0,0.0,0.0,0.0,0.0,0.0,13.238519215976522,71.59110991546882,0
2026-08-17 04:00:00,2,0.0,0,4,0,17,8,0,0.8660254037844386,0.5000000000000001,0.0,1.0,0.0,0.0,0.0,0.0,0.0,0.0,13.93782217350893,70.39230484541326,0
2026-08-17 05:00:00,2,0.0,0,5,0,17,8,0,0.9659258262890683,0.25881904510252074,0.0,1.0,0.0,0.0,0.0,0.0,0.0,0.0,15.050252531694168,68.48528137423857,0
2026-08-17 06:00:00,2,0.0,0,6,0,17,8,0,1.0,6.123233995736766e-17,0.0,1.0,0.0,0.0,0.0,0.0,0.0,0.0,16.5,66.0,0
2026-08-17 07:00:00,2,0.0,0,7,0,17,8,0,0.9659258262890683,-0.25881904510252063,0.0,1.0,0.0,0.0,0.0,0.0,0.0,0.0,18.188266684282354,63.10582854123025,0
2026-08-17 08:00:00,2,0.0,0,8,0,17,8,0,0.8660254037844387,-0.4999999999999998,0.0,1.0,0.0,0.0,0.0,0.0,0.0,0.0,20.0,60.0,0
2026-08-17 09:00:00,2,0.0,0,9,0,17,8,0,0.7071067811865476,-0.7071067811865475,0.0,1.0,0.0,0.0,0.0,0.0,0.0,0.0,21.811733315717646,56.89417145876975,0
2026-08-17 10:00:00,2,0.0,0,10,0,17,8,0,0.49999999999999994,-0.8660254037844387,0.0,1.0,0.0,0.0,0.0,0.0,0.0,0.0,23.5,54.0,0
2026-08-17 11:00:00,2,0.0,0,11,0,17,8,0,0.258819045102521,-0.9659258262890682,0.0,1.0,0.0,0.0,0.0,0.0,0.0,0.0,24.94974746830583,51.51471862576143,0
2026-08-17 12:00:00,2,0.0,0,12,0,17,8,0,1.2246467991473532e-16,-1.0,0.0,1.0,0.0,0.0,0.0,0.0,0.0,0.0,26.06217782649107,49.607695154586736,0
2026-08-17 13:00:00,2,0.0,0,13,0,17,8,0,-0.2588190451025208,-0.9659258262890683,0.0,1.0,0.0,0.0,0.0,0.0,0.0,0.0,26.761480784023476,48.40889008453118,0
2026-08-17 14:00:00,2,0.0,0,14,0,17,8,0,-0.4999999999999997,-0.8660254037844388,0.0,1.0,0.0,0.0,0.0,0.0,0.0,0.0,27.0,48.0,0
2026-08-17 15:00:00,2,0.0,0,15,0,17,8,0,-0.7071067811865471,-0.7071067811865479,0.0,1.0,0.0,0.0,0.0,0.0,0.0,0.0,26.761480784023476,48.40889008453118,0
2026-08-17 16:00:00,2,0.0,0,16,0,17,8,0,-0.8660254037844384,-0.5000000000000004,0.0,1.0,0.0,0.0,0.0,0.0,0.0,0.0,26.062177826491073,49.607695154586736,0
2026-08-17 17:00:00,2,0.0,0,17,0,17,8,0,-0.9659258262890683,-0.25881904510252063,0.0,1.0,0.0,0.0,0.0,0.0,0.0,0.0,24.949747468305834,51.51471862576143,0
2026-08-17 18:00:00,2,0.0,0,18,0,17,8,0,-1.0,-1.8369701987210297e-16,0.0,1.0,0.0,0.0,0.0,0.0,0.0,0.0,23.5,54.0,0
2026-08-17 19:00:00,2,0.0,0,19,0,17,8,0,-0.9659258262890684,0.2588190451025203,0.0,1.0,0.0,0.0,0.0,0.0,0.0,0.0,21.811733315717646,56.89417145876975,0
2026-08-17 20:00:00,2,0.0,0,20,0,17,8,0,-0.8660254037844386,0.5000000000000001,0.0,1.0,0.0,0.0,0.0,0.0,0.0,0.0,20.0,60.0,0
2026-08-17 21:00:00,2,0.0,0,21,0,17,8,0,-0.7071067811865477,0.7071067811865474,0.0,1.0,0.0,0.0,10.18,0.0,0.0,0.0,18.188266684282354,63.10582854123025,0
2026-08-17 22:00:00,2,0.0,0,22,0,17,8,0,-0.5000000000000004,0.8660254037844384,0.0,1.0,0.0,0.0,0.0,0.0,0.0,0.0,16.5,66.0,0
2026-08-17 23:00:00,2,0.0,0,23,0,17,8,0,-0.25881904510252157,0.9659258262890681,0.0,1.0,0.0,0.0,0.0,0.0,0.0,0.0,15.05025253169417,68.48528137423857,0
2026-08-18 00:00:00,2,0.0,0,0,1,18,8,0,0.0,1.0,0.7818314824680298,0.6234898018587336,0.0,0.0,0.0,0.0,0.0,0.0,13.937822173508929,70.39230484541326,0
2026-08-18 01:00:00,2,0.0,0,1,1,18,8,0,0.25881904510252074,0.9659258262890683,0.7818314824680298,0.6234898018587336,0.0,0.0,0.0,0.0,0.0,0.0,13.238519215976522,71.59110991546882,0
2026-08-18 02:00:00,2,0.0,0,2,1,18,8,0,0.49999999999999994,0.8660254037844387,0.7818314824680298,0.6234898018587336,0.0,0.0,0.0,0.0,0.0,0.0,13.0,72.0,0
2026-08-18 03:00:00,2,0.0,0,3,1,18,8,0,0.7071067811865475,0.7071067811865476,0.7818314824680298,0.6234898018587336,0.0,0.0,0.0,0.0,0.0,0.0,13.238519215976522,71.59110991546882,0
2026-08-18 04:00:00,2,0.0,0,4,1,18,8,0,0.8660254037844386,0.5000000000000001,0.7818314824680298,0.6234898018587336,0.0,0.0,0.0,0.0,0.0,0.0,13.93782217350893,70.39230484541326,0
2026-08-18 05:00:00,2,0.0,0,5,1,18,8,0,0.9659258262890683,0.25881904510252074,0.7818314824680298,0.6234898018587336,0.0,0.0,0.0,0.0,0.0,0.0,15.050252531694168,68.48528137423857,0
2026-08-18 06:00:00,2,0.0,0,6,1,18,8,0,1.0,6.123233995736766e-17,0.7818314824680298,0.6234898018587336,0.0,0.0,0.0,0.0,0.0,0.0,16.5,66.0,0
2026-08-18 07:00:00,2,37.91,1,7,1,18,8,0,0.9659258262890683,-0.25881904510252063,0.7818314824680298,0.6234898018587336,0.0,0.0,0.0,0.0,0.0,0.0,18.188266684282354,63.10582854123025,0
2026-08-18 08:00:00,2,0.0,0,8,1,18,8,0,0.8660254037844387,-0.4999999999999998,0.7818314824680298,0.6234898018587336,37.91,0.0,0.0,6.3183333333333325,1.5795833333333331,1.0,20.0,60.0,0
2026-08-18 09:00:00,2,0.0,0,9,1,18,8,0,0.7071067811865476,-0.7071067811865475,0.7818314824680298,0.6234898018587336,0.0,0.0,0.0,6.3183333333333325,1.5795833333333331,0.0,21.811733315717646,56.89417145876975,0
2026-08-18 10:00:00,2,0.0,0,10,1,18,8,0,0.49999999999999994,-0.8660254037844387,0.7818314824680298,0.6234898018587336,0.0,0.0,0.0,6.3183333333333325,1.5795833333333331,0.0,23.5,54.0,0
2026-08-18 11:00:00,2,0.0,0,11,1,18,8,0,0.258819045102521,-0.9659258262890682,0.7818314824680298,0.6234898018587336,0.0,0.0,0.0,6.3183333333333325,1.5795833333333331,0.0,24.94974746830583,51.51471862576143,0
2026-08-18 12:00:00,2,0.0,0,12,1,18,8,0,1.2246467991473532e-16,-1.0,0.7818314824680298,0.6234898018587336,0.0,0.0,0.0,6.3183333333333325,1.5795833333333331,0.0,26.06217782649107,49.607695154586736,0
2026-08-18 13:00:00,2,0.0,0,13,1,18,8,0,-0.2588190451025208,-0.9659258262890683,0.7818314824680298,0.6234898018587336,0.0,0.0,0.0,6.3183333333333325,1.5795833333333331,0.0,26.761480784023476,48.40889008453118,0
2026-08-18 14:00:00,2,0.0,0,14,1,18,8,0,-0.4999999999999997,-0.8660254037844388,0.7818314824680298,0.6234898018587336,0.0,0.0,0.0,0.0,1.5795833333333331,0.0,27.0,48.0,0
2026-08-18 15:00:00,2,0.0,0,15,1,18,8,0,-0.7071067811865471,-0.7071067811865479,0.7818314824680298,0.6234898018587336,0.0,0.0,0.0,0.0,1.5795833333333331,0.0,26.761480784023476,48.40889008453118,0
2026-08-18 16:00:00,2,0.0,0,16,1,18,8,0,-0.8660254037844384,-0.5000000000000004,0.7818314824680298,0.6234898018587336,0.0,0.0,33.07,0.0,1.5795833333333331,0.0,26.062177826491073,49.607695154586736,0
2026-08-18 17:00:00,2,0.0,0,17,1,18,8,0,-0.9659258262890683,-0.25881904510252063,0.7818314824680298,0.6234898018587336,0.0,0.0,0.0,0.0,1.5795833333333331,0.0,24.949747468305834,51.51471862576143,0
2026-08-18 18:00:00,2,0.0,0,18,1,18,8,0,-1.0,-1.8369701987210297e-16,0.7818314824680298,0.6234898018587336,0.0,0.0,0.0,0.0,1.5795833333333331,0.0,23.5,54.0,0
2026-08-18 19:00:00,2,0.0,0,19,1,18,8,0,-0.9659258262890684,0.2588190451025203,0.7818314824680298,0.6234898018587336,0.0,0.0,0.0,0.0,1.5795833333333331,0.0,21.811733315717646,56.89417145876975,0
2026-08-18 20:00:00,2,0.0,0,20,1,18,8,0,-0.8660254037844386,0.5000000000000001,0.7818314824680298,0.6234898018587336,0.0,0.0,0.0,0.0,1.5795833333333331,0.0,20.0,60.0,0
2026-08-18 21:00:00,2,0.0,0,21,1,18,8,0,-0.7071067811865477,0.7071067811865474,0.7818314824680298,0.6234898018587336,0.0,0.0,0.0,0.0,1.5795833333333331,0.0,18.188266684282354,63.10582854123025,0
2026-08-18 22:00:00,2,0.0,0,22,1,18,8,0,-0.5000000000000004,0.8660254037844384,0.7818314824680298,0.6234898018587336,0.0,0.0,0.0,0.0,1.5795833333333331,0.0,16.5,66.0,0
2026-08-18 23:00:00,2,0.0,0,23,1,18,8,0,-0.25881904510252157,0.9659258262890681,0.7818314824680298,0.6234898018587336,0.0,0.0,0.0,0.0,1.5795833333333331,0.0,15.05025253169417,68.48528137423857,0
2026-08-19 00:00:00,2,0.0,0,0,2,19,8,0,0.0,1.0,0.9749279121818236,-0.22252093395631434,0.0,0.0,0.0,0.0,1.5795833333333331,0.0,13.937822173508929,70.39230484541326,0
2026-08-19 01:00:00,2,0.0,0,1,2,19,8,0,0.25881904510252074,0.9659258262890683,0.9749279121818236,-0.22252093395631434,0.0,0.0,0.0,0.0,1.5795833333333331,0.0,13.238519215976522,71.59110991546882,0
2026-08-19 02:00:00,2,0.0,0,2,2,19,8,0,0.49999999999999994,0.8660254037844387,0.9749279121818236,-0.22252093395631434,0.0,0.0,0.0,0.0,1.5795833333333331,0.0,13.0,72.0,0
2026-08-19 03:00:00,2,0.0,0,3,2,19,8,0,0.7071067811865475,0.7071067811865476,0.9749279121818236,-0.22252093395631434,0.0,0.0,0.0,0.0,1.5795833333333331,0.0,13.238519215976522,71.59110991546882,0
2026-08-19 04:00:00,2,0.0,0,4,2,19,8,0,0.8660254037844386,0.5000000000000001,0.9749279121818236,-0.22252093395631434,0.0,0.0,0.0,0.0,1.5795833333333331,0.0,13.93782217350893,70.39230484541326,0
2026-08-19 05:00:00,2,0.0,0,5,2,19,8,0,0.9659258262890683,0.25881904510252074,0.9749279121818236,-0.22252093395631434,0.0,0.0,0.0,0.0,1.5795833333333331,0.0,15.050252531694168,68.48528137423857,0
2026-08-19 06:00:00,2,0.0,0,6,2,19,8,0,1.0,6.123233995736766e-17,0.9749279121818236,-0.22252093395631434,0.0,0.0,0.0,0.0,1.5795833333333331,0.0,16.5,66.0,0
2026-08-19 07:00:00,2,0.0,0,7,2,19,8,0,0.9659258262890683,-0.25881904510252063,0.9749279121818236,-0.22252093395631434,0.0,37.91,0.0,0.0,1.5795833333333331,0.0,18.188266684282354,63.10582854123025,0
2026-08-19 08:00:00,2,0.0,0,8,2,19,8,0,0.8660254037844387,-0.4999999999999998,0.9749279121818236,-0.22252093395631434,0.0,0.0,0.0,0.0,0.0,0.0,20.0,60.0,0
2026-08-19 09:00:00,2,0.0,0,9,2,19,8,0,0.7071067811865476,-0.7071067811865475,0.9749279121818236,-0.22252093395631434,0.0,0.0,0.0,0.0,0.0,0.0,21.811733315717646,56.89417145876975,0
2026-08-19 10:00:00,2,0.0,0,10,2,19,8,0,0.49999999999999994,-0.8660254037844387,0.9749279121818236,-0.22252093395631434,0.0,0.0,0.0,0.0,0.0,0.0,23.5,54.0,0
2026-08-19 11:00:00,2,0.0,0,11,2,19,8,0,0.258819045102521,-0.9659258262890682,0.9749279121818236,-0.22252093395631434,0.0,0.0,0.0,0.0,0.0,0.0,24.94974746830583,51.51471862576143,0
2026-08-19 12:00:00,2,0.0,0,12,2,19,8,0,1.2246467991473532e-16,-1.0,0.9749279121818236,-0.22252093395631434,0.0,0.0,0.0,0.0,0.0,0.0,26.06217782649107,49.607695154586736,0
2026-08-19 13:00:00,2,0.0,0,13,2,19,8,0,-0.2588190451025208,-0.9659258262890683,0.9749279121818236,-0.22252093395631434,0.0,0.0,0.0,0.0,0.0,0.0,26.761480784023476,48.40889008453118,0
2026-08-19 14:00:00,2,0.0,0,14,2,19,8,0,-0.4999999999999997,-0.8660254037844388,0.9749279121818236,-0.22252093395631434,0.0,0.0,0.0,0.0,0.0,0.0,27.0,48.0,0
2026-08-19 15:00:00,2,0.0,0,15,2,19,8,0,-0.7071067811865471,-0.7071067811865479,0.9749279121818236,-0.22252093395631434,0.0,0.0,0.0,0.0,0.0,0.0,26.761480784023476,48.40889008453118,0
2026-08-19 16:00:00,2,0.0,0,16,2,19,8,0,-0.8660254037844384,-0.5000000000000004,0.9749279121818236,-0.22252093395631434,0.0,0.0,0.0,0.0,0.0,0.0,26.062177826491073,49.607695154586736,0
2026-08-19 17:00:00,2,0.0,0,17,2,19,8,0,-0.9659258262890683,-0.25881904510252063,0.9749279121818236,-0.22252093395631434,0.0,0.0,0.0,0.0,0.0,0.0,24.949747468305834,51.51471862576143,0
2026-08-19 18:00:00,2,0.0,0,18,2,19,8,0,-1.0,-1.8369701987210297e-16,0.9749279121818236,-0.22252093395631434,0.0,0.0,0.0,0.0,0.0,0.0,23.5,54.0,0
2026-08-19 19:00:00,2,0.0,0,19,2,19,8,0,-0.9659258262890684,0.2588190451025203,0.9749279121818236,-0.22252093395631434,0.0,0.0,0.0,0.0,0.0,0.0,21.811733315717646,56.89417145876975,0
2026-08-19 20:00:00,2,0.0,0,20,2,19,8,0,-0.8660254037844386,0.5000000000000001,0.9749279121818236,-0.22252093395631434,0.0,0.0,0.0,0.0,0.0,0.0,20.0,60.0,0
2026-08-19 21:00:00,2,0.0,0,21,2,19,8,0,-0.7071067811865477,0.7071067811865474,0.9749279121818236,-0.22252093395631434,0.0,0.0,0.0,0.0,0.0,0.0,18.188266684282354,63.10582854123025,0
2026-08-19 22:00:00,2,0.0,0,22,2,19,8,0,-0.5000000000000004,0.8660254037844384,0.9749279121818236,-0.22252093395631434,0.0,0.0,0.0,0.0,0.0,0.0,16.5,66.0,0
2026-08-19 23:00:00,2,0.0,0,23,2,19,8,0,-0.25881904510252157,0.9659258262890681,0.9749279121818236,-0.22252093395631434,0.0,0.0,0.0,0.0,0.0,0.0,15.05025253169417,68.48528137423857,0
2026-08-20 00:00:00,2,0.0,0,0,3,20,8,0,0.0,1.0,0.43388373911755823,-0.900968867902419,0.0,0.0,0.0,0.0,0.0,0.0,13.937822173508929,70.39230484541326,0
2026-08-20 01:00:00,2,0.0,0,1,3,20,8,0,0.25881904510252074,0.9659258262890683,0.43388373911755823,-0.900968867902419,0.0,0.0,0.0,0.0,0.0,0.0,13.238519215976522,71.59110991546882,0
2026-08-20 02:00:00,2,0.0,0,2,3,20,8,0,0.49999999999999994,0.8660254037844387,0.43388373911755823,-0.900968867902419,0.0,0.0,0.0,0.0,0.0,0.0,13.0,72.0,0
2026-08-20 03:00:00,2,0.0,0,3,3,20,8,0,0.7071067811865475,0.7071067811865476,0.43388373911755823,-0.900968867902419,0.0,0.0,0.0,0.0,0.0,0.0,13.238519215976522,71.59110991546882,0
2026-08-20 04:00:00,2,0.0,0,4,3,20,8,0,0.8660254037844386,0.5000000000000001,0.43388373911755823,-0.900968867902419,0.0,0.0,0.0,0.0,0.0,0.0,13.93782217350893,70.39230484541326,0
2026-08-20 05:00:00,2,0.0,0,5,3,20,8,0,0.9659258262890683,0.25881904510252074,0.43388373911755823,-0.900968867902419,0.0,0.0,0.0,0.0,0.0,0.0,15.050252531694168,68.48528137423857,0
2026-08-20 06:00:00,2,0.0,0,6,3,20,8,0,1.0,6.123233995736766e-17,0.43388373911755823,-0.900968867902419,0.0,0.0,0.0,0.0,0.0,0.0,16.5,66.0,0
2026-08-20 07:00:00,2,0.0,0,7,3,20,8,0,0.9659258262890683,-0.25881904510252063,0.43388373911755823,-0.900968867902419,0.0,0.0,0.0,0.0,0.0,0.0,18.188266684282354,63.10582854123025,0
2026-08-20 08:00:00,2,0.0,0,8,3,20,8,0,0.8660254037844387,-0.4999999999999998,0.43388373911755823,-0.900968867902419,0.0,0.0,0.0,0.0,0.0,0.0,20.0,60.0,0
2026-08-20 09:00:00,2,0.0,0,9,3,20,8,0,0.7071067811865476,-0.7071067811865475,0.43388373911755823,-0.900968867902419,0.0,0.0,0.0,0.0,0.0,0.0,21.811733315717646,56.89417145876975,0
2026-08-20 10:00:00,2,0.0,0,10,3,20,8,0,0.49999999999999994,-0.8660254037844387,0.43388373911755823,-0.900968867902419,0.0,0.0,0.0,0.0,0.0,0.0,23.5,54.0,0
2026-08-20 11:00:00,2,0.0,0,11,3,20,8,0,0.258819045102521,-0.9659258262890682,0.43388373911755823,-0.900968867902419,0.0,0.0,0.0,0.0,0.0,0.0,24.94974746830583,51.51471862576143,0
2026-08-20 12:00:00,2,0.0,0,12,3,20,8,0,1.2246467991473532e-16,-1.0,0.43388373911755823,-0.900968867902419,0.0,0.0,0.0,0.0,0.0,0.0,26.06217782649107,49.607695154586736,0
2026-08-20 13:00:00,2,0.0,0,13,3,20,8,0,-0.2588190451025208,-0.9659258262890683,0.43388373911755823,-0.900968867902419,0.0,0.0,0.0,0.0,0.0,0.0,26.761480784023476,48.40889008453118,0
2026-08-20 14:00:00,2,0.0,0,14,3,20,8,0,-0.4999999999999997,-0.8660254037844388,0.43388373911755823,-0.900968867902419,0.0,0.0,0.0,0.0,0.0,0.0,27.0,48.0,0
2026-08-20 15:00:00,2,0.0,0,15,3,20,8,0,-0.7071067811865471,-0.7071067811865479,0.43388373911755823,-0.900968867902419,0.0,0.0,0.0,0.0,0.0,0.0,26.761480784023476,48.40889008453118,0
2026-08-20 16:00:00,2,0.0,0,16,3,20,8,0,-0.8660254037844384,-0.5000000000000004,0.43388373911755823,-0.900968867902419,0.0,0.0,0.0,0.0,0.0,0.0,26.062177826491073,49.607695154586736,0
2026-08-20 17:00:00,2,0.0,0,17,3,20,8,0,-0.9659258262890683,-0.25881904510252063,0.43388373911755823,-0.900968867902419,0.0,0.0,0.0,0.0,0.0,0.0,24.949747468305834,51.51471862576143,0
2026-08-20 18:00:00,2,0.0,0,18,3,20,8,0,-1.0,-1.8369701987210297e-16,0.43388373911755823,-0.900968867902419,0.0,0.0,0.0,0.0,0.0,0.0,23.5,54.0,0
2026-08-20 19:00:00,2,0.0,0,19,3,20,8,0,-0.9659258262890684,0.2588190451025203,0.43388373911755823,-0.900968867902419,0.0,0.0,0.0,0.0,0.0,0.0,21.811733315717646,56.89417145876975,0
2026-08-20 20:00:00,2,0.0,0,20,3,20,8,0,-0.8660254037844386,0.5000000000000001,0.43388373911755823,-0.900968867902419,0.0,0.0,0.0,0.0,0.0,0.0,20.0,60.0,0
2026-08-20 21:00:00,2,0.0,0,21,3,20,8,0,-0.7071067811865477,0.7071067811865474,0.43388373911755823,-0.900968867902419,0.0,0.0,0.0,0.0,0.0,0.0,18.188266684282354,63.10582854123025,0
2026-08-20 22:00:00,2,0.0,0,22,3,20,8,0,-0.5000000000000004,0.8660254037844384,0.43388373911755823,-0.900968867902419,0.0,0.0,0.0,0.0,0.0,0.0,16.5,66.0,0
2026-08-20 23:00:00,2,0.0,0,23,3,20,8,0,-0.25881904510252157,0.9659258262890681,0.43388373911755823,-0.900968867902419,0.0,0.0,0.0,0.0,0.0,0.0,15.05025253169417,68.48528137423857,0
2026-08-21 00:00:00,2,0.0,0,0,4,21,8,0,0.0,1.0,-0.433883739117558,-0.9009688679024191,0.0,0.0,0.0,0.0,0.0,0.0,13.937822173508929,70.39230484541326,0
2026-08-21 01:00:00,2,0.0,0,1,4,21,8,0,0.25881904510252074,0.9659258262890683,-0.433883739117558,-0.9009688679024191,0.0,0.0,0.0,0.0,0.0,0.0,13.238519215976522,71.59110991546882,0
2026-08-21 02:00:00,2,0.0,0,2,4,21,8,0,0.49999999999999994,0.8660254037844387,-0.433883739117558,-0.9009688679024191,0.0,0.0,0.0,0.0,0.0,0.0,13.0,72.0,0
2026-08-21 03:00:00,2,0.0,0,3,4,21,8,0,0.7071067811865475,0.7071067811865476,-0.433883739117558,-0.9009688679024191,0.0,0.0,0.0,0.0,0.0,0.0,13.238519215976522,71.59110991546882,0
2026-08-21 04:00:00,2,0.0,0,4,4,21,8,0,0.8660254037844386,0.5000000000000001,-0.433883739117558,-0.9009688679024191,0.0,0.0,0.0,0.0,0.0,0.0,13.93782217350893,70.39230484541326,0
2026-08-21 05:00:00,2,0.0,0,5,4,21,8,0,0.9659258262890683,0.25881904510252074,-0.433883739117558,-0.9009688679024191,0.0,0.0,0.0,0.0,0.0,0.0,15.050252531694168,68.48528137423857,0
2026-08-21 06:00:00,2,0.0,0,6,4,21,8,0,1.0,6.123233995736766e-17,-0.433883739117558,-0.9009688679024191,0.0,0.0,0.0,0.0,0.0,0.0,16.5,66.0,0
2026-08-21 07:00:00,2,0.0,0,7,4,21,8,0,0.9659258262890683,-0.25881904510252063,-0.433883739117558,-0.9009688679024191,0.0,0.0,21.95,0.0,0.0,0.0,18.188266684282354,63.10582854123025,0
2026-08-21 08:00:00,2,0.0,0,8,4,21,8,0,0.8660254037844387,-0.4999999999999998,-0.433883739117558,-0.9009688679024191,0.0,0.0,0.0,0.0,0.0,0.0,20.0,60.0,0
2026-08-21 09:00:00,2,0.0,0,9,4,21,8,0,0.7071067811865476,-0.7071067811865475,-0.433883739117558,-0.9009688679024191,0.0,0.0,0.0,0.0,0.0,0.0,21.811733315717646,56.89417145876975,0
2026-08-21 10:00:00,2,0.0,0,10,4,21,8,0,0.49999999999999994,-0.8660254037844387,-0.433883739117558,-0.9009688679024191,0.0,0.0,0.0,0.0,0.0,0.0,23.5,54.0,0
2026-08-21 11:00:00,2,0.0,0,11,4,21,8,0,0.258819045102521,-0.9659258262890682,-0.433883739117558,-0.9009688679024191,0.0,0.0,0.0,0.0,0.0,0.0,24.94974746830583,51.51471862576143,0
2026-08-21 12:00:00,2,0.0,0,12,4,21,8,0,1.2246467991473532e-16,-1.0,-0.433883739117558,-0.9009688679024191,0.0,0.0,0.0,0.0,0.0,0.0,26.06217782649107,49.607695154586736,0
2026-08-21 13:00:00,2,0.0,0,13,4,21,8,0,-0.2588190451025208,-0.9659258262890683,-0.433883739117558,-0.9009688679024191,0.0,0.0,0.0,0.0,0.0,0.0,26.761480784023476,48.40889008453118,0
2026-08-21 14:00:00,2,0.0,0,14,4,21,8,0,-0.4999999999999997,-0.8660254037844388,-0.433883739117558,-0.9009688679024191,0.0,0.0,0.0,0.0,0.0,0.0,27.0,48.0,0
2026-08-21 15:00:00,2,0.0,0,15,4,21,8,0,-0.7071067811865471,-0.7071067811865479,-0.433883739117558,-0.9009688679024191,0.0,0.0,0.0,0.0,0.0,0.0,26.761480784023476,48.40889008453118,0
2026-08-21 16:00:00,2,0.0,0,16,4,21,8,0,-0.8660254037844384,-0.5000000000000004,-0.433883739117558,-0.9009688679024191,0.0,0.0,0.0,0.0,0.0,0.0,26.062177826491073,49.607695154586736,0
2026-08-21 17:00:00,2,15.04,1,17,4,21,8,0,-0.9659258262890683,-0.25881904510252063,-0.433883739117558,-0.9009688679024191,0.0,0.0,0.0,0.0,0.0,0.0,24.949747468305834,51.51471862576143,0
2026-08-21 18:00:00,2,35.69,1,18,4,21,8,0,-1.0,-1.8369701987210297e-16,-0.433883739117558,-0.9009688679024191,15.04,0.0,10.49,2.5066666666666664,0.6266666666666666,1.0,23.5,54.0,0
2026-08-21 19:00:00,2,0.0,0,19,4,21,8,0,-0.9659258262890684,0.2588190451025203,-0.433883739117558,-0.9009688679024191,35.69,0.0,0.0,8.455,2.11375,1.0,21.811733315717646,56.89417145876975,0
2026-08-21 20:00:00,2,0.0,0,20,4,21,8,0,-0.8660254037844386,0.5000000000000001,-0.433883739117558,-0.9009688679024191,0.0,0.0,0.0,8.455,2.11375,0.0,20.0,60.0,0
2026-08-21 21:00:00,2,0.0,0,21,4,21,8,0,-0.7071067811865477,0.7071067811865474,-0.433883739117558,-0.9009688679024191,0.0,0.0,0.0,8.455,2.11375,0.0,18.188266684282354,63.10582854123025,0
2026-08-21 22:00:00,2,0.0,0,22,4,21,8,0,-0.5000000000000004,0.8660254037844384,-0.433883739117558,-0.9009688679024191,0.0,0.0,0.0,8.455,2.11375,0.0,16.5,66.0,0
2026-08-21 23:00:00,2,0.0,0,23,4,21,8,0,-0.25881904510252157,0.9659258262890681,-0.433883739117558,-0.9009688679024191,0.0,0.0,0.0,8.455,2.11375,0.0,15.05025253169417,68.48528137423857,0
2026-08-22 00:00:00,2,0.0,0,0,5,22,8,1,0.0,1.0,-0.9749279121818236,-0.2225209339563146,0.0,0.0,0.0,5.948333333333333,2.11375,0.0,13.937822173508929,70.39230484541326,0
2026-08-22 01:00:00,2,0.0,0,1,5,22,8,1,0.25881904510252074,0.9659258262890683,-0.9749279121818236,-0.2225209339563146,0.0,0.0,0.0,0.0,2.11375,0.0,13.238519215976522,71.59110991546882,0
2026-08-22 02:00:00,2,0.0,0,2,5,22,8,1,0.49999999999999994,0.8660254037844387,-0.9749279121818236,-0.2225209339563146,0.0,0.0,0.0,0.0,2.11375,0.0,13.0,72.0,0
2026-08-22 03:00:00,2,0.0,0,3,5,22,8,1,0.7071067811865475,0.7071067811865476,-0.9749279121818236,-0.2225209339563146,0.0,0.0,0.0,0.0,2.11375,0.0,13.238519215976522,71.59110991546882,0
2026-08-22 04:00:00,2,0.0,0,4,5,22,8,1,0.8660254037844386,0.5000000000000001,-0.9749279121818236,-0.2225209339563146,0.0,0.0,0.0,0.0,2.11375,0.0,13.93782217350893,70.39230484541326,0
2026-08-22 05:00:00,2,0.0,0,5,5,22,8,1,0.9659258262890683,0.25881904510252074,-0.9749279121818236,-0.2225209339563146,0.0,0.0,0.0,0.0,2.11375,0.0,15.050252531694168,68.48528137423857,0
2026-08-22 06:00:00,2,0.0,0,6,5,22,8,1,1.0,6.123233995736766e-17,-0.9749279121818236,-0.2225209339563146,0.0,0.0,0.0,0.0,2.11375,0.0,16.5,66.0,0
2026-08-22 07:00:00,2,0.0,0,7,5,22,8,1,0.9659258262890683,-0.25881904510252063,-0.9749279121818236,-0.2225209339563146,0.0,0.0,0.0,0.0,2.11375,0.0,18.188266684282354,63.10582854123025,0
2026-08-22 08:00:00,2,0.0,0,8,5,22,8,1,0.8660254037844387,-0.4999999999999998,-0.9749279121818236,-0.2225209339563146,0.0,0.0,0.0,0.0,2.11375,0.0,20.0,60.0,0
2026-08-22 09:00:00,2,0.0,0,9,5,22,8,1,0.7071067811865476,-0.7071067811865475,-0.9749279121818236,-0.2225209339563146,0.0,0.0,0.0,0.0,2.11375,0.0,21.811733315717646,56.89417145876975,0
2026-08-22 10:00:00,2,0.0,0,10,5,22,8,1,0.49999999999999994,-0.8660254037844387,-0.9749279121818236,-0.2225209339563146,0.0,0.0,0.0,0.0,2.11375,0.0,23.5,54.0,0
2026-08-22 11:00:00,2,0.0,0,11,5,22,8,1,0.258819045102521,-0.9659258262890682,-0.9749279121818236,-0.2225209339563146,0.0,0.0,0.0,0.0,2.11375,0.0,24.94974746830583,51.51471862576143,0
2026-08-22 12:00:00,2,0.0,0,12,5,22,8,1,1.2246467991473532e-16,-1.0,-0.9749279121818236,-0.2225209339563146,0.0,0.0,0.0,0.0,2.11375,0.0,26.06217782649107,49.607695154586736,0
2026-08-22 13:00:00,2,0.0,0,13,5,22,8,1,-0.2588190451025208,-0.9659258262890683,-0.9749279121818236,-0.2225209339563146,0.0,0.0,0.0,0.0,2.11375,0.0,26.761480784023476,48.40889008453118,0
2026-08-22 14:00:00,2,0.0,0,14,5,22,8,1,-0.4999999999999997,-0.8660254037844388,-0.9749279121818236,-0.2225209339563146,0.0,0.0,0.0,0.0,2.11375,0.0,27.0,48.0,0
2026-08-22 15:00:00,2,0.0,0,15,5,22,8,1,-0.7071067811865471,-0.7071067811865479,-0.9749279121818236,-0.2225209339563146,0.0,0.0,0.0,0.0,2.11375,0.0,26.761480784023476,48.40889008453118,0
2026-08-22 16:00:00,2,0.0,0,16,5,22,8,1,-0.8660254037844384,-0.5000000000000004,-0.9749279121818236,-0.2225209339563146,0.0,0.0,0.0,0.0,2.11375,0.0,26.062177826491073,49.607695154586736,0
2026-08-22 17:00:00,2,0.0,0,17,5,22,8,1,-0.9659258262890683,-0.25881904510252063,-0.9749279121818236,-0.2225209339563146,0.0,15.04,0.0,0.0,2.11375,0.0,24.949747468305834,51.51471862576143,0
2026-08-22 18:00:00,2,0.0,0,18,5,22,8,1,-1.0,-1.8369701987210297e-16,-0.9749279121818236,-0.2225209339563146,0.0,35.69,0.0,0.0,1.4870833333333333,0.0,23.5,54.0,0
2026-08-22 19:00:00,2,0.0,0,19,5,22,8,1,-0.9659258262890684,0.2588190451025203,-0.9749279121818236,-0.2225209339563146,0.0,0.0,0.0,0.0,0.0,0.0,21.811733315717646,56.89417145876975,0
2026-08-22 20:00:00,2,0.0,0,20,5,22,8,1,-0.8660254037844386,0.5000000000000001,-0.9749279121818236,-0.2225209339563146,0.0,0.0,0.0,0.0,0.0,0.0,20.0,60.0,0
2026-08-22 21:00:00,2,0.0,0,21,5,22,8,1,-0.7071067811865477,0.7071067811865474,-0.9749279121818236,-0.2225209339563146,0.0,0.0,0.0,0.0,0.0,0.0,18.188266684282354,63.10582854123025,0
2026-08-22 22:00:00,2,0.0,0,22,5,22,8,1,-0.5000000000000004,0.8660254037844384,-0.9749279121818236,-0.2225209339563146,0.0,0.0,0.0,0.0,0.0,0.0,16.5,66.0,0
2026-08-22 23:00:00,2,0.0,0,23,5,22,8,1,-0.25881904510252157,0.9659258262890681,-0.9749279121818236,-0.2225209339563146,0.0,0.0,0.0,0.0,0.0,0.0,15.05025253169417,68.48528137423857,0
2026-08-23 00:00:00,2,0.0,0,0,6,23,8,1,0.0,1.0,-0.7818314824680299,0.6234898018587334,0.0,0.0,0.0,0.0,0.0,0.0,13.937822173508929,70.39230484541326,0
2026-08-23 01:00:00,2,0.0,0,1,6,23,8,1,0.25881904510252074,0.9659258262890683,-0.7818314824680299,0.6234898018587334,0.0,0.0,0.0,0.0,0.0,0.0,13.238519215976522,71.59110991546882,0
2026-08-23 02:00:00,2,0.0,0,2,6,23,8,1,0.49999999999999994,0.8660254037844387,-0.7818314824680299,0.6234898018587334,0.0,0.0,0.0,0.0,0.0,0.0,13.0,72.0,0
2026-08-23 03:00:00,2,0.0,0,3,6,23,8,1,0.7071067811865475,0.7071067811865476,-0.7818314824680299,0.6234898018587334,0.0,0.0,0.0,0.0,0.0,0.0,13.238519215976522,71.59110991546882,0
2026-08-23 04:00:00,2,0.0,0,4,6,23,8,1,0.8660254037844386,0.5000000000000001,-0.7818314824680299,0.6234898018587334,0.0,0.0,0.0,0.0,0.0,0.0,13.93782217350893,70.39230484541326,0
2026-08-23 05:00:00,2,0.0,0,5,6,23,8,1,0.9659258262890683,0.25881904510252074,-0.7818314824680299,0.6234898018587334,0.0,0.0,0.0,0.0,0.0,0.0,15.050252531694168,68.48528137423857,0
2026-08-23 06:00:00,2,0.0,0,6,6,23,8,1,1.0,6.123233995736766e-17,-0.7818314824680299,0.6234898018587334,0.0,0.0,0.0,0.0,0.0,0.0,16.5,66.0,0
2026-08-23 07:00:00,2,0.0,0,7,6,23,8,1,0.9659258262890683,-0.25881904510252063,-0.7818314824680299,0.6234898018587334,0.0,0.0,0.0,0.0,0.0,0.0,18.188266684282354,63.10582854123025,0
2026-08-23 08:00:00,2,0.0,0,8,6,23,8,1,0.8660254037844387,-0.4999999999999998,-0.7818314824680299,0.6234898018587334,0.0,0.0,0.0,0.0,0.0,0.0,20.0,60.0,0
2026-08-23 09:00:00,2,0.0,0,9,6,23,8,1,0.7071067811865476,-0.7071067811865475,-0.7818314824680299,0.6234898018587334,0.0,0.0,0.0,0.0,0.0,0.0,21.811733315717646,56.89417145876975,0
2026-08-23 10:00:00,2,0.0,0,10,6,23,8,1,0.49999999999999994,-0.8660254037844387,-0.7818314824680299,0.6234898018587334,0.0,0.0,0.0,0.0,0.0,0.0,23.5,54.0,0
2026-08-23 11:00:00,2,0.0,0,11,6,23,8,1,0.258819045102521,-0.9659258262890682,-0.7818314824680299,0.6234898018587334,0.0,0.0,0.0,0.0,0.0,0.0,24.94974746830583,51.51471862576143,0
2026-08-23 12:00:00,2,0.0,0,12,6,23,8,1,1.2246467991473532e-16,-1.0,-0.7818314824680299,0.6234898018587334,0.0,0.0,0.0,0.0,0.0,0.0,26.06217782649107,49.607695154586736,0
2026-08-23 13:00:00,2,0.0,0,13,6,23,8,1,-0.2588190451025208,-0.9659258262890683,-0.7818314824680299,0.6234898018587334,0.0,0.0,0.0,0.0,0.0,0.0,26.761480784023476,48.40889008453118,0
2026-08-23 14:00:00,2,0.0,0,14,6,23,8,1,-0.4999999999999997,-0.8660254037844388,-0.7818314824680299,0.6234898018587334,0.0,0.0,0.0,0.0,0.0,0.0,27.0,48.0,0
2026-08-23 15:00:00,2,0.0,0,15,6,23,8,1,-0.7071067811865471,-0.7071067811865479,-0.7818314824680299,0.6234898018587334,0.0,0.0,0.0,0.0,0.0,0.0,26.761480784023476,48.40889008453118,0
2026-08-23 16:00:00,2,0.0,0,16,6,23,8,1,-0.8660254037844384,-0.5000000000000004,-0.7818314824680299,0.6234898018587334,0.0,0.0,0.0,0.0,0.0,0.0,26.062177826491073,49.607695154586736,0
2026-08-23 17:00:00,2,0.0,0,17,6,23,8,1,-0.9659258262890683,-0.25881904510252063,-0.7818314824680299,0.6234898018587334,0.0,0.0,0.0,0.0,0.0,0.0,24.949747468305834,51.51471862576143,0
2026-08-23 18:00:00,2,0.0,0,18,6,23,8,1,-1.0,-1.8369701987210297e-16,-0.7818314824680299,0.6234898018587334,0.0,0.0,0.0,0.0,0.0,0.0,23.5,54.0,0
2026-08-23 19:00:00,2,0.0,0,19,6,23,8,1,-0.9659258262890684,0.2588190451025203,-0.7818314824680299,0.6234898018587334,0.0,0.0,0.0,0.0,0.0,0.0,21.811733315717646,56.89417145876975,0
2026-08-23 20:00:00,2,0.0,0,20,6,23,8,1,-0.8660254037844386,0.5000000000000001,-0.7818314824680299,0.6234898018587334,0.0,0.0,0.0,0.0,0.0,0.0,20.0,60.0,0
2026-08-23 21:00:00,2,0.0,0,21,6,23,8,1,-0.7071067811865477,0.7071067811865474,-0.7818314824680299,0.6234898018587334,0.0,0.0,0.0,0.0,0.0,0.0,18.188266684282354,63.10582854123025,0
2026-08-23 22:00:00,2,0.0,0,22,6,23,8,1,-0.5000000000000004,0.8660254037844384,-0.7818314824680299,0.6234898018587334,0.0,0.0,0.0,0.0,0.0,0.0,16.5,66.0,0
2026-08-23 23:00:00,2,0.0,0,23,6,23,8,1,-0.25881904510252157,0.9659258262890681,-0.7818314824680299,0.6234898018587334,0.0,0.0,0.0,0.0,0.0,0.0,15.05025253169417,68.48528137423857,0
2026-08-24 00:00:00,2,0.0,0,0,0,24,8,0,0.0,1.0,0.0,1.0,0.0,0.0,0.0,0.0,0.0,0.0,13.937822173508929,70.39230484541326,0
2026-08-24 01:00:00,2,0.0,0,1,0,24,8,0,0.25881904510252074,0.9659258262890683,0.0,1.0,0.0,0.0,0.0,0.0,0.0,0.0,13.238519215976522,71.59110991546882,0
2026-08-24 02:00:00,2,0.0,0,2,0,24,8,0,0.49999999999999994,0.8660254037844387,0.0,1.0,0.0,0.0,0.0,0.0,0.0,0.0,13.0,72.0,0
2026-08-24 03:00:00,2,0.0,0,3,0,24,8,0,0.7071067811865475,0.7071067811865476,0.0,1.0,0.0,0.0,0.0,0.0,0.0,0.0,13.238519215976522,71.59110991546882,0
2026-08-24 04:00:00,2,0.0,0,4,0,24,8,0,0.8660254037844386,0.5000000000000001,0.0,1.0,0.0,0.0,0.0,0.0,0.0,0.0,13.93782217350893,70.39230484541326,0
2026-08-24 05:00:00,2,0.0,0,5,0,24,8,0,0.9659258262890683,0.25881904510252074,0.0,1.0,0.0,0.0,0.0,0.0,0.0,0.0,15.050252531694168,68.48528137423857,0
2026-08-24 06:00:00,2,0.0,0,6,0,24,8,0,1.0,6.123233995736766e-17,0.0,1.0,0.0,0.0,0.0,0.0,0.0,0.0,16.5,66.0,0
2026-08-24 07:00:00,2,0.0,0,7,0,24,8,0,0.9659258262890683,-0.25881904510252063,0.0,1.0,0.0,0.0,0.0,0.0,0.0,0.0,18.188266684282354,63.10582854123025,0
2026-08-24 08:00:00,2,0.0,0,8,0,24,8,0,0.8660254037844387,-0.4999999999999998,0.0,1.0,0.0,0.0,0.0,0.0,0.0,0.0,20.0,60.0,0
2026-08-24 09:00:00,2,0.0,0,9,0,24,8,0,0.7071067811865476,-0.7071067811865475,0.0,1.0,0.0,0.0,0.0,0.0,0.0,0.0,21.811733315717646,56.89417145876975,0
2026-08-24 10:00:00,2,0.0,0,10,0,24,8,0,0.49999999999999994,-0.8660254037844387,0.0,1.0,0.0,0.0,0.0,0.0,0.0,0.0,23.5,54.0,0
2026-08-24 11:00:00,2,0.0,0,11,0,24,8,0,0.258819045102521,-0.9659258262890682,0.0,1.0,0.0,0.0,0.0,0.0,0.0,0.0,24.94974746830583,51.51471862576143,0
2026-08-24 12:00:00,2,48.92,1,12,0,24,8,0,1.2246467991473532e-16,-1.0,0.0,1.0,0.0,0.0,0.0,0.0,0.0,0.0,26.06217782649107,49.607695154586736,0
2026-08-24 13:00:00,2,0.0,0,13,0,24,8,0,-0.2588190451025208,-0.9659258262890683,0.0,1.0,48.92,0.0,0.0,8.153333333333334,2.0383333333333336,1.0,26.761480784023476,48.40889008453118,0
2026-08-24 14:00:00,2,0.0,0,14,0,24,8,0,-0.4999999999999997,-0.8660254037844388,0.0,1.0,0.0,0.0,0.0,8.153333333333334,2.0383333333333336,0.0,27.0,48.0,0
2026-08-24 15:00:00,2,0.0,0,15,0,24,8,0,-0.7071067811865471,-0.7071067811865479,0.0,1.0,0.0,0.0,0.0,8.153333333333334,2.0383333333333336,0.0,26.761480784023476,48.40889008453118,0
2026-08-24 16:00:00,2,0.0,0,16,0,24,8,0,-0.8660254037844384,-0.5000000000000004,0.0,1.0,0.0,0.0,0.0,8.153333333333334,2.0383333333333336,0.0,26.062177826491073,49.607695154586736,0
2026-08-24 17:00:00,2,0.0,0,17,0,24,8,0,-0.9659258262890683,-0.25881904510252063,0.0,1.0,0.0,0.0,0.0,8.153333333333334,2.0383333333333336,0.0,24.949747468305834,51.51471862576143,0
2026-08-24 18:00:00,2,0.0,0,18,0,24,8,0,-1.0,-1.8369701987210297e-16,0.0,1.0,0.0,0.0,0.0,8.153333333333334,2.0383333333333336,0.0,23.5,54.0,0
2026-08-24 19:00:00,2,0.0,0,19,0,24,8,0,-0.9659258262890684,0.2588190451025203,0.0,1.0,0.0,0.0,0.0,0.0,2.0383333333333336,0.0,21.811733315717646,56.89417145876975,0
2026-08-24 20:00:00,2,0.0,0,20,0,24,8,0,-0.8660254037844386,0.5000000000000001,0.0,1.0,0.0,0.0,0.0,0.0,2.0383333333333336,0.0,20.0,60.0,0
2026-08-24 21:00:00,2,52.31,1,21,0,24,8,0,-0.7071067811865477,0.7071067811865474,0.0,1.0,0.0,0.0,0.0,0.0,2.0383333333333336,0.0,18.188266684282354,63.10582854123025,0
2026-08-24 22:00:00,2,0.0,0,22,0,24,8,0,-0.5000000000000004,0.8660254037844384,0.0,1.0,52.31,0.0,0.0,8.718333333333334,4.2179166666666665,1.0,16.5,66.0,0
2026-08-24 23:00:00,2,0.0,0,23,0,24,8,0,-0.25881904510252157,0.9659258262890681,0.0,1.0,0.0,0.0,0.0,8.718333333333334,4.2179166666666665,0.0,15.05025253169417,68.48528137423857,0
2026-08-25 00:00:00,2,0.0,0,0,1,25,8,0,0.0,1.0,0.7818314824680298,0.6234898018587336,0.0,0.0,0.0,8.718333333333334,4.2179166666666665,0.0,13.937822173508929,70.39230484541326,1
2026-08-25 01:00:00,2,0.0,0,1,1,25,8,0,0.25881904510252074,0.9659258262890683,0.7818314824680298,0.6234898018587336,0.0,0.0,0.0,8.718333333333334,4.2179166666666665,0.0,13.238519215976522,71.59110991546882,1
2026-08-25 02:00:00,2,0.0,0,2,1,25,8,0,0.49999999999999994,0.8660254037844387,0.7818314824680298,0.6234898018587336,0.0,0.0,0.0,8.718333333333334,4.2179166666666665,0.0,13.0,72.0,1
2026-08-25 03:00:00,2,0.0,0,3,1,25,8,0,0.7071067811865475,0.7071067811865476,0.7818314824680298,0.6234898018587336,0.0,0.0,0.0,8.718333333333334,4.2179166666666665,0.0,13.238519215976522,71.59110991546882,1
2026-08-25 04:00:00,2,0.0,0,4,1,25,8,0,0.8660254037844386,0.5000000000000001,0.7818314824680298,0.6234898018587336,0.0,0.0,0.0,0.0,4.2179166666666665,0.0,13.93782217350893,70.39230484541326,1
2026-08-25 05:00:00,2,0.0,0,5,1,25,8,0,0.9659258262890683,0.25881904510252074,0.7818314824680298,0.6234898018587336,0.0,0.0,0.0,0.0,4.2179166666666665,0.0,15.050252531694168,68.48528137423857,1
2026-08-25 06:00:00,2,0.0,0,6,1,25,8,0,1.0,6.123233995736766e-17,0.7818314824680298,0.6234898018587336,0.0,0.0,0.0,0.0,4.2179166666666665,0.0,16.5,66.0,1
2026-08-25 07:00:00,2,44.53,1,7,1,25,8,0,0.9659258262890683,-0.25881904510252063,0.7818314824680298,0.6234898018587336,0.0,0.0,37.91,0.0,4.2179166666666665,0.0,18.188266684282354,63.10582854123025,1
2026-08-25 08:00:00,2,0.0,0,8,1,25,8,0,0.8660254037844387,-0.4999999999999998,0.7818314824680298,0.6234898018587336,44.53,0.0,0.0,7.421666666666667,6.073333333333333,1.0,20.0,60.0,1
2026-08-25 09:00:00,2,0.0,0,9,1,25,8,0,0.7071067811865476,-0.7071067811865475,0.7818314824680298,0.6234898018587336,0.0,0.0,0.0,7.421666666666667,6.073333333333333,0.0,21.811733315717646,56.89417145876975,1
2026-08-25 10:00:00,2,0.0,0,10,1,25,8,0,0.49999999999999994,-0.8660254037844387,0.7818314824680298,0.6234898018587336,0.0,0.0,0.0,7.421666666666667,6.073333333333333,0.0,23.5,54.0,1
2026-08-25 11:00:00,2,0.0,0,11,1,25,8,0,0.258819045102521,-0.9659258262890682,0.7818314824680298,0.6234898018587336,0.0,0.0,0.0,7.421666666666667,6.073333333333333,0.0,24.94974746830583,51.51471862576143,1
2026-08-25 12:00:00,2,0.0,0,12,1,25,8,0,1.2246467991473532e-16,-1.0,0.7818314824680298,0.6234898018587336,0.0,48.92,0.0,7.421666666666667,6.073333333333333,0.0,26.06217782649107,49.607695154586736,1
2026-08-25 13:00:00,2,0.0,0,13,1,25,8,0,-0.2588190451025208,-0.9659258262890683,0.7818314824680298,0.6234898018587336,0.0,0.0,0.0,7.421666666666667,4.035,0.0,26.761480784023476,48.40889008453118,1
2026-08-25 14:00:00,2,0.0,0,14,1,25,8,0,-0.4999999999999997,-0.8660254037844388,0.7818314824680298,0.6234898018587336,0.0,0.0,0.0,0.0,4.035,0.0,27.0,48.0,1
2026-08-25 15:00:00,2,0.0,0,15,1,25,8,0,-0.7071067811865471,-0.7071067811865479,0.7818314824680298,0.6234898018587336,0.0,0.0,0.0,0.0,4.035,0.0,26.761480784023476,48.40889008453118,1
2026-08-25 16:00:00,2,0.0,0,16,1,25,8,0,-0.8660254037844384,-0.5000000000000004,0.7818314824680298,0.6234898018587336,0.0,0.0,0.0,0.0,4.035,0.0,26.062177826491073,49.607695154586736,1
2026-08-25 17:00:00,2,0.0,0,17,1,25,8,0,-0.9659258262890683,-0.25881904510252063,0.7818314824680298,0.6234898018587336,0.0,0.0,0.0,0.0,4.035,0.0,24.949747468305834,51.51471862576143,1
2026-08-25 18:00:00,2,0.0,0,18,1,25,8,0,-1.0,-1.8369701987210297e-16,0.7818314824680298,0.6234898018587336,0.0,0.0,0.0,0.0,4.035,0.0,23.5,54.0,1
2026-08-25 19:00:00,2,0.0,0,19,1,25,8,0,-0.9659258262890684,0.2588190451025203,0.7818314824680298,0.6234898018587336,0.0,0.0,0.0,0.0,4.035,0.0,21.811733315717646,56.89417145876975,1
2026-08-25 20:00:00,2,0.0,0,20,1,25,8,0,-0.8660254037844386,0.5000000000000001,0.7818314824680298,0.6234898018587336,0.0,0.0,0.0,0.0,4.035,0.0,20.0,60.0,1
2026-08-25 21:00:00,2,0.0,0,21,1,25,8,0,-0.7071067811865477,0.7071067811865474,0.7818314824680298,0.6234898018587336,0.0,52.31,0.0,0.0,4.035,0.0,18.188266684282354,63.10582854123025,1
2026-08-25 22:00:00,2,0.0,0,22,1,25,8,0,-0.5000000000000004,0.8660254037844384,0.7818314824680298,0.6234898018587336,0.0,0.0,0.0,0.0,1.8554166666666667,0.0,16.5,66.0,1
2026-08-25 23:00:00,2,0.0,0,23,1,25,8,0,-0.25881904510252157,0.9659258262890681,0.7818314824680298,0.6234898018587336,0.0,0.0,0.0,0.0,1.8554166666666667,0.0,15.05025253169417,68.48528137423857,1
2026-08-26 00:00:00,2,0.0,0,0,2,26,8,0,0.0,1.0,0.9749279121818236,-0.22252093395631434,0.0,0.0,0.0,0.0,1.8554166666666667,0.0,13.937822173508929,70.39230484541326,0
2026-08-26 01:00:00,2,0.0,0,1,2,26,8,0,0.25881904510252074,0.9659258262890683,0.9749279121818236,-0.22252093395631434,0.0,0.0,0.0,0.0,1.8554166666666667,0.0,13.238519215976522,71.59110991546882,0
2026-08-26 02:00:00,2,0.0,0,2,2,26,8,0,0.49999999999999994,0.8660254037844387,0.9749279121818236,-0.22252093395631434,0.0,0.0,0.0,0.0,1.8554166666666667,0.0,13.0,72.0,0
2026-08-26 03:00:00,2,0.0,0,3,2,26,8,0,0.7071067811865475,0.7071067811865476,0.9749279121818236,-0.22252093395631434,0.0,0.0,0.0,0.0,1.8554166666666667,0.0,13.238519215976522,71.59110991546882,0
2026-08-26 04:00:00,2,0.0,0,4,2,26,8,0,0.8660254037844386,0.5000000000000001,0.9749279121818236,-0.22252093395631434,0.0,0.0,0.0,0.0,1.8554166666666667,0.0,13.93782217350893,70.39230484541326,0
2026-08-26 05:00:00,2,0.0,0,5,2,26,8,0,0.9659258262890683,0.25881904510252074,0.9749279121818236,-0.22252093395631434,0.0,0.0,0.0,0.0,1.8554166666666667,0.0,15.050252531694168,68.48528137423857,0
2026-08-26 06:00:00,2,0.0,0,6,2,26,8,0,1.0,6.123233995736766e-17,0.9749279121818236,-0.22252093395631434,0.0,0.0,0.0,0.0,1.8554166666666667,0.0,16.5,66.0,0
2026-08-26 07:00:00,2,0.0,0,7,2,26,8,0,0.9659258262890683,-0.25881904510252063,0.9749279121818236,-0.22252093395631434,0.0,44.53,0.0,0.0,1.8554166666666667,0.0,18.188266684282354,63.10582854123025,0
2026-08-26 08:00:00,2,0.0,0,8,2,26,8,0,0.8660254037844387,-0.4999999999999998,0.9749279121818236,-0.22252093395631434,0.0,0.0,0.0,0.0,0.0,0.0,20.0,60.0,0
2026-08-26 09:00:00,2,0.0,0,9,2,26,8,0,0.7071067811865476,-0.7071067811865475,0.9749279121818236,-0.22252093395631434,0.0,0.0,0.0,0.0,0.0,0.0,21.811733315717646,56.89417145876975,0
2026-08-26 10:00:00,2,0.0,0,10,2,26,8,0,0.49999999999999994,-0.8660254037844387,0.9749279121818236,-0.22252093395631434,0.0,0.0,0.0,0.0,0.0,0.0,23.5,54.0,0
2026-08-26 11:00:00,2,0.0,0,11,2,26,8,0,0.258819045102521,-0.9659258262890682,0.9749279121818236,-0.22252093395631434,0.0,0.0,0.0,0.0,0.0,0.0,24.94974746830583,51.51471862576143,0
2026-08-26 12:00:00,2,0.0,0,12,2,26,8,0,1.2246467991473532e-16,-1.0,0.9749279121818236,-0.22252093395631434,0.0,0.0,0.0,0.0,0.0,0.0,26.06217782649107,49.607695154586736,0
2026-08-26 13:00:00,2,0.0,0,13,2,26,8,0,-0.2588190451025208,-0.9659258262890683,0.9749279121818236,-0.22252093395631434,0.0,0.0,0.0,0.0,0.0,0.0,26.761480784023476,48.40889008453118,0
2026-08-26 14:00:00,2,0.0,0,14,2,26,8,0,-0.4999999999999997,-0.8660254037844388,0.9749279121818236,-0.22252093395631434,0.0,0.0,0.0,0.0,0.0,0.0,27.0,48.0,0
2026-08-26 15:00:00,2,0.0,0,15,2,26,8,0,-0.7071067811865471,-0.7071067811865479,0.9749279121818236,-0.22252093395631434,0.0,0.0,0.0,0.0,0.0,0.0,26.761480784023476,48.40889008453118,0
2026-08-26 16:00:00,2,29.4,1,16,2,26,8,0,-0.8660254037844384,-0.5000000000000004,0.9749279121818236,-0.22252093395631434,0.0,0.0,0.0,0.0,0.0,0.0,26.062177826491073,49.607695154586736,0
2026-08-26 17:00:00,2,0.0,0,17,2,26,8,0,-0.9659258262890683,-0.25881904510252063,0.9749279121818236,-0.22252093395631434,29.4,0.0,0.0,4.8999999999999995,1.2249999999999999,1.0,24.949747468305834,51.51471862576143,0
2026-08-26 18:00:00,2,0.0,0,18,2,26,8,0,-1.0,-1.8369701987210297e-16,0.9749279121818236,-0.22252093395631434,0.0,0.0,0.0,4.8999999999999995,1.2249999999999999,0.0,23.5,54.0,0
2026-08-26 19:00:00,2,0.0,0,19,2,26,8,0,-0.9659258262890684,0.2588190451025203,0.9749279121818236,-0.22252093395631434,0.0,0.0,0.0,4.8999999999999995,1.2249999999999999,0.0,21.811733315717646,56.89417145876975,0
2026-08-26 20:00:00,2,0.0,0,20,2,26,8,0,-0.8660254037844386,0.5000000000000001,0.9749279121818236,-0.22252093395631434,0.0,0.0,0.0,4.8999999999999995,1.2249999999999999,0.0,20.0,60.0,0
2026-08-26 21:00:00,2,0.0,0,21,2,26,8,0,-0.7071067811865477,0.7071067811865474,0.9749279121818236,-0.22252093395631434,0.0,0.0,0.0,4.8999999999999995,1.2249999999999999,0.0,18.188266684282354,63.10582854123025,0
2026-08-26 22:00:00,2,0.0,0,22,2,26,8,0,-0.5000000000000004,0.8660254037844384,0.9749279121818236,-0.22252093395631434,0.0,0.0,0.0,4.8999999999999995,1.2249999999999999,0.0,16.5,66.0,0
2026-08-26 23:00:00,2,0.0,0,23,2,26,8,0,-0.25881904510252157,0.9659258262890681,0.9749279121818236,-0.22252093395631434,0.0,0.0,0.0,0.0,1.2249999999999999,0.0,15.05025253169417,68.48528137423857,0
2026-08-27 00:00:00,2,0.0,0,0,3,27,8,0,0.0,1.0,0.43388373911755823,-0.900968867902419,0.0,0.0,0.0,0.0,1.2249999999999999,0.0,13.937822173508929,70.39230484541326,0
2026-08-27 01:00:00,2,0.0,0,1,3,27,8,0,0.25881904510252074,0.9659258262890683,0.43388373911755823,-0.900968867902419,0.0,0.0,0.0,0.0,1.2249999999999999,0.0,13.238519215976522,71.59110991546882,0
2026-08-27 02:00:00,2,0.0,0,2,3,27,8,0,0.49999999999999994,0.8660254037844387,0.43388373911755823,-0.900968867902419,0.0,0.0,0.0,0.0,1.2249999999999999,0.0,13.0,72.0,0
2026-08-27 03:00:00,2,0.0,0,3,3,27,8,0,0.7071067811865475,0.7071067811865476,0.43388373911755823,-0.900968867902419,0.0,0.0,0.0,0.0,1.2249999999999999,0.0,13.238519215976522,71.59110991546882,0
2026-08-27 04:00:00,2,0.0,0,4,3,27,8,0,0.8660254037844386,0.5000000000000001,0.43388373911755823,-0.900968867902419,0.0,0.0,0.0,0.0,1.2249999999999999,0.0,13.93782217350893,70.39230484541326,0
2026-08-27 05:00:00,2,0.0,0,5,3,27,8,0,0.9659258262890683,0.25881904510252074,0.43388373911755823,-0.900968867902419,0.0,0.0,0.0,0.0,1.2249999999999999,0.0,15.050252531694168,68.48528137423857,0
2026-08-27 06:00:00,2,0.0,0,6,3,27,8,0,1.0,6.123233995736766e-17,0.43388373911755823,-0.900968867902419,0.0,0.0,0.0,0.0,1.2249999999999999,0.0,16.5,66.0,0
2026-08-27 07:00:00,2,0.0,0,7,3,27,8,0,0.9659258262890683,-0.25881904510252063,0.43388373911755823,-0.900968867902419,0.0,0.0,0.0,0.0,1.2249999999999999,0.0,18.188266684282354,63.10582854123025,0
2026-08-27 08:00:00,2,0.0,0,8,3,27,8,0,0.8660254037844387,-0.4999999999999998,0.43388373911755823,-0.900968867902419,0.0,0.0,0.0,0.0,1.2249999999999999,0.0,20.0,60.0,0
2026-08-27 09:00:00,2,0.0,0,9,3,27,8,0,0.7071067811865476,-0.7071067811865475,0.43388373911755823,-0.900968867902419,0.0,0.0,0.0,0.0,1.2249999999999999,0.0,21.811733315717646,56.89417145876975,0
2026-08-27 10:00:00,2,0.0,0,10,3,27,8,0,0.49999999999999994,-0.8660254037844387,0.43388373911755823,-0.900968867902419,0.0,0.0,0.0,0.0,1.2249999999999999,0.0,23.5,54.0,0
2026-08-27 11:00:00,2,0.0,0,11,3,27,8,0,0.258819045102521,-0.9659258262890682,0.43388373911755823,-0.900968867902419,0.0,0.0,0.0,0.0,1.2249999999999999,0.0,24.94974746830583,51.51471862576143,0
2026-08-27 12:00:00,2,0.0,0,12,3,27,8,0,1.2246467991473532e-16,-1.0,0.43388373911755823,-0.900968867902419,0.0,0.0,0.0,0.0,1.2249999999999999,0.0,26.06217782649107,49.607695154586736,0
2026-08-27 13:00:00,2,0.0,0,13,3,27,8,0,-0.2588190451025208,-0.9659258262890683,0.43388373911755823,-0.900968867902419,0.0,0.0,0.0,0.0,1.2249999999999999,0.0,26.761480784023476,48.40889008453118,0
2026-08-27 14:00:00,2,0.0,0,14,3,27,8,0,-0.4999999999999997,-0.8660254037844388,0.43388373911755823,-0.900968867902419,0.0,0.0,0.0,0.0,1.2249999999999999,0.0,27.0,48.0,0
2026-08-27 15:00:00,2,0.0,0,15,3,27,8,0,-0.7071067811865471,-0.7071067811865479,0.43388373911755823,-0.900968867902419,0.0,0.0,0.0,0.0,1.2249999999999999,0.0,26.761480784023476,48.40889008453118,0
2026-08-27 16:00:00,2,0.0,0,16,3,27,8,0,-0.8660254037844384,-0.5000000000000004,0.43388373911755823,-0.900968867902419,0.0,29.4,0.0,0.0,1.2249999999999999,0.0,26.062177826491073,49.607695154586736,0
2026-08-27 17:00:00,2,0.0,0,17,3,27,8,0,-0.9659258262890683,-0.25881904510252063,0.43388373911755823,-0.900968867902419,0.0,0.0,0.0,0.0,0.0,0.0,24.949747468305834,51.51471862576143,0
2026-08-27 18:00:00,2,0.0,0,18,3,27,8,0,-1.0,-1.8369701987210297e-16,0.43388373911755823,-0.900968867902419,0.0,0.0,0.0,0.0,0.0,0.0,23.5,54.0,0
2026-08-27 19:00:00,2,0.0,0,19,3,27,8,0,-0.9659258262890684,0.2588190451025203,0.43388373911755823,-0.900968867902419,0.0,0.0,0.0,0.0,0.0,0.0,21.811733315717646,56.89417145876975,0
2026-08-27 20:00:00,2,0.0,0,20,3,27,8,0,-0.8660254037844386,0.5000000000000001,0.43388373911755823,-0.900968867902419,0.0,0.0,0.0,0.0,0.0,0.0,20.0,60.0,0
2026-08-27 21:00:00,2,0.0,0,21,3,27,8,0,-0.7071067811865477,0.7071067811865474,0.43388373911755823,-0.900968867902419,0.0,0.0,0.0,0.0,0.0,0.0,18.188266684282354,63.10582854123025,0
2026-08-27 22:00:00,2,0.0,0,22,3,27,8,0,-0.5000000000000004,0.8660254037844384,0.43388373911755823,-0.900968867902419,0.0,0.0,0.0,0.0,0.0,0.0,16.5,66.0,0
2026-08-27 23:00:00,2,0.0,0,23,3,27,8,0,-0.25881904510252157,0.9659258262890681,0.43388373911755823,-0.900968867902419,0.0,0.0,0.0,0.0,0.0,0.0,15.05025253169417,68.48528137423857,0
2026-08-28 00:00:00,2,0.0,0,0,4,28,8,0,0.0,1.0,-0.433883739117558,-0.9009688679024191,0.0,0.0,0.0,0.0,0.0,0.0,13.937822173508929,70.39230484541326,0
2026-08-28 01:00:00,2,0.0,0,1,4,28,8,0,0.25881904510252074,0.9659258262890683,-0.433883739117558,-0.9009688679024191,0.0,0.0,0.0,0.0,0.0,0.0,13.238519215976522,71.59110991546882,0
2026-08-28 02:00:00,2,0.0,0,2,4,28,8,0,0.49999999999999994,0.8660254037844387,-0.433883739117558,-0.9009688679024191,0.0,0.0,0.0,0.0,0.0,0.0,13.0,72.0,0
2026-08-28 03:00:00,2,0.0,0,3,4,28,8,0,0.7071067811865475,0.7071067811865476,-0.433883739117558,-0.9009688679024191,0.0,0.0,0.0,0.0,0.0,0.0,13.238519215976522,71.59110991546882,0
2026-08-28 04:00:00,2,0.0,0,4,4,28,8,0,0.8660254037844386,0.5000000000000001,-0.433883739117558,-0.9009688679024191,0.0,0.0,0.0,0.0,0.0,0.0,13.93782217350893,70.39230484541326,0
2026-08-28 05:00:00,2,0.0,0,5,4,28,8,0,0.9659258262890683,0.25881904510252074,-0.433883739117558,-0.9009688679024191,0.0,0.0,0.0,0.0,0.0,0.0,15.050252531694168,68.48528137423857,0
2026-08-28 06:00:00,2,0.0,0,6,4,28,8,0,1.0,6.123233995736766e-17,-0.433883739117558,-0.9009688679024191,0.0,0.0,0.0,0.0,0.0,0.0,16.5,66.0,0
2026-08-28 07:00:00,2,0.0,0,7,4,28,8,0,0.9659258262890683,-0.25881904510252063,-0.433883739117558,-0.9009688679024191,0.0,0.0,0.0,0.0,0.0,0.0,18.188266684282354,63.10582854123025,0
2026-08-28 08:00:00,2,0.0,0,8,4,28,8,0,0.8660254037844387,-0.4999999999999998,-0.433883739117558,-0.9009688679024191,0.0,0.0,0.0,0.0,0.0,0.0,20.0,60.0,0
2026-08-28 09:00:00,2,0.0,0,9,4,28,8,0,0.7071067811865476,-0.7071067811865475,-0.433883739117558,-0.9009688679024191,0.0,0.0,0.0,0.0,0.0,0.0,21.811733315717646,56.89417145876975,0
2026-08-28 10:00:00,2,0.0,0,10,4,28,8,0,0.49999999999999994,-0.8660254037844387,-0.433883739117558,-0.9009688679024191,0.0,0.0,0.0,0.0,0.0,0.0,23.5,54.0,0
2026-08-28 11:00:00,2,0.0,0,11,4,28,8,0,0.258819045102521,-0.9659258262890682,-0.433883739117558,-0.9009688679024191,0.0,0.0,0.0,0.0,0.0,0.0,24.94974746830583,51.51471862576143,0
2026-08-28 12:00:00,2,0.0,0,12,4,28,8,0,1.2246467991473532e-16,-1.0,-0.433883739117558,-0.9009688679024191,0.0,0.0,0.0,0.0,0.0,0.0,26.06217782649107,49.607695154586736,0
2026-08-28 13:00:00,2,0.0,0,13,4,28,8,0,-0.2588190451025208,-0.9659258262890683,-0.433883739117558,-0.9009688679024191,0.0,0.0,0.0,0.0,0.0,0.0,26.761480784023476,48.40889008453118,0
2026-08-28 14:00:00,2,0.0,0,14,4,28,8,0,-0.4999999999999997,-0.8660254037844388,-0.433883739117558,-0.9009688679024191,0.0,0.0,0.0,0.0,0.0,0.0,27.0,48.0,0
2026-08-28 15:00:00,2,0.0,0,15,4,28,8,0,-0.7071067811865471,-0.7071067811865479,-0.433883739117558,-0.9009688679024191,0.0,0.0,0.0,0.0,0.0,0.0,26.761480784023476,48.40889008453118,0
2026-08-28 16:00:00,2,0.0,0,16,4,28,8,0,-0.8660254037844384,-0.5000000000000004,-0.433883739117558,-0.9009688679024191,0.0,0.0,0.0,0.0,0.0,0.0,26.062177826491073,49.607695154586736,0
2026-08-28 17:00:00,2,0.0,0,17,4,28,8,0,-0.9659258262890683,-0.25881904510252063,-0.433883739117558,-0.9009688679024191,0.0,0.0,15.04,0.0,0.0,0.0,24.949747468305834,51.51471862576143,0
2026-08-28 18:00:00,2,0.0,0,18,4,28,8,0,-1.0,-1.8369701987210297e-16,-0.433883739117558,-0.9009688679024191,0.0,0.0,35.69,0.0,0.0,0.0,23.5,54.0,0
2026-08-28 19:00:00,2,0.0,0,19,4,28,8,0,-0.9659258262890684,0.2588190451025203,-0.433883739117558,-0.9009688679024191,0.0,0.0,0.0,0.0,0.0,0.0,21.811733315717646,56.89417145876975,0
2026-08-28 20:00:00,2,0.0,0,20,4,28,8,0,-0.8660254037844386,0.5000000000000001,-0.433883739117558,-0.9009688679024191,0.0,0.0,0.0,0.0,0.0,0.0,20.0,60.0,0
2026-08-28 21:00:00,2,0.0,0,21,4,28,8,0,-0.7071067811865477,0.7071067811865474,-0.433883739117558,-0.9009688679024191,0.0,0.0,0.0,0.0,0.0,0.0,18.188266684282354,63.10582854123025,0
2026-08-28 22:00:00,2,0.0,0,22,4,28,8,0,-0.5000000000000004,0.8660254037844384,-0.433883739117558,-0.9009688679024191,0.0,0.0,0.0,0.0,0.0,0.0,16.5,66.0,0
2026-08-28 23:00:00,2,0.0,0,23,4,28,8,0,-0.25881904510252157,0.9659258262890681,-0.433883739117558,-0.9009688679024191,0.0,0.0,0.0,0.0,0.0,0.0,15.05025253169417,68.48528137423857,0
2026-08-29 00:00:00,2,0.0,0,0,5,29,8,1,0.0,1.0,-0.9749279121818236,-0.2225209339563146,0.0,0.0,0.0,0.0,0.0,0.0,13.937822173508929,70.39230484541326,0
2026-08-29 01:00:00,2,0.0,0,1,5,29,8,1,0.25881904510252074,0.9659258262890683,-0.9749279121818236,-0.2225209339563146,0.0,0.0,0.0,0.0,0.0,0.0,13.238519215976522,71.59110991546882,0
2026-08-29 02:00:00,2,0.0,0,2,5,29,8,1,0.49999999999999994,0.8660254037844387,-0.9749279121818236,-0.2225209339563146,0.0,0.0,0.0,0.0,0.0,0.0,13.0,72.0,0
2026-08-29 03:00:00,2,0.0,0,3,5,29,8,1,0.7071067811865475,0.7071067811865476,-0.9749279121818236,-0.2225209339563146,0.0,0.0,0.0,0.0,0.0,0.0,13.238519215976522,71.59110991546882,0
2026-08-29 04:00:00,2,0.0,0,4,5,29,8,1,0.8660254037844386,0.5000000000000001,-0.9749279121818236,-0.2225209339563146,0.0,0.0,0.0,0.0,0.0,0.0,13.93782217350893,70.39230484541326,0
2026-08-29 05:00:00,2,0.0,0,5,5,29,8,1,0.9659258262890683,0.25881904510252074,-0.9749279121818236,-0.2225209339563146,0.0,0.0,0.0,0.0,0.0,0.0,15.050252531694168,68.48528137423857,0
2026-08-29 06:00:00,2,0.0,0,6,5,29,8,1,1.0,6.123233995736766e-17,-0.9749279121818236,-0.2225209339563146,0.0,0.0,0.0,0.0,0.0,0.0,16.5,66.0,0
2026-08-29 07:00:00,2,0.0,0,7,5,29,8,1,0.9659258262890683,-0.25881904510252063,-0.9749279121818236,-0.2225209339563146,0.0,0.0,0.0,0.0,0.0,0.0,18.188266684282354,63.10582854123025,0
2026-08-29 08:00:00,2,0.0,0,8,5,29,8,1,0.8660254037844387,-0.4999999999999998,-0.9749279121818236,-0.2225209339563146,0.0,0.0,0.0,0.0,0.0,0.0,20.0,60.0,0
2026-08-29 09:00:00,2,0.0,0,9,5,29,8,1,0.7071067811865476,-0.7071067811865475,-0.9749279121818236,-0.2225209339563146,0.0,0.0,0.0,0.0,0.0,0.0,21.811733315717646,56.89417145876975,0
2026-08-29 10:00:00,2,0.0,0,10,5,29,8,1,0.49999999999999994,-0.8660254037844387,-0.9749279121818236,-0.2225209339563146,0.0,0.0,0.0,0.0,0.0,0.0,23.5,54.0,0
2026-08-29 11:00:00,2,0.0,0,11,5,29,8,1,0.258819045102521,-0.9659258262890682,-0.9749279121818236,-0.2225209339563146,0.0,0.0,0.0,0.0,0.0,0.0,24.94974746830583,51.51471862576143,0
2026-08-29 12:00:00,2,0.0,0,12,5,29,8,1,1.2246467991473532e-16,-1.0,-0.9749279121818236,-0.2225209339563146,0.0,0.0,0.0,0.0,0.0,0.0,26.06217782649107,49.607695154586736,0
2026-08-29 13:00:00,2,0.0,0,13,5,29,8,1,-0.2588190451025208,-0.9659258262890683,-0.9749279121818236,-0.2225209339563146,0.0,0.0,0.0,0.0,0.0,0.0,26.761480784023476,48.40889008453118,0
2026-08-29 14:00:00,2,0.0,0,14,5,29,8,1,-0.4999999999999997,-0.8660254037844388,-0.9749279121818236,-0.2225209339563146,0.0,0.0,0.0,0.0,0.0,0.0,27.0,48.0,0
2026-08-29 15:00:00,2,0.0,0,15,5,29,8,1,-0.7071067811865471,-0.7071067811865479,-0.9749279121818236,-0.2225209339563146,0.0,0.0,0.0,0.0,0.0,0.0,26.761480784023476,48.40889008453118,0
2026-08-29 16:00:00,2,0.0,0,16,5,29,8,1,-0.8660254037844384,-0.5000000000000004,-0.9749279121818236,-0.2225209339563146,0.0,0.0,0.0,0.0,0.0,0.0,26.062177826491073,49.607695154586736,0
2026-08-29 17:00:00,2,0.0,0,17,5,29,8,1,-0.9659258262890683,-0.25881904510252063,-0.9749279121818236,-0.2225209339563146,0.0,0.0,0.0,0.0,0.0,0.0,24.949747468305834,51.51471862576143,0
2026-08-29 18:00:00,2,0.0,0,18,5,29,8,1,-1.0,-1.8369701987210297e-16,-0.9749279121818236,-0.2225209339563146,0.0,0.0,0.0,0.0,0.0,0.0,23.5,54.0,0
2026-08-29 19:00:00,2,0.0,0,19,5,29,8,1,-0.9659258262890684,0.2588190451025203,-0.9749279121818236,-0.2225209339563146,0.0,0.0,0.0,0.0,0.0,0.0,21.811733315717646,56.89417145876975,0
2026-08-29 20:00:00,2,0.0,0,20,5,29,8,1,-0.8660254037844386,0.5000000000000001,-0.9749279121818236,-0.2225209339563146,0.0,0.0,0.0,0.0,0.0,0.0,20.0,60.0,0
2026-08-29 21:00:00,2,0.0,0,21,5,29,8,1,-0.7071067811865477,0.7071067811865474,-0.9749279121818236,-0.2225209339563146,0.0,0.0,0.0,0.0,0.0,0.0,18.188266684282354,63.10582854123025,0
2026-08-29 22:00:00,2,0.0,0,22,5,29,8,1,-0.5000000000000004,0.8660254037844384,-0.9749279121818236,-0.2225209339563146,0.0,0.0,0.0,0.0,0.0,0.0,16.5,66.0,0
2026-08-29 23:00:00,2,0.0,0,23,5,29,8,1,-0.25881904510252157,0.9659258262890681,-0.9749279121818236,-0.2225209339563146,0.0,0.0,0.0,0.0,0.0,0.0,15.05025253169417,68.48528137423857,0
2026-08-30 00:00:00,2,0.0,0,0,6,30,8,1,0.0,1.0,-0.7818314824680299,0.6234898018587334,0.0,0.0,0.0,0.0,0.0,0.0,13.937822173508929,70.39230484541326,0
2026-08-30 01:00:00,2,0.0,0,1,6,30,8,1,0.25881904510252074,0.9659258262890683,-0.7818314824680299,0.6234898018587334,0.0,0.0,0.0,0.0,0.0,0.0,13.238519215976522,71.59110991546882,0
2026-08-30 02:00:00,2,0.0,0,2,6,30,8,1,0.49999999999999994,0.8660254037844387,-0.7818314824680299,0.6234898018587334,0.0,0.0,0.0,0.0,0.0,0.0,13.0,72.0,0
2026-08-30 03:00:00,2,0.0,0,3,6,30,8,1,0.7071067811865475,0.7071067811865476,-0.7818314824680299,0.6234898018587334,0.0,0.0,0.0,0.0,0.0,0.0,13.238519215976522,71.59110991546882,0
2026-08-30 04:00:00,2,0.0,0,4,6,30,8,1,0.8660254037844386,0.5000000000000001,-0.7818314824680299,0.6234898018587334,0.0,0.0,0.0,0.0,0.0,0.0,13.93782217350893,70.39230484541326,0
2026-08-30 05:00:00,2,0.0,0,5,6,30,8,1,0.9659258262890683,0.25881904510252074,-0.7818314824680299,0.6234898018587334,0.0,0.0,0.0,0.0,0.0,0.0,15.050252531694168,68.48528137423857,0
2026-08-30 06:00:00,2,0.0,0,6,6,30,8,1,1.0,6.123233995736766e-17,-0.7818314824680299,0.6234898018587334,0.0,0.0,0.0,0.0,0.0,0.0,16.5,66.0,0
2026-08-30 07:00:00,2,0.0,0,7,6,30,8,1,0.9659258262890683,-0.25881904510252063,-0.7818314824680299,0.6234898018587334,0.0,0.0,0.0,0.0,0.0,0.0,18.188266684282354,63.10582854123025,0
2026-08-30 08:00:00,2,0.0,0,8,6,30,8,1,0.8660254037844387,-0.4999999999999998,-0.7818314824680299,0.6234898018587334,0.0,0.0,0.0,0.0,0.0,0.0,20.0,60.0,0
2026-08-30 09:00:00,2,0.0,0,9,6,30,8,1,0.7071067811865476,-0.7071067811865475,-0.7818314824680299,0.6234898018587334,0.0,0.0,0.0,0.0,0.0,0.0,21.811733315717646,56.89417145876975,0
2026-08-30 10:00:00,2,0.0,0,10,6,30,8,1,0.49999999999999994,-0.8660254037844387,-0.7818314824680299,0.6234898018587334,0.0,0.0,0.0,0.0,0.0,0.0,23.5,54.0,0
2026-08-30 11:00:00,2,0.0,0,11,6,30,8,1,0.258819045102521,-0.9659258262890682,-0.7818314824680299,0.6234898018587334,0.0,0.0,0.0,0.0,0.0,0.0,24.94974746830583,51.51471862576143,0
2026-08-30 12:00:00,2,0.0,0,12,6,30,8,1,1.2246467991473532e-16,-1.0,-0.7818314824680299,0.6234898018587334,0.0,0.0,0.0,0.0,0.0,0.0,26.06217782649107,49.607695154586736,0
2026-08-30 13:00:00,2,0.0,0,13,6,30,8,1,-0.2588190451025208,-0.9659258262890683,-0.7818314824680299,0.6234898018587334,0.0,0.0,0.0,0.0,0.0,0.0,26.761480784023476,48.40889008453118,0
2026-08-30 14:00:00,2,0.0,0,14,6,30,8,1,-0.4999999999999997,-0.8660254037844388,-0.7818314824680299,0.6234898018587334,0.0,0.0,0.0,0.0,0.0,0.0,27.0,48.0,0
2026-08-30 15:00:00,2,0.0,0,15,6,30,8,1,-0.7071067811865471,-0.7071067811865479,-0.7818314824680299,0.6234898018587334,0.0,0.0,0.0,0.0,0.0,0.0,26.761480784023476,48.40889008453118,0
2026-08-30 16:00:00,2,0.0,0,16,6,30,8,1,-0.8660254037844384,-0.5000000000000004,-0.7818314824680299,0.6234898018587334,0.0,0.0,0.0,0.0,0.0,0.0,26.062177826491073,49.607695154586736,0
2026-08-30 17:00:00,2,0.0,0,17,6,30,8,1,-0.9659258262890683,-0.25881904510252063,-0.7818314824680299,0.6234898018587334,0.0,0.0,0.0,0.0,0.0,0.0,24.949747468305834,51.51471862576143,0
2026-08-30 18:00:00,2,0.0,0,18,6,30,8,1,-1.0,-1.8369701987210297e-16,-0.7818314824680299,0.6234898018587334,0.0,0.0,0.0,0.0,0.0,0.0,23.5,54.0,0
2026-08-30 19:00:00,2,0.0,0,19,6,30,8,1,-0.9659258262890684,0.2588190451025203,-0.7818314824680299,0.6234898018587334,0.0,0.0,0.0,0.0,0.0,0.0,21.811733315717646,56.89417145876975,0
2026-08-30 20:00:00,2,0.0,0,20,6,30,8,1,-0.8660254037844386,0.5000000000000001,-0.7818314824680299,0.6234898018587334,0.0,0.0,0.0,0.0,0.0,0.0,20.0,60.0,0
2026-08-30 21:00:00,2,0.0,0,21,6,30,8,1,-0.7071067811865477,0.7071067811865474,-0.7818314824680299,0.6234898018587334,0.0,0.0,0.0,0.0,0.0,0.0,18.188266684282354,63.10582854123025,0
2026-08-30 22:00:00,2,0.0,0,22,6,30,8,1,-0.5000000000000004,0.8660254037844384,-0.7818314824680299,0.6234898018587334,0.0,0.0,0.0,0.0,0.0,0.0,16.5,66.0,0
2026-08-30 23:00:00,2,0.0,0,23,6,30,8,1,-0.25881904510252157,0.9659258262890681,-0.7818314824680299,0.6234898018587334,0.0,0.0,0.0,0.0,0.0,0.0,15.05025253169417,68.48528137423857,0
2026-08-31 00:00:00,2,0.0,0,0,0,31,8,0,0.0,1.0,0.0,1.0,0.0,0.0,0.0,0.0,0.0,0.0,13.937822173508929,70.39230484541326,0
2026-08-31 01:00:00,2,0.0,0,1,0,31,8,0,0.25881904510252074,0.9659258262890683,0.0,1.0,0.0,0.0,0.0,0.0,0.0,0.0,13.238519215976522,71.59110991546882,0
2026-08-31 02:00:00,2,0.0,0,2,0,31,8,0,0.49999999999999994,0.8660254037844387,0.0,1.0,0.0,0.0,0.0,0.0,0.0,0.0,13.0,72.0,0
2026-08-31 03:00:00,2,0.0,0,3,0,31,8,0,0.7071067811865475,0.7071067811865476,0.0,1.0,0.0,0.0,0.0,0.0,0.0,0.0,13.238519215976522,71.59110991546882,0
2026-08-31 04:00:00,2,0.0,0,4,0,31,8,0,0.8660254037844386,0.5000000000000001,0.0,1.0,0.0,0.0,0.0,0.0,0.0,0.0,13.93782217350893,70.39230484541326,0
2026-08-31 05:00:00,2,0.0,0,5,0,31,8,0,0.9659258262890683,0.25881904510252074,0.0,1.0,0.0,0.0,0.0,0.0,0.0,0.0,15.050252531694168,68.48528137423857,0
2026-08-31 06:00:00,2,0.0,0,6,0,31,8,0,1.0,6.123233995736766e-17,0.0,1.0,0.0,0.0,0.0,0.0,0.0,0.0,16.5,66.0,0
2026-08-31 07:00:00,2,0.0,0,7,0,31,8,0,0.9659258262890683,-0.25881904510252063,0.0,1.0,0.0,0.0,0.0,0.0,0.0,0.0,18.188266684282354,63.10582854123025,0
2026-08-31 08:00:00,2,0.0,0,8,0,31,8,0,0.8660254037844387,-0.4999999999999998,0.0,1.0,0.0,0.0,0.0,0.0,0.0,0.0,20.0,60.0,0
2026-08-31 09:00:00,2,0.0,0,9,0,31,8,0,0.7071067811865476,-0.7071067811865475,0.0,1.0,0.0,0.0,0.0,0.0,0.0,0.0,21.811733315717646,56.89417145876975,0
2026-08-31 10:00:00,2,0.0,0,10,0,31,8,0,0.49999999999999994,-0.8660254037844387,0.0,1.0,0.0,0.0,0.0,0.0,0.0,0.0,23.5,54.0,0
2026-08-31 11:00:00,2,0.0,0,11,0,31,8,0,0.258819045102521,-0.9659258262890682,0.0,1.0,0.0,0.0,0.0,0.0,0.0,0.0,24.94974746830583,51.51471862576143,0
2026-08-31 12:00:00,2,0.0,0,12,0,31,8,0,1.2246467991473532e-16,-1.0,0.0,1.0,0.0,0.0,48.92,0.0,0.0,0.0,26.06217782649107,49.607695154586736,0
2026-08-31 13:00:00,2,0.0,0,13,0,31,8,0,-0.2588190451025208,-0.9659258262890683,0.0,1.0,0.0,0.0,0.0,0.0,0.0,0.0,26.761480784023476,48.40889008453118,0
2026-08-31 14:00:00,2,0.0,0,14,0,31,8,0,-0.4999999999999997,-0.8660254037844388,0.0,1.0,0.0,0.0,0.0,0.0,0.0,0.0,27.0,48.0,0
2026-08-31 15:00:00,2,0.0,0,15,0,31,8,0,-0.7071067811865471,-0.7071067811865479,0.0,1.0,0.0,0.0,0.0,0.0,0.0,0.0,26.761480784023476,48.40889008453118,0
2026-08-31 16:00:00,2,0.0,0,16,0,31,8,0,-0.8660254037844384,-0.5000000000000004,0.0,1.0,0.0,0.0,0.0,0.0,0.0,0.0,26.062177826491073,49.607695154586736,0
2026-08-31 17:00:00,2,0.0,0,17,0,31,8,0,-0.9659258262890683,-0.25881904510252063,0.0,1.0,0.0,0.0,0.0,0.0,0.0,0.0,24.949747468305834,51.51471862576143,0
2026-08-31 18:00:00,2,0.0,0,18,0,31,8,0,-1.0,-1.8369701987210297e-16,0.0,1.0,0.0,0.0,0.0,0.0,0.0,0.0,23.5,54.0,0
2026-08-31 19:00:00,2,0.0,0,19,0,31,8,0,-0.9659258262890684,0.2588190451025203,0.0,1.0,0.0,0.0,0.0,0.0,0.0,0.0,21.811733315717646,56.89417145876975,0
2026-08-31 20:00:00,2,0.0,0,20,0,31,8,0,-0.8660254037844386,0.5000000000000001,0.0,1.0,0.0,0.0,0.0,0.0,0.0,0.0,20.0,60.0,0
2026-08-31 21:00:00,2,0.0,0,21,0,31,8,0,-0.7071067811865477,0.7071067811865474,0.0,1.0,0.0,0.0,52.31,0.0,0.0,0.0,18.188266684282354,63.10582854123025,0
2026-08-31 22:00:00,2,0.0,0,22,0,31,8,0,-0.5000000000000004,0.8660254037844384,0.0,1.0,0.0,0.0,0.0,0.0,0.0,0.0,16.5,66.0,0
2026-08-31 23:00:00,2,0.0,0,23,0,31,8,0,-0.25881904510252157,0.9659258262890681,0.0,1.0,0.0,0.0,0.0,0.0,0.0,0.0,15.05025253169417,68.48528137423857,0
2026-09-01 00:00:00,2,0.0,0,0,1,1,9,0,0.0,1.0,0.7818314824680298,0.6234898018587336,0.0,0.0,0.0,0.0,0.0,0.0,13.937822173508929,70.39230484541326,0
2026-09-01 01:00:00,2,0.0,0,1,1,1,9,0,0.25881904510252074,0.9659258262890683,0.7818314824680298,0.6234898018587336,0.0,0.0,0.0,0.0,0.0,0.0,13.238519215976522,71.59110991546882,0
2026-09-01 02:00:00,2,0.0,0,2,1,1,9,0,0.49999999999999994,0.8660254037844387,0.7818314824680298,0.6234898018587336,0.0,0.0,0.0,0.0,0.0,0.0,13.0,72.0,0
2026-09-01 03:00:00,2,0.0,0,3,1,1,9,0,0.7071067811865475,0.7071067811865476,0.7818314824680298,0.6234898018587336,0.0,0.0,0.0,0.0,0.0,0.0,13.238519215976522,71.59110991546882,0
2026-09-01 04:00:00,2,0.0,0,4,1,1,9,0,0.8660254037844386,0.5000000000000001,0.7818314824680298,0.6234898018587336,0.0,0.0,0.0,0.0,0.0,0.0,13.93782217350893,70.39230484541326,0
2026-09-01 05:00:00,2,0.0,0,5,1,1,9,0,0.9659258262890683,0.25881904510252074,0.7818314824680298,0.6234898018587336,0.0,0.0,0.0,0.0,0.0,0.0,15.050252531694168,68.48528137423857,0
2026-09-01 06:00:00,2,0.0,0,6,1,1,9,0,1.0,6.123233995736766e-17,0.7818314824680298,0.6234898018587336,0.0,0.0,0.0,0.0,0.0,0.0,16.5,66.0,0
2026-09-01 07:00:00,2,0.0,0,7,1,1,9,0,0.9659258262890683,-0.25881904510252063,0.7818314824680298,0.6234898018587336,0.0,0.0,44.53,0.0,0.0,0.0,18.188266684282354,63.10582854123025,0
2026-09-01 08:00:00,2,0.0,0,8,1,1,9,0,0.8660254037844387,-0.4999999999999998,0.7818314824680298,0.6234898018587336,0.0,0.0,0.0,0.0,0.0,0.0,20.0,60.0,0
2026-09-01 09:00:00,2,0.0,0,9,1,1,9,0,0.7071067811865476,-0.7071067811865475,0.7818314824680298,0.6234898018587336,0.0,0.0,0.0,0.0,0.0,0.0,21.811733315717646,56.89417145876975,0
2026-09-01 10:00:00,2,0.0,0,10,1,1,9,0,0.49999999999999994,-0.8660254037844387,0.7818314824680298,0.6234898018587336,0.0,0.0,0.0,0.0,0.0,0.0,23.5,54.0,0
2026-09-01 11:00:00,2,0.0,0,11,1,1,9,0,0.258819045102521,-0.9659258262890682,0.7818314824680298,0.6234898018587336,0.0,0.0,0.0,0.0,0.0,0.0,24.94974746830583,51.51471862576143,0
2026-09-01 12:00:00,2,0.0,0,12,1,1,9,0,1.2246467991473532e-16,-1.0,0.7818314824680298,0.6234898018587336,0.0,0.0,0.0,0.0,0.0,0.0,26.06217782649107,49.607695154586736,0
2026-09-01 13:00:00,2,0.0,0,13,1,1,9,0,-0.2588190451025208,-0.9659258262890683,0.7818314824680298,0.6234898018587336,0.0,0.0,0.0,0.0,0.0,0.0,26.761480784023476,48.40889008453118,0
2026-09-01 14:00:00,2,0.0,0,14,1,1,9,0,-0.4999999999999997,-0.8660254037844388,0.7818314824680298,0.6234898018587336,0.0,0.0,0.0,0.0,0.0,0.0,27.0,48.0,0
2026-09-01 15:00:00,2,0.0,0,15,1,1,9,0,-0.7071067811865471,-0.7071067811865479,0.7818314824680298,0.6234898018587336,0.0,0.0,0.0,0.0,0.0,0.0,26.761480784023476,48.40889008453118,0
2026-09-01 16:00:00,2,0.0,0,16,1,1,9,0,-0.8660254037844384,-0.5000000000000004,0.7818314824680298,0.6234898018587336,0.0,0.0,0.0,0.0,0.0,0.0,26.062177826491073,49.607695154586736,0
2026-09-01 17:00:00,2,0.0,0,17,1,1,9,0,-0.9659258262890683,-0.25881904510252063,0.7818314824680298,0.6234898018587336,0.0,0.0,0.0,0.0,0.0,0.0,24.949747468305834,51.51471862576143,0
2026-09-01 18:00:00,2,0.0,0,18,1,1,9,0,-1.0,-1.8369701987210297e-16,0.7818314824680298,0.6234898018587336,0.0,0.0,0.0,0.0,0.0,0.0,23.5,54.0,0
2026-09-01 19:00:00,2,0.0,0,19,1,1,9,0,-0.9659258262890684,0.2588190451025203,0.7818314824680298,0.6234898018587336,0.0,0.0,0.0,0.0,0.0,0.0,21.811733315717646,56.89417145876975,0
2026-09-01 20:00:00,2,0.0,0,20,1,1,9,0,-0.8660254037844386,0.5000000000000001,0.7818314824680298,0.6234898018587336,0.0,0.0,0.0,0.0,0.0,0.0,20.0,60.0,0
2026-09-01 21:00:00,2,0.0,0,21,1,1,9,0,-0.7071067811865477,0.7071067811865474,0.7818314824680298,0.6234898018587336,0.0,0.0,0.0,0.0,0.0,0.0,18.188266684282354,63.10582854123025,0
2026-09-01 22:00:00,2,0.0,0,22,1,1,9,0,-0.5000000000000004,0.8660254037844384,0.7818314824680298,0.6234898018587336,0.0,0.0,0.0,0.0,0.0,0.0,16.5,66.0,0
2026-09-01 23:00:00,2,0.0,0,23,1,1,9,0,-0.25881904510252157,0.9659258262890681,0.7818314824680298,0.6234898018587336,0.0,0.0,0.0,0.0,0.0,0.0,15.05025253169417,68.48528137423857,0
2026-09-02 00:00:00,2,0.0,0,0,2,2,9,0,0.0,1.0,0.9749279121818236,-0.22252093395631434,0.0,0.0,0.0,0.0,0.0,0.0,13.937822173508929,70.39230484541326,0
2026-09-02 01:00:00,2,0.0,0,1,2,2,9,0,0.25881904510252074,0.9659258262890683,0.9749279121818236,-0.22252093395631434,0.0,0.0,0.0,0.0,0.0,0.0,13.238519215976522,71.59110991546882,0
2026-09-02 02:00:00,2,0.0,0,2,2,2,9,0,0.49999999999999994,0.8660254037844387,0.9749279121818236,-0.22252093395631434,0.0,0.0,0.0,0.0,0.0,0.0,13.0,72.0,0
2026-09-02 03:00:00,2,0.0,0,3,2,2,9,0,0.7071067811865475,0.7071067811865476,0.9749279121818236,-0.22252093395631434,0.0,0.0,0.0,0.0,0.0,0.0,13.238519215976522,71.59110991546882,0
2026-09-02 04:00:00,2,0.0,0,4,2,2,9,0,0.8660254037844386,0.5000000000000001,0.9749279121818236,-0.22252093395631434,0.0,0.0,0.0,0.0,0.0,0.0,13.93782217350893,70.39230484541326,0
2026-09-02 05:00:00,2,0.0,0,5,2,2,9,0,0.9659258262890683,0.25881904510252074,0.9749279121818236,-0.22252093395631434,0.0,0.0,0.0,0.0,0.0,0.0,15.050252531694168,68.48528137423857,0
2026-09-02 06:00:00,2,0.0,0,6,2,2,9,0,1.0,6.123233995736766e-17,0.9749279121818236,-0.22252093395631434,0.0,0.0,0.0,0.0,0.0,0.0,16.5,66.0,0
2026-09-02 07:00:00,2,0.0,0,7,2,2,9,0,0.9659258262890683,-0.25881904510252063,0.9749279121818236,-0.22252093395631434,0.0,0.0,0.0,0.0,0.0,0.0,18.188266684282354,63.10582854123025,0
2026-09-02 08:00:00,2,0.0,0,8,2,2,9,0,0.8660254037844387,-0.4999999999999998,0.9749279121818236,-0.22252093395631434,0.0,0.0,0.0,0.0,0.0,0.0,20.0,60.0,0
2026-09-02 09:00:00,2,0.0,0,9,2,2,9,0,0.7071067811865476,-0.7071067811865475,0.9749279121818236,-0.22252093395631434,0.0,0.0,0.0,0.0,0.0,0.0,21.811733315717646,56.89417145876975,0
2026-09-02 10:00:00,2,0.0,0,10,2,2,9,0,0.49999999999999994,-0.8660254037844387,0.9749279121818236,-0.22252093395631434,0.0,0.0,0.0,0.0,0.0,0.0,23.5,54.0,0
2026-09-02 11:00:00,2,0.0,0,11,2,2,9,0,0.258819045102521,-0.9659258262890682,0.9749279121818236,-0.22252093395631434,0.0,0.0,0.0,0.0,0.0,0.0,24.94974746830583,51.51471862576143,0
2026-09-02 12:00:00,2,0.0,0,12,2,2,9,0,1.2246467991473532e-16,-1.0,0.9749279121818236,-0.22252093395631434,0.0,0.0,0.0,0.0,0.0,0.0,26.06217782649107,49.607695154586736,0
2026-09-02 13:00:00,2,0.0,0,13,2,2,9,0,-0.2588190451025208,-0.9659258262890683,0.9749279121818236,-0.22252093395631434,0.0,0.0,0.0,0.0,0.0,0.0,26.761480784023476,48.40889008453118,0
2026-09-02 14:00:00,2,0.0,0,14,2,2,9,0,-0.4999999999999997,-0.8660254037844388,0.9749279121818236,-0.22252093395631434,0.0,0.0,0.0,0.0,0.0,0.0,27.0,48.0,0
2026-09-02 15:00:00,2,0.0,0,15,2,2,9,0,-0.7071067811865471,-0.7071067811865479,0.9749279121818236,-0.22252093395631434,0.0,0.0,0.0,0.0,0.0,0.0,26.761480784023476,48.40889008453118,0
2026-09-02 16:00:00,2,0.0,0,16,2,2,9,0,-0.8660254037844384,-0.5000000000000004,0.9749279121818236,-0.22252093395631434,0.0,0.0,29.4,0.0,0.0,0.0,26.062177826491073,49.607695154586736,0
2026-09-02 17:00:00,2,0.0,0,17,2,2,9,0,-0.9659258262890683,-0.25881904510252063,0.9749279121818236,-0.22252093395631434,0.0,0.0,0.0,0.0,0.0,0.0,24.949747468305834,51.51471862576143,0
2026-09-02 18:00:00,2,0.0,0,18,2,2,9,0,-1.0,-1.8369701987210297e-16,0.9749279121818236,-0.22252093395631434,0.0,0.0,0.0,0.0,0.0,0.0,23.5,54.0,0
2026-09-02 19:00:00,2,0.0,0,19,2,2,9,0,-0.9659258262890684,0.2588190451025203,0.9749279121818236,-0.22252093395631434,0.0,0.0,0.0,0.0,0.0,0.0,21.811733315717646,56.89417145876975,0
2026-09-02 20:00:00,2,0.0,0,20,2,2,9,0,-0.8660254037844386,0.5000000000000001,0.9749279121818236,-0.22252093395631434,0.0,0.0,0.0,0.0,0.0,0.0,20.0,60.0,0
2026-09-02 21:00:00,2,0.0,0,21,2,2,9,0,-0.7071067811865477,0.7071067811865474,0.9749279121818236,-0.22252093395631434,0.0,0.0,0.0,0.0,0.0,0.0,18.188266684282354,63.10582854123025,0
2026-09-02 22:00:00,2,0.0,0,22,2,2,9,0,-0.5000000000000004,0.8660254037844384,0.9749279121818236,-0.22252093395631434,0.0,0.0,0.0,0.0,0.0,0.0,16.5,66.0,0
2026-09-02 23:00:00,2,0.0,0,23,2,2,9,0,-0.25881904510252157,0.9659258262890681,0.9749279121818236,-0.22252093395631434,0.0,0.0,0.0,0.0,0.0,0.0,15.05025253169417,68.48528137423857,0
2026-09-03 00:00:00,2,0.0,0,0,3,3,9,0,0.0,1.0,0.43388373911755823,-0.900968867902419,0.0,0.0,0.0,0.0,0.0,0.0,13.937822173508929,70.39230484541326,0
2026-09-03 01:00:00,2,0.0,0,1,3,3,9,0,0.25881904510252074,0.9659258262890683,0.43388373911755823,-0.900968867902419,0.0,0.0,0.0,0.0,0.0,0.0,13.238519215976522,71.59110991546882,0
2026-09-03 02:00:00,2,0.0,0,2,3,3,9,0,0.49999999999999994,0.8660254037844387,0.43388373911755823,-0.900968867902419,0.0,0.0,0.0,0.0,0.0,0.0,13.0,72.0,0
2026-09-03 03:00:00,2,0.0,0,3,3,3,9,0,0.7071067811865475,0.7071067811865476,0.43388373911755823,-0.900968867902419,0.0,0.0,0.0,0.0,0.0,0.0,13.238519215976522,71.59110991546882,0
2026-09-03 04:00:00,2,0.0,0,4,3,3,9,0,0.8660254037844386,0.5000000000000001,0.43388373911755823,-0.900968867902419,0.0,0.0,0.0,0.0,0.0,0.0,13.93782217350893,70.39230484541326,0
2026-09-03 05:00:00,2,0.0,0,5,3,3,9,0,0.9659258262890683,0.25881904510252074,0.43388373911755823,-0.900968867902419,0.0,0.0,0.0,0.0,0.0,0.0,15.050252531694168,68.48528137423857,0
2026-09-03 06:00:00,2,0.0,0,6,3,3,9,0,1.0,6.123233995736766e-17,0.43388373911755823,-0.900968867902419,0.0,0.0,0.0,0.0,0.0,0.0,16.5,66.0,0
2026-09-03 07:00:00,2,0.0,0,7,3,3,9,0,0.9659258262890683,-0.25881904510252063,0.43388373911755823,-0.900968867902419,0.0,0.0,0.0,0.0,0.0,0.0,18.188266684282354,63.10582854123025,0
2026-09-03 08:00:00,2,59.29,1,8,3,3,9,0,0.8660254037844387,-0.4999999999999998,0.43388373911755823,-0.900968867902419,0.0,0.0,0.0,0.0,0.0,0.0,20.0,60.0,0
2026-09-03 09:00:00,2,0.0,0,9,3,3,9,0,0.7071067811865476,-0.7071067811865475,0.43388373911755823,-0.900968867902419,59.29,0.0,0.0,9.881666666666666,2.4704166666666665,1.0,21.811733315717646,56.89417145876975,0
2026-09-03 10:00:00,2,0.0,0,10,3,3,9,0,0.49999999999999994,-0.8660254037844387,0.43388373911755823,-0.900968867902419,0.0,0.0,0.0,9.881666666666666,2.4704166666666665,0.0,23.5,54.0,0
2026-09-03 11:00:00,2,0.0,0,11,3,3,9,0,0.258819045102521,-0.9659258262890682,0.43388373911755823,-0.900968867902419,0.0,0.0,0.0,9.881666666666666,2.4704166666666665,0.0,24.94974746830583,51.51471862576143,0
2026-09-03 12:00:00,2,0.0,0,12,3,3,9,0,1.2246467991473532e-16,-1.0,0.43388373911755823,-0.900968867902419,0.0,0.0,0.0,9.881666666666666,2.4704166666666665,0.0,26.06217782649107,49.607695154586736,0
2026-09-03 13:00:00,2,0.0,0,13,3,3,9,0,-0.2588190451025208,-0.9659258262890683,0.43388373911755823,-0.900968867902419,0.0,0.0,0.0,9.881666666666666,2.4704166666666665,0.0,26.761480784023476,48.40889008453118,0
2026-09-03 14:00:00,2,0.0,0,14,3,3,9,0,-0.4999999999999997,-0.8660254037844388,0.43388373911755823,-0.900968867902419,0.0,0.0,0.0,9.881666666666666,2.4704166666666665,0.0,27.0,48.0,0
2026-09-03 15:00:00,2,0.0,0,15,3,3,9,0,-0.7071067811865471,-0.7071067811865479,0.43388373911755823,-0.900968867902419,0.0,0.0,0.0,0.0,2.4704166666666665,0.0,26.761480784023476,48.40889008453118,0
2026-09-03 16:00:00,2,0.0,0,16,3,3,9,0,-0.8660254037844384,-0.5000000000000004,0.43388373911755823,-0.900968867902419,0.0,0.0,0.0,0.0,2.4704166666666665,0.0,26.062177826491073,49.607695154586736,0
2026-09-03 17:00:00,2,0.0,0,17,3,3,9,0,-0.9659258262890683,-0.25881904510252063,0.43388373911755823,-0.900968867902419,0.0,0.0,0.0,0.0,2.4704166666666665,0.0,24.949747468305834,51.51471862576143,0
2026-09-03 18:00:00,2,14.55,1,18,3,3,9,0,-1.0,-1.8369701987210297e-16,0.43388373911755823,-0.900968867902419,0.0,0.0,0.0,0.0,2.4704166666666665,0.0,23.5,54.0,0
2026-09-03 19:00:00,2,0.0,0,19,3,3,9,0,-0.9659258262890684,0.2588190451025203,0.43388373911755823,-0.900968867902419,14.55,0.0,0.0,2.4250000000000003,3.0766666666666667,1.0,21.811733315717646,56.89417145876975,0
2026-09-03 20:00:00,2,0.0,0,20,3,3,9,0,-0.8660254037844386,0.5000000000000001,0.43388373911755823,-0.900968867902419,0.0,0.0,0.0,2.4250000000000003,3.0766666666666667,0.0,20.0,60.0,0
2026-09-03 21:00:00,2,26.21,1,21,3,3,9,0,-0.7071067811865477,0.7071067811865474,0.43388373911755823,-0.900968867902419,0.0,0.0,0.0,2.4250000000000003,3.0766666666666667,0.0,18.188266684282354,63.10582854123025,0
2026-09-03 22:00:00,2,0.0,0,22,3,3,9,0,-0.5000000000000004,0.8660254037844384,0.43388373911755823,-0.900968867902419,26.21,0.0,0.0,6.793333333333334,4.16875,1.0,16.5,66.0,0
2026-09-03 23:00:00,2,0.0,0,23,3,3,9,0,-0.25881904510252157,0.9659258262890681,0.43388373911755823,-0.900968867902419,0.0,0.0,0.0,6.793333333333334,4.16875,0.0,15.05025253169417,68.48528137423857,0
2026-09-04 00:00:00,2,0.0,0,0,4,4,9,0,0.0,1.0,-0.433883739117558,-0.9009688679024191,0.0,0.0,0.0,6.793333333333334,4.16875,0.0,13.937822173508929,70.39230484541326,0
2026-09-04 01:00:00,2,0.0,0,1,4,4,9,0,0.25881904510252074,0.9659258262890683,-0.433883739117558,-0.9009688679024191,0.0,0.0,0.0,4.368333333333333,4.16875,0.0,13.238519215976522,71.59110991546882,0
2026-09-04 02:00:00,2,0.0,0,2,4,4,9,0,0.49999999999999994,0.8660254037844387,-0.433883739117558,-0.9009688679024191,0.0,0.0,0.0,4.368333333333333,4.16875,0.0,13.0,72.0,0
2026-09-04 03:00:00,2,0.0,0,3,4,4,9,0,0.7071067811865475,0.7071067811865476,-0.433883739117558,-0.9009688679024191,0.0,0.0,0.0,4.368333333333333,4.16875,0.0,13.238519215976522,71.59110991546882,0
2026-09-04 04:00:00,2,0.0,0,4,4,4,9,0,0.8660254037844386,0.5000000000000001,-0.433883739117558,-0.9009688679024191,0.0,0.0,0.0,0.0,4.16875,0.0,13.93782217350893,70.39230484541326,0
2026-09-04 05:00:00,2,0.0,0,5,4,4,9,0,0.9659258262890683,0.25881904510252074,-0.433883739117558,-0.9009688679024191,0.0,0.0,0.0,0.0,4.16875,0.0,15.050252531694168,68.48528137423857,0
2026-09-04 06:00:00,2,0.0,0,6,4,4,9,0,1.0,6.123233995736766e-17,-0.433883739117558,-0.9009688679024191,0.0,0.0,0.0,0.0,4.16875,0.0,16.5,66.0,0
2026-09-04 07:00:00,2,0.0,0,7,4,4,9,0,0.9659258262890683,-0.25881904510252063,-0.433883739117558,-0.9009688679024191,0.0,0.0,0.0,0.0,4.16875,0.0,18.188266684282354,63.10582854123025,0
2026-09-04 08:00:00,2,0.0,0,8,4,4,9,0,0.8660254037844387,-0.4999999999999998,-0.433883739117558,-0.9009688679024191,0.0,59.29,0.0,0.0,4.16875,0.0,20.0,60.0,0
2026-09-04 09:00:00,2,0.0,0,9,4,4,9,0,0.7071067811865476,-0.7071067811865475,-0.433883739117558,-0.9009688679024191,0.0,0.0,0.0,0.0,1.6983333333333335,0.0,21.811733315717646,56.89417145876975,0
2026-09-04 10:00:00,2,0.0,0,10,4,4,9,0,0.49999999999999994,-0.8660254037844387,-0.433883739117558,-0.9009688679024191,0.0,0.0,0.0,0.0,1.6983333333333335,0.0,23.5,54.0,0
2026-09-04 11:00:00,2,0.0,0,11,4,4,9,0,0.258819045102521,-0.9659258262890682,-0.433883739117558,-0.9009688679024191,0.0,0.0,0.0,0.0,1.6983333333333335,0.0,24.94974746830583,51.51471862576143,0
2026-09-04 12:00:00,2,0.0,0,12,4,4,9,0,1.2246467991473532e-16,-1.0,-0.433883739117558,-0.9009688679024191,0.0,0.0,0.0,0.0,1.6983333333333335,0.0,26.06217782649107,49.607695154586736,0
2026-09-04 13:00:00,2,0.0,0,13,4,4,9,0,-0.2588190451025208,-0.9659258262890683,-0.433883739117558,-0.9009688679024191,0.0,0.0,0.0,0.0,1.6983333333333335,0.0,26.761480784023476,48.40889008453118,0
2026-09-04 14:00:00,2,0.0,0,14,4,4,9,0,-0.4999999999999997,-0.8660254037844388,-0.433883739117558,-0.9009688679024191,0.0,0.0,0.0,0.0,1.6983333333333335,0.0,27.0,48.0,0
2026-09-04 15:00:00,2,0.0,0,15,4,4,9,0,-0.7071067811865471,-0.7071067811865479,-0.433883739117558,-0.9009688679024191,0.0,0.0,0.0,0.0,1.6983333333333335,0.0,26.761480784023476,48.40889008453118,0
2026-09-04 16:00:00,2,0.0,0,16,4,4,9,0,-0.8660254037844384,-0.5000000000000004,-0.433883739117558,-0.9009688679024191,0.0,0.0,0.0,0.0,1.6983333333333335,0.0,26.062177826491073,49.607695154586736,0
2026-09-04 17:00:00,2,0.0,0,17,4,4,9,0,-0.9659258262890683,-0.25881904510252063,-0.433883739117558,-0.9009688679024191,0.0,0.0,0.0,0.0,1.6983333333333335,0.0,24.949747468305834,51.51471862576143,0
2026-09-04 18:00:00,2,0.0,0,18,4,4,9,0,-1.0,-1.8369701987210297e-16,-0.433883739117558,-0.9009688679024191,0.0,14.55,0.0,0.0,1.6983333333333335,0.0,23.5,54.0,0
2026-09-04 19:00:00,2,0.0,0,19,4,4,9,0,-0.9659258262890684,0.2588190451025203,-0.433883739117558,-0.9009688679024191,0.0,0.0,0.0,0.0,1.0920833333333333,0.0,21.811733315717646,56.89417145876975,0
2026-09-04 20:00:00,2,0.0,0,20,4,4,9,0,-0.8660254037844386,0.5000000000000001,-0.433883739117558,-0.9009688679024191,0.0,0.0,0.0,0.0,1.0920833333333333,0.0,20.0,60.0,0
2026-09-04 21:00:00,2,0.0,0,21,4,4,9,0,-0.7071067811865477,0.7071067811865474,-0.433883739117558,-0.9009688679024191,0.0,26.21,0.0,0.0,1.0920833333333333,0.0,18.188266684282354,63.10582854123025,0
2026-09-04 22:00:00,2,0.0,0,22,4,4,9,0,-0.5000000000000004,0.8660254037844384,-0.433883739117558,-0.9009688679024191,0.0,0.0,0.0,0.0,0.0,0.0,16.5,66.0,0
2026-09-04 23:00:00,2,0.0,0,23,4,4,9,0,-0.25881904510252157,0.9659258262890681,-0.433883739117558,-0.9009688679024191,0.0,0.0,0.0,0.0,0.0,0.0,15.05025253169417,68.48528137423857,0
2026-09-05 00:00:00,2,0.0,0,0,5,5,9,1,0.0,1.0,-0.9749279121818236,-0.2225209339563146,0.0,0.0,0.0,0.0,0.0,0.0,13.937822173508929,70.39230484541326,0
2026-09-05 01:00:00,2,0.0,0,1,5,5,9,1,0.25881904510252074,0.9659258262890683,-0.9749279121818236,-0.2225209339563146,0.0,0.0,0.0,0.0,0.0,0.0,13.238519215976522,71.59110991546882,0
2026-09-05 02:00:00,2,0.0,0,2,5,5,9,1,0.49999999999999994,0.8660254037844387,-0.9749279121818236,-0.2225209339563146,0.0,0.0,0.0,0.0,0.0,0.0,13.0,72.0,0
2026-09-05 03:00:00,2,0.0,0,3,5,5,9,1,0.7071067811865475,0.7071067811865476,-0.9749279121818236,-0.2225209339563146,0.0,0.0,0.0,0.0,0.0,0.0,13.238519215976522,71.59110991546882,0
2026-09-05 04:00:00,2,0.0,0,4,5,5,9,1,0.8660254037844386,0.5000000000000001,-0.9749279121818236,-0.2225209339563146,0.0,0.0,0.0,0.0,0.0,0.0,13.93782217350893,70.39230484541326,0
2026-09-05 05:00:00,2,0.0,0,5,5,5,9,1,0.9659258262890683,0.25881904510252074,-0.9749279121818236,-0.2225209339563146,0.0,0.0,0.0,0.0,0.0,0.0,15.050252531694168,68.48528137423857,0
2026-09-05 06:00:00,2,0.0,0,6,5,5,9,1,1.0,6.123233995736766e-17,-0.9749279121818236,-0.2225209339563146,0.0,0.0,0.0,0.0,0.0,0.0,16.5,66.0,0
2026-09-05 07:00:00,2,0.0,0,7,5,5,9,1,0.9659258262890683,-0.25881904510252063,-0.9749279121818236,-0.2225209339563146,0.0,0.0,0.0,0.0,0.0,0.0,18.188266684282354,63.10582854123025,0
2026-09-05 08:00:00,2,0.0,0,8,5,5,9,1,0.8660254037844387,-0.4999999999999998,-0.9749279121818236,-0.2225209339563146,0.0,0.0,0.0,0.0,0.0,0.0,20.0,60.0,0
2026-09-05 09:00:00,2,0.0,0,9,5,5,9,1,0.7071067811865476,-0.7071067811865475,-0.9749279121818236,-0.2225209339563146,0.0,0.0,0.0,0.0,0.0,0.0,21.811733315717646,56.89417145876975,0
2026-09-05 10:00:00,2,0.0,0,10,5,5,9,1,0.49999999999999994,-0.8660254037844387,-0.9749279121818236,-0.2225209339563146,0.0,0.0,0.0,0.0,0.0,0.0,23.5,54.0,0
2026-09-05 11:00:00,2,0.0,0,11,5,5,9,1,0.258819045102521,-0.9659258262890682,-0.9749279121818236,-0.2225209339563146,0.0,0.0,0.0,0.0,0.0,0.0,24.94974746830583,51.51471862576143,0
2026-09-05 12:00:00,2,0.0,0,12,5,5,9,1,1.2246467991473532e-16,-1.0,-0.9749279121818236,-0.2225209339563146,0.0,0.0,0.0,0.0,0.0,0.0,26.06217782649107,49.607695154586736,0
2026-09-05 13:00:00,2,0.0,0,13,5,5,9,1,-0.2588190451025208,-0.9659258262890683,-0.9749279121818236,-0.2225209339563146,0.0,0.0,0.0,0.0,0.0,0.0,26.761480784023476,48.40889008453118,0
2026-09-05 14:00:00,2,0.0,0,14,5,5,9,1,-0.4999999999999997,-0.8660254037844388,-0.9749279121818236,-0.2225209339563146,0.0,0.0,0.0,0.0,0.0,0.0,27.0,48.0,0
2026-09-05 15:00:00,2,0.0,0,15,5,5,9,1,-0.7071067811865471,-0.7071067811865479,-0.9749279121818236,-0.2225209339563146,0.0,0.0,0.0,0.0,0.0,0.0,26.761480784023476,48.40889008453118,0
2026-09-05 16:00:00,2,0.0,0,16,5,5,9,1,-0.8660254037844384,-0.5000000000000004,-0.9749279121818236,-0.2225209339563146,0.0,0.0,0.0,0.0,0.0,0.0,26.062177826491073,49.607695154586736,0
2026-09-05 17:00:00,2,0.0,0,17,5,5,9,1,-0.9659258262890683,-0.25881904510252063,-0.9749279121818236,-0.2225209339563146,0.0,0.0,0.0,0.0,0.0,0.0,24.949747468305834,51.51471862576143,0
2026-09-05 18:00:00,2,0.0,0,18,5,5,9,1,-1.0,-1.8369701987210297e-16,-0.9749279121818236,-0.2225209339563146,0.0,0.0,0.0,0.0,0.0,0.0,23.5,54.0,0
2026-09-05 19:00:00,2,0.0,0,19,5,5,9,1,-0.9659258262890684,0.2588190451025203,-0.9749279121818236,-0.2225209339563146,0.0,0.0,0.0,0.0,0.0,0.0,21.811733315717646,56.89417145876975,0
2026-09-05 20:00:00,2,0.0,0,20,5,5,9,1,-0.8660254037844386,0.5000000000000001,-0.9749279121818236,-0.2225209339563146,0.0,0.0,0.0,0.0,0.0,0.0,20.0,60.0,0
2026-09-05 21:00:00,2,0.0,0,21,5,5,9,1,-0.7071067811865477,0.7071067811865474,-0.9749279121818236,-0.2225209339563146,0.0,0.0,0.0,0.0,0.0,0.0,18.188266684282354,63.10582854123025,0
2026-09-05 22:00:00,2,0.0,0,22,5,5,9,1,-0.5000000000000004,0.8660254037844384,-0.9749279121818236,-0.2225209339563146,0.0,0.0,0.0,0.0,0.0,0.0,16.5,66.0,0
2026-09-05 23:00:00,2,0.0,0,23,5,5,9,1,-0.25881904510252157,0.9659258262890681,-0.9749279121818236,-0.2225209339563146,0.0,0.0,0.0,0.0,0.0,0.0,15.05025253169417,68.48528137423857,0
2026-09-06 00:00:00,2,0.0,0,0,6,6,9,1,0.0,1.0,-0.7818314824680299,0.6234898018587334,0.0,0.0,0.0,0.0,0.0,0.0,13.937822173508929,70.39230484541326,0
2026-09-06 01:00:00,2,0.0,0,1,6,6,9,1,0.25881904510252074,0.9659258262890683,-0.7818314824680299,0.6234898018587334,0.0,0.0,0.0,0.0,0.0,0.0,13.238519215976522,71.59110991546882,0
2026-09-06 02:00:00,2,0.0,0,2,6,6,9,1,0.49999999999999994,0.8660254037844387,-0.7818314824680299,0.6234898018587334,0.0,0.0,0.0,0.0,0.0,0.0,13.0,72.0,0
2026-09-06 03:00:00,2,0.0,0,3,6,6,9,1,0.7071067811865475,0.7071067811865476,-0.7818314824680299,0.6234898018587334,0.0,0.0,0.0,0.0,0.0,0.0,13.238519215976522,71.59110991546882,0
2026-09-06 04:00:00,2,0.0,0,4,6,6,9,1,0.8660254037844386,0.5000000000000001,-0.7818314824680299,0.6234898018587334,0.0,0.0,0.0,0.0,0.0,0.0,13.93782217350893,70.39230484541326,0
2026-09-06 05:00:00,2,0.0,0,5,6,6,9,1,0.9659258262890683,0.25881904510252074,-0.7818314824680299,0.6234898018587334,0.0,0.0,0.0,0.0,0.0,0.0,15.050252531694168,68.48528137423857,0
2026-09-06 06:00:00,2,0.0,0,6,6,6,9,1,1.0,6.123233995736766e-17,-0.7818314824680299,0.6234898018587334,0.0,0.0,0.0,0.0,0.0,0.0,16.5,66.0,0
2026-09-06 07:00:00,2,0.0,0,7,6,6,9,1,0.9659258262890683,-0.25881904510252063,-0.7818314824680299,0.6234898018587334,0.0,0.0,0.0,0.0,0.0,0.0,18.188266684282354,63.10582854123025,0
2026-09-06 08:00:00,2,0.0,0,8,6,6,9,1,0.8660254037844387,-0.4999999999999998,-0.7818314824680299,0.6234898018587334,0.0,0.0,0.0,0.0,0.0,0.0,20.0,60.0,0
2026-09-06 09:00:00,2,0.0,0,9,6,6,9,1,0.7071067811865476,-0.7071067811865475,-0.7818314824680299,0.6234898018587334,0.0,0.0,0.0,0.0,0.0,0.0,21.811733315717646,56.89417145876975,0
2026-09-06 10:00:00,2,0.0,0,10,6,6,9,1,0.49999999999999994,-0.8660254037844387,-0.7818314824680299,0.6234898018587334,0.0,0.0,0.0,0.0,0.0,0.0,23.5,54.0,0
2026-09-06 11:00:00,2,0.0,0,11,6,6,9,1,0.258819045102521,-0.9659258262890682,-0.7818314824680299,0.6234898018587334,0.0,0.0,0.0,0.0,0.0,0.0,24.94974746830583,51.51471862576143,0
2026-09-06 12:00:00,2,0.0,0,12,6,6,9,1,1.2246467991473532e-16,-1.0,-0.7818314824680299,0.6234898018587334,0.0,0.0,0.0,0.0,0.0,0.0,26.06217782649107,49.607695154586736,0
2026-09-06 13:00:00,2,0.0,0,13,6,6,9,1,-0.2588190451025208,-0.9659258262890683,-0.7818314824680299,0.6234898018587334,0.0,0.0,0.0,0.0,0.0,0.0,26.761480784023476,48.40889008453118,0
2026-09-06 14:00:00,2,0.0,0,14,6,6,9,1,-0.4999999999999997,-0.8660254037844388,-0.7818314824680299,0.6234898018587334,0.0,0.0,0.0,0.0,0.0,0.0,27.0,48.0,0
2026-09-06 15:00:00,2,0.0,0,15,6,6,9,1,-0.7071067811865471,-0.7071067811865479,-0.7818314824680299,0.6234898018587334,0.0,0.0,0.0,0.0,0.0,0.0,26.761480784023476,48.40889008453118,0
2026-09-06 16:00:00,2,0.0,0,16,6,6,9,1,-0.8660254037844384,-0.5000000000000004,-0.7818314824680299,0.6234898018587334,0.0,0.0,0.0,0.0,0.0,0.0,26.062177826491073,49.607695154586736,0
2026-09-06 17:00:00,2,0.0,0,17,6,6,9,1,-0.9659258262890683,-0.25881904510252063,-0.7818314824680299,0.6234898018587334,0.0,0.0,0.0,0.0,0.0,0.0,24.949747468305834,51.51471862576143,0
2026-09-06 18:00:00,2,0.0,0,18,6,6,9,1,-1.0,-1.8369701987210297e-16,-0.7818314824680299,0.6234898018587334,0.0,0.0,0.0,0.0,0.0,0.0,23.5,54.0,0
2026-09-06 19:00:00,2,0.0,0,19,6,6,9,1,-0.9659258262890684,0.2588190451025203,-0.7818314824680299,0.6234898018587334,0.0,0.0,0.0,0.0,0.0,0.0,21.811733315717646,56.89417145876975,0
2026-09-06 20:00:00,2,0.0,0,20,6,6,9,1,-0.8660254037844386,0.5000000000000001,-0.7818314824680299,0.6234898018587334,0.0,0.0,0.0,0.0,0.0,0.0,20.0,60.0,0
2026-09-06 21:00:00,2,0.0,0,21,6,6,9,1,-0.7071067811865477,0.7071067811865474,-0.7818314824680299,0.6234898018587334,0.0,0.0,0.0,0.0,0.0,0.0,18.188266684282354,63.10582854123025,0
2026-09-06 22:00:00,2,0.0,0,22,6,6,9,1,-0.5000000000000004,0.8660254037844384,-0.7818314824680299,0.6234898018587334,0.0,0.0,0.0,0.0,0.0,0.0,16.5,66.0,0
2026-09-06 23:00:00,2,0.0,0,23,6,6,9,1,-0.25881904510252157,0.9659258262890681,-0.7818314824680299,0.6234898018587334,0.0,0.0,0.0,0.0,0.0,0.0,15.05025253169417,68.48528137423857,0
2026-09-07 00:00:00,2,0.0,0,0,0,7,9,0,0.0,1.0,0.0,1.0,0.0,0.0,0.0,0.0,0.0,0.0,13.937822173508929,70.39230484541326,1
2026-09-07 01:00:00,2,0.0,0,1,0,7,9,0,0.25881904510252074,0.9659258262890683,0.0,1.0,0.0,0.0,0.0,0.0,0.0,0.0,13.238519215976522,71.59110991546882,1
2026-09-07 02:00:00,2,0.0,0,2,0,7,9,0,0.49999999999999994,0.8660254037844387,0.0,1.0,0.0,0.0,0.0,0.0,0.0,0.0,13.0,72.0,1
2026-09-07 03:00:00,2,0.0,0,3,0,7,9,0,0.7071067811865475,0.7071067811865476,0.0,1.0,0.0,0.0,0.0,0.0,0.0,0.0,13.238519215976522,71.59110991546882,1
2026-09-07 04:00:00,2,0.0,0,4,0,7,9,0,0.8660254037844386,0.5000000000000001,0.0,1.0,0.0,0.0,0.0,0.0,0.0,0.0,13.93782217350893,70.39230484541326,1
2026-09-07 05:00:00,2,0.0,0,5,0,7,9,0,0.9659258262890683,0.25881904510252074,0.0,1.0,0.0,0.0,0.0,0.0,0.0,0.0,15.050252531694168,68.48528137423857,1
2026-09-07 06:00:00,2,0.0,0,6,0,7,9,0,1.0,6.123233995736766e-17,0.0,1.0,0.0,0.0,0.0,0.0,0.0,0.0,16.5,66.0,1
2026-09-07 07:00:00,2,0.0,0,7,0,7,9,0,0.9659258262890683,-0.25881904510252063,0.0,1.0,0.0,0.0,0.0,0.0,0.0,0.0,18.188266684282354,63.10582854123025,1
2026-09-07 08:00:00,2,0.0,0,8,0,7,9,0,0.8660254037844387,-0.4999999999999998,0.0,1.0,0.0,0.0,0.0,0.0,0.0,0.0,20.0,60.0,1
2026-09-07 09:00:00,2,0.0,0,9,0,7,9,0,0.7071067811865476,-0.7071067811865475,0.0,1.0,0.0,0.0,0.0,0.0,0.0,0.0,21.811733315717646,56.89417145876975,1
2026-09-07 10:00:00,2,0.0,0,10,0,7,9,0,0.49999999999999994,-0.8660254037844387,0.0,1.0,0.0,0.0,0.0,0.0,0.0,0.0,23.5,54.0,1
2026-09-07 11:00:00,2,0.0,0,11,0,7,9,0,0.258819045102521,-0.9659258262890682,0.0,1.0,0.0,0.0,0.0,0.0,0.0,0.0,24.94974746830583,51.51471862576143,1
2026-09-07 12:00:00,2,0.0,0,12,0,7,9,0,1.2246467991473532e-16,-1.0,0.0,1.0,0.0,0.0,0.0,0.0,0.0,0.0,26.06217782649107,49.607695154586736,1
2026-09-07 13:00:00,2,0.0,0,13,0,7,9,0,-0.2588190451025208,-0.9659258262890683,0.0,1.0,0.0,0.0,0.0,0.0,0.0,0.0,26.761480784023476,48.40889008453118,1
2026-09-07 14:00:00,2,0.0,0,14,0,7,9,0,-0.4999999999999997,-0.8660254037844388,0.0,1.0,0.0,0.0,0.0,0.0,0.0,0.0,27.0,48.0,1
2026-09-07 15:00:00,2,0.0,0,15,0,7,9,0,-0.7071067811865471,-0.7071067811865479,0.0,1.0,0.0,0.0,0.0,0.0,0.0,0.0,26.761480784023476,48.40889008453118,1
2026-09-07 16:00:00,2,0.0,0,16,0,7,9,0,-0.8660254037844384,-0.5000000000000004,0.0,1.0,0.0,0.0,0.0,0.0,0.0,0.0,26.062177826491073,49.607695154586736,1
2026-09-07 17:00:00,2,0.0,0,17,0,7,9,0,-0.9659258262890683,-0.25881904510252063,0.0,1.0,0.0,0.0,0.0,0.0,0.0,0.0,24.949747468305834,51.51471862576143,1
2026-09-07 18:00:00,2,0.0,0,18,0,7,9,0,-1.0,-1.8369701987210297e-16,0.0,1.0,0.0,0.0,0.0,0.0,0.0,0.0,23.5,54.0,1
2026-09-07 19:00:00,2,0.0,0,19,0,7,9,0,-0.9659258262890684,0.2588190451025203,0.0,1.0,0.0,0.0,0.0,0.0,0.0,0.0,21.811733315717646,56.89417145876975,1
2026-09-07 20:00:00,2,0.0,0,20,0,7,9,0,-0.8660254037844386,0.5000000000000001,0.0,1.0,0.0,0.0,0.0,0.0,0.0,0.0,20.0,60.0,1
2026-09-07 21:00:00,2,0.0,0,21,0,7,9,0,-0.7071067811865477,0.7071067811865474,0.0,1.0,0.0,0.0,0.0,0.0,0.0,0.0,18.188266684282354,63.10582854123025,1
2026-09-07 22:00:00,2,0.0,0,22,0,7,9,0,-0.5000000000000004,0.8660254037844384,0.0,1.0,0.0,0.0,0.0,0.0,0.0,0.0,16.5,66.0,1
2026-09-07 23:00:00,2,0.0,0,23,0,7,9,0,-0.25881904510252157,0.9659258262890681,0.0,1.0,0.0,0.0,0.0,0.0,0.0,0.0,15.05025253169417,68.48528137423857,1
2026-09-08 00:00:00,2,0.0,0,0,1,8,9,0,0.0,1.0,0.7818314824680298,0.6234898018587336,0.0,0.0,0.0,0.0,0.0,0.0,13.937822173508929,70.39230484541326,0
2026-09-08 01:00:00,2,0.0,0,1,1,8,9,0,0.25881904510252074,0.9659258262890683,0.7818314824680298,0.6234898018587336,0.0,0.0,0.0,0.0,0.0,0.0,13.238519215976522,71.59110991546882,0
2026-09-08 02:00:00,2,0.0,0,2,1,8,9,0,0.49999999999999994,0.8660254037844387,0.7818314824680298,0.6234898018587336,0.0,0.0,0.0,0.0,0.0,0.0,13.0,72.0,0
2026-09-08 03:00:00,2,0.0,0,3,1,8,9,0,0.7071067811865475,0.7071067811865476,0.7818314824680298,0.6234898018587336,0.0,0.0,0.0,0.0,0.0,0.0,13.238519215976522,71.59110991546882,0
2026-09-08 04:00:00,2,0.0,0,4,1,8,9,0,0.8660254037844386,0.5000000000000001,0.7818314824680298,0.6234898018587336,0.0,0.0,0.0,0.0,0.0,0.0,13.93782217350893,70.39230484541326,0
2026-09-08 05:00:00,2,0.0,0,5,1,8,9,0,0.9659258262890683,0.25881904510252074,0.7818314824680298,0.6234898018587336,0.0,0.0,0.0,0.0,0.0,0.0,15.050252531694168,68.48528137423857,0
2026-09-08 06:00:00,2,0.0,0,6,1,8,9,0,1.0,6.123233995736766e-17,0.7818314824680298,0.6234898018587336,0.0,0.0,0.0,0.0,0.0,0.0,16.5,66.0,0
2026-09-08 07:00:00,2,0.0,0,7,1,8,9,0,0.9659258262890683,-0.25881904510252063,0.7818314824680298,0.6234898018587336,0.0,0.0,0.0,0.0,0.0,0.0,18.188266684282354,63.10582854123025,0
2026-09-08 08:00:00,2,0.0,0,8,1,8,9,0,0.8660254037844387,-0.4999999999999998,0.7818314824680298,0.6234898018587336,0.0,0.0,0.0,0.0,0.0,0.0,20.0,60.0,0
2026-09-08 09:00:00,2,0.0,0,9,1,8,9,0,0.7071067811865476,-0.7071067811865475,0.7818314824680298,0.6234898018587336,0.0,0.0,0.0,0.0,0.0,0.0,21.811733315717646,56.89417145876975,0
2026-09-08 10:00:00,2,0.0,0,10,1,8,9,0,0.49999999999999994,-0.8660254037844387,0.7818314824680298,0.6234898018587336,0.0,0.0,0.0,0.0,0.0,0.0,23.5,54.0,0
2026-09-08 11:00:00,2,0.0,0,11,1,8,9,0,0.258819045102521,-0.9659258262890682,0.7818314824680298,0.6234898018587336,0.0,0.0,0.0,0.0,0.0,0.0,24.94974746830583,51.51471862576143,0
2026-09-08 12:00:00,2,0.0,0,12,1,8,9,0,1.2246467991473532e-16,-1.0,0.7818314824680298,0.6234898018587336,0.0,0.0,0.0,0.0,0.0,0.0,26.06217782649107,49.607695154586736,0
2026-09-08 13:00:00,2,0.0,0,13,1,8,9,0,-0.2588190451025208,-0.9659258262890683,0.7818314824680298,0.6234898018587336,0.0,0.0,0.0,0.0,0.0,0.0,26.761480784023476,48.40889008453118,0
2026-09-08 14:00:00,2,0.0,0,14,1,8,9,0,-0.4999999999999997,-0.8660254037844388,0.7818314824680298,0.6234898018587336,0.0,0.0,0.0,0.0,0.0,0.0,27.0,48.0,0
2026-09-08 15:00:00,2,0.0,0,15,1,8,9,0,-0.7071067811865471,-0.7071067811865479,0.7818314824680298,0.6234898018587336,0.0,0.0,0.0,0.0,0.0,0.0,26.761480784023476,48.40889008453118,0
2026-09-08 16:00:00,2,0.0,0,16,1,8,9,0,-0.8660254037844384,-0.5000000000000004,0.7818314824680298,0.6234898018587336,0.0,0.0,0.0,0.0,0.0,0.0,26.062177826491073,49.607695154586736,0
2026-09-08 17:00:00,2,0.0,0,17,1,8,9,0,-0.9659258262890683,-0.25881904510252063,0.7818314824680298,0.6234898018587336,0.0,0.0,0.0,0.0,0.0,0.0,24.949747468305834,51.51471862576143,0
2026-09-08 18:00:00,2,0.0,0,18,1,8,9,0,-1.0,-1.8369701987210297e-16,0.7818314824680298,0.6234898018587336,0.0,0.0,0.0,0.0,0.0,0.0,23.5,54.0,0
2026-09-08 19:00:00,2,0.0,0,19,1,8,9,0,-0.9659258262890684,0.2588190451025203,0.7818314824680298,0.6234898018587336,0.0,0.0,0.0,0.0,0.0,0.0,21.811733315717646,56.89417145876975,0
2026-09-08 20:00:00,2,0.0,0,20,1,8,9,0,-0.8660254037844386,0.5000000000000001,0.7818314824680298,0.6234898018587336,0.0,0.0,0.0,0.0,0.0,0.0,20.0,60.0,0
2026-09-08 21:00:00,2,0.0,0,21,1,8,9,0,-0.7071067811865477,0.7071067811865474,0.7818314824680298,0.6234898018587336,0.0,0.0,0.0,0.0,0.0,0.0,18.188266684282354,63.10582854123025,0
2026-09-08 22:00:00,2,0.0,0,22,1,8,9,0,-0.5000000000000004,0.8660254037844384,0.7818314824680298,0.6234898018587336,0.0,0.0,0.0,0.0,0.0,0.0,16.5,66.0,0
2026-09-08 23:00:00,2,0.0,0,23,1,8,9,0,-0.25881904510252157,0.9659258262890681,0.7818314824680298,0.6234898018587336,0.0,0.0,0.0,0.0,0.0,0.0,15.05025253169417,68.48528137423857,0
2026-09-09 00:00:00,2,0.0,0,0,2,9,9,0,0.0,1.0,0.9749279121818236,-0.22252093395631434,0.0,0.0,0.0,0.0,0.0,0.0,13.937822173508929,70.39230484541326,0
2026-09-09 01:00:00,2,0.0,0,1,2,9,9,0,0.25881904510252074,0.9659258262890683,0.9749279121818236,-0.22252093395631434,0.0,0.0,0.0,0.0,0.0,0.0,13.238519215976522,71.59110991546882,0
2026-09-09 02:00:00,2,0.0,0,2,2,9,9,0,0.49999999999999994,0.8660254037844387,0.9749279121818236,-0.22252093395631434,0.0,0.0,0.0,0.0,0.0,0.0,13.0,72.0,0
2026-09-09 03:00:00,2,0.0,0,3,2,9,9,0,0.7071067811865475,0.7071067811865476,0.9749279121818236,-0.22252093395631434,0.0,0.0,0.0,0.0,0.0,0.0,13.238519215976522,71.59110991546882,0
2026-09-09 04:00:00,2,0.0,0,4,2,9,9,0,0.8660254037844386,0.5000000000000001,0.9749279121818236,-0.22252093395631434,0.0,0.0,0.0,0.0,0.0,0.0,13.93782217350893,70.39230484541326,0
2026-09-09 05:00:00,2,0.0,0,5,2,9,9,0,0.9659258262890683,0.25881904510252074,0.9749279121818236,-0.22252093395631434,0.0,0.0,0.0,0.0,0.0,0.0,15.050252531694168,68.48528137423857,0
2026-09-09 06:00:00,2,0.0,0,6,2,9,9,0,1.0,6.123233995736766e-17,0.9749279121818236,-0.22252093395631434,0.0,0.0,0.0,0.0,0.0,0.0,16.5,66.0,0
2026-09-09 07:00:00,2,0.0,0,7,2,9,9,0,0.9659258262890683,-0.25881904510252063,0.9749279121818236,-0.22252093395631434,0.0,0.0,0.0,0.0,0.0,0.0,18.188266684282354,63.10582854123025,0
2026-09-09 08:00:00,2,0.0,0,8,2,9,9,0,0.8660254037844387,-0.4999999999999998,0.9749279121818236,-0.22252093395631434,0.0,0.0,0.0,0.0,0.0,0.0,20.0,60.0,0
2026-09-09 09:00:00,2,0.0,0,9,2,9,9,0,0.7071067811865476,-0.7071067811865475,0.9749279121818236,-0.22252093395631434,0.0,0.0,0.0,0.0,0.0,0.0,21.811733315717646,56.89417145876975,0
2026-09-09 10:00:00,2,0.0,0,10,2,9,9,0,0.49999999999999994,-0.8660254037844387,0.9749279121818236,-0.22252093395631434,0.0,0.0,0.0,0.0,0.0,0.0,23.5,54.0,0
2026-09-09 11:00:00,2,0.0,0,11,2,9,9,0,0.258819045102521,-0.9659258262890682,0.9749279121818236,-0.22252093395631434,0.0,0.0,0.0,0.0,0.0,0.0,24.94974746830583,51.51471862576143,0
2026-09-09 12:00:00,2,0.0,0,12,2,9,9,0,1.2246467991473532e-16,-1.0,0.9749279121818236,-0.22252093395631434,0.0,0.0,0.0,0.0,0.0,0.0,26.06217782649107,49.607695154586736,0
2026-09-09 13:00:00,2,0.0,0,13,2,9,9,0,-0.2588190451025208,-0.9659258262890683,0.9749279121818236,-0.22252093395631434,0.0,0.0,0.0,0.0,0.0,0.0,26.761480784023476,48.40889008453118,0
2026-09-09 14:00:00,2,0.0,0,14,2,9,9,0,-0.4999999999999997,-0.8660254037844388,0.9749279121818236,-0.22252093395631434,0.0,0.0,0.0,0.0,0.0,0.0,27.0,48.0,0
2026-09-09 15:00:00,2,120.0,1,15,2,9,9,0,-0.7071067811865471,-0.7071067811865479,0.9749279121818236,-0.22252093395631434,0.0,0.0,0.0,0.0,0.0,0.0,26.761480784023476,48.40889008453118,0
2026-09-09 16:00:00,2,0.0,0,16,2,9,9,0,-0.8660254037844384,-0.5000000000000004,0.9749279121818236,-0.22252093395631434,120.0,0.0,0.0,20.0,5.0,1.0,26.062177826491073,49.607695154586736,0
2026-09-09 17:00:00,2,0.0,0,17,2,9,9,0,-0.9659258262890683,-0.25881904510252063,0.9749279121818236,-0.22252093395631434,0.0,0.0,0.0,20.0,5.0,0.0,24.949747468305834,51.51471862576143,0
2026-09-09 18:00:00,2,0.0,0,18,2,9,9,0,-1.0,-1.8369701987210297e-16,0.9749279121818236,-0.22252093395631434,0.0,0.0,0.0,20.0,5.0,0.0,23.5,54.0,0
2026-09-09 19:00:00,2,0.0,0,19,2,9,9,0,-0.9659258262890684,0.2588190451025203,0.9749279121818236,-0.22252093395631434,0.0,0.0,0.0,20.0,5.0,0.0,21.811733315717646,56.89417145876975,0
2026-09-09 20:00:00,2,0.0,0,20,2,9,9,0,-0.8660254037844386,0.5000000000000001,0.9749279121818236,-0.22252093395631434,0.0,0.0,0.0,20.0,5.0,0.0,20.0,60.0,0
2026-09-09 21:00:00,2,0.0,0,21,2,9,9,0,-0.7071067811865477,0.7071067811865474,0.9749279121818236,-0.22252093395631434,0.0,0.0,0.0,20.0,5.0,0.0,18.188266684282354,63.10582854123025,0
2026-09-09 22:00:00,2,0.0,0,22,2,9,9,0,-0.5000000000000004,0.8660254037844384,0.9749279121818236,-0.22252093395631434,0.0,0.0,0.0,0.0,5.0,0.0,16.5,66.0,0
2026-09-09 23:00:00,2,120.0,1,23,2,9,9,0,-0.25881904510252157,0.9659258262890681,0.9749279121818236,-0.22252093395631434,0.0,0.0,0.0,0.0,5.0,0.0,15.05025253169417,68.48528137423857,0
2026-08-15 00:00:00,3,0.0,0,0,5,15,8,1,0.0,1.0,-0.9749279121818236,-0.2225209339563146,0.0,0.0,0.0,0.0,0.0,0.0,13.937822173508929,70.39230484541326,1
2026-08-15 01:00:00,3,0.0,0,1,5,15,8,1,0.25881904510252074,0.9659258262890683,-0.9749279121818236,-0.2225209339563146,0.0,0.0,0.0,0.0,0.0,0.0,13.238519215976522,71.59110991546882,1
2026-08-15 02:00:00,3,0.0,0,2,5,15,8,1,0.49999999999999994,0.8660254037844387,-0.9749279121818236,-0.2225209339563146,0.0,0.0,0.0,0.0,0.0,0.0,13.0,72.0,1
2026-08-15 03:00:00,3,0.0,0,3,5,15,8,1,0.7071067811865475,0.7071067811865476,-0.9749279121818236,-0.2225209339563146,0.0,0.0,0.0,0.0,0.0,0.0,13.238519215976522,71.59110991546882,1
2026-08-15 04:00:00,3,0.0,0,4,5,15,8,1,0.8660254037844386,0.5000000000000001,-0.9749279121818236,-0.2225209339563146,0.0,0.0,0.0,0.0,0.0,0.0,13.93782217350893,70.39230484541326,1
2026-08-15 05:00:00,3,0.0,0,5,5,15,8,1,0.9659258262890683,0.25881904510252074,-0.9749279121818236,-0.2225209339563146,0.0,0.0,0.0,0.0,0.0,0.0,15.050252531694168,68.48528137423857,1
2026-08-15 06:00:00,3,0.0,0,6,5,15,8,1,1.0,6.123233995736766e-17,-0.9749279121818236,-0.2225209339563146,0.0,0.0,0.0,0.0,0.0,0.0,16.5,66.0,1
2026-08-15 07:00:00,3,37.96,1,7,5,15,8,1,0.9659258262890683,-0.25881904510252063,-0.9749279121818236,-0.2225209339563146,0.0,0.0,0.0,0.0,0.0,0.0,18.188266684282354,63.10582854123025,1
2026-08-15 08:00:00,3,0.0,0,8,5,15,8,1,0.8660254037844387,-0.4999999999999998,-0.9749279121818236,-0.2225209339563146,37.96,0.0,0.0,6.326666666666667,1.5816666666666668,1.0,20.0,60.0,1
2026-08-15 09:00:00,3,0.0,0,9,5,15,8,1,0.7071067811865476,-0.7071067811865475,-0.9749279121818236,-0.2225209339563146,0.0,0.0,0.0,6.326666666666667,1.5816666666666668,0.0,21.811733315717646,56.89417145876975,1
2026-08-15 10:00:00,3,0.0,0,10,5,15,8,1,0.49999999999999994,-0.8660254037844387,-0.9749279121818236,-0.2225209339563146,0.0,0.0,0.0,6.326666666666667,1.5816666666666668,0.0,23.5,54.0,1
2026-08-15 11:00:00,3,0.0,0,11,5,15,8,1,0.258819045102521,-0.9659258262890682,-0.9749279121818236,-0.2225209339563146,0.0,0.0,0.0,6.326666666666667,1.5816666666666668,0.0,24.94974746830583,51.51471862576143,1
2026-08-15 12:00:00,3,0.0,0,12,5,15,8,1,1.2246467991473532e-16,-1.0,-0.9749279121818236,-0.2225209339563146,0.0,0.0,0.0,6.326666666666667,1.5816666666666668,0.0,26.06217782649107,49.607695154586736,1
2026-08-15 13:00:00,3,0.0,0,13,5,15,8,1,-0.2588190451025208,-0.9659258262890683,-0.9749279121818236,-0.2225209339563146,0.0,0.0,0.0,6.326666666666667,1.5816666666666668,0.0,26.761480784023476,48.40889008453118,1
2026-08-15 14:00:00,3,0.0,0,14,5,15,8,1,-0.4999999999999997,-0.8660254037844388,-0.9749279121818236,-0.2225209339563146,0.0,0.0,0.0,0.0,1.5816666666666668,0.0,27.0,48.0,1
2026-08-15 15:00:00,3,0.0,0,15,5,15,8,1,-0.7071067811865471,-0.7071067811865479,-0.9749279121818236,-0.2225209339563146,0.0,0.0,0.0,0.0,1.5816666666666668,0.0,26.761480784023476,48.40889008453118,1
2026-08-15 16:00:00,3,0.0,0,16,5,15,8,1,-0.8660254037844384,-0.5000000000000004,-0.9749279121818236,-0.2225209339563146,0.0,0.0,0.0,0.0,1.5816666666666668,0.0,26.062177826491073,49.607695154586736,1
2026-08-15 17:00:00,3,0.0,0,17,5,15,8,1,-0.9659258262890683,-0.25881904510252063,-0.9749279121818236,-0.2225209339563146,0.0,0.0,0.0,0.0,1.5816666666666668,0.0,24.949747468305834,51.51471862576143,1
2026-08-15 18:00:00,3,0.0,0,18,5,15,8,1,-1.0,-1.8369701987210297e-16,-0.9749279121818236,-0.2225209339563146,0.0,0.0,0.0,0.0,1.5816666666666668,0.0,23.5,54.0,1
2026-08-15 19:00:00,3,0.0,0,19,5,15,8,1,-0.9659258262890684,0.2588190451025203,-0.9749279121818236,-0.2225209339563146,0.0,0.0,0.0,0.0,1.5816666666666668,0.0,21.811733315717646,56.89417145876975,1
2026-08-15 20:00:00,3,0.0,0,20,5,15,8,1,-0.8660254037844386,0.5000000000000001,-0.9749279121818236,-0.2225209339563146,0.0,0.0,0.0,0.0,1.5816666666666668,0.0,20.0,60.0,1
2026-08-15 21:00:00,3,0.0,0,21,5,15,8,1,-0.7071067811865477,0.7071067811865474,-0.9749279121818236,-0.2225209339563146,0.0,0.0,59.32,0.0,1.5816666666666668,0.0,18.188266684282354,63.10582854123025,1
2026-08-15 22:00:00,3,0.0,0,22,5,15,8,1,-0.5000000000000004,0.8660254037844384,-0.9749279121818236,-0.2225209339563146,0.0,0.0,0.0,0.0,1.5816666666666668,0.0,16.5,66.0,1
2026-08-15 23:00:00,3,0.0,0,23,5,15,8,1,-0.25881904510252157,0.9659258262890681,-0.9749279121818236,-0.2225209339563146,0.0,0.0,0.0,0.0,1.5816666666666668,0.0,15.05025253169417,68.48528137423857,1
2026-08-16 00:00:00,3,0.0,0,0,6,16,8,1,0.0,1.0,-0.7818314824680299,0.6234898018587334,0.0,0.0,0.0,0.0,1.5816666666666668,0.0,13.937822173508929,70.39230484541326,0
2026-08-16 01:00:00,3,0.0,0,1,6,16,8,1,0.25881904510252074,0.9659258262890683,-0.7818314824680299,0.6234898018587334,0.0,0.0,0.0,0.0,1.5816666666666668,0.0,13.238519215976522,71.59110991546882,0
2026-08-16 02:00:00,3,0.0,0,2,6,16,8,1,0.49999999999999994,0.8660254037844387,-0.7818314824680299,0.6234898018587334,0.0,0.0,0.0,0.0,1.5816666666666668,0.0,13.0,72.0,0
2026-08-16 03:00:00,3,0.0,0,3,6,16,8,1,0.7071067811865475,0.7071067811865476,-0.7818314824680299,0.6234898018587334,0.0,0.0,0.0,0.0,1.5816666666666668,0.0,13.238519215976522,71.59110991546882,0
2026-08-16 04:00:00,3,0.0,0,4,6,16,8,1,0.8660254037844386,0.5000000000000001,-0.7818314824680299,0.6234898018587334,0.0,0.0,0.0,0.0,1.5816666666666668,0.0,13.93782217350893,70.39230484541326,0
2026-08-16 05:00:00,3,0.0,0,5,6,16,8,1,0.9659258262890683,0.25881904510252074,-0.7818314824680299,0.6234898018587334,0.0,0.0,0.0,0.0,1.5816666666666668,0.0,15.050252531694168,68.48528137423857,0
2026-08-16 06:00:00,3,0.0,0,6,6,16,8,1,1.0,6.123233995736766e-17,-0.7818314824680299,0.6234898018587334,0.0,0.0,0.0,0.0,1.5816666666666668,0.0,16.5,66.0,0
2026-08-16 07:00:00,3,0.0,0,7,6,16,8,1,0.9659258262890683,-0.25881904510252063,-0.7818314824680299,0.6234898018587334,0.0,37.96,0.0,0.0,1.5816666666666668,0.0,18.188266684282354,63.10582854123025,0
2026-08-16 08:00:00,3,0.0,0,8,6,16,8,1,0.8660254037844387,-0.4999999999999998,-0.7818314824680299,0.6234898018587334,0.0,0.0,0.0,0.0,0.0,0.0,20.0,60.0,0
2026-08-16 09:00:00,3,0.0,0,9,6,16,8,1,0.7071067811865476,-0.7071067811865475,-0.7818314824680299,0.6234898018587334,0.0,0.0,0.0,0.0,0.0,0.0,21.811733315717646,56.89417145876975,0
2026-08-16 10:00:00,3,0.0,0,10,6,16,8,1,0.49999999999999994,-0.8660254037844387,-0.7818314824680299,0.6234898018587334,0.0,0.0,0.0,0.0,0.0,0.0,23.5,54.0,0
2026-08-16 11:00:00,3,0.0,0,11,6,16,8,1,0.258819045102521,-0.9659258262890682,-0.7818314824680299,0.6234898018587334,0.0,0.0,0.0,0.0,0.0,0.0,24.94974746830583,51.51471862576143,0
2026-08-16 12:00:00,3,0.0,0,12,6,16,8,1,1.2246467991473532e-16,-1.0,-0.7818314824680299,0.6234898018587334,0.0,0.0,0.0,0.0,0.0,0.0,26.06217782649107,49.607695154586736,0
2026-08-16 13:00:00,3,0.0,0,13,6,16,8,1,-0.2588190451025208,-0.9659258262890683,-0.7818314824680299,0.6234898018587334,0.0,0.0,0.0,0.0,0.0,0.0,26.761480784023476,48.40889008453118,0
2026-08-16 14:00:00,3,0.0,0,14,6,16,8,1,-0.4999999999999997,-0.8660254037844388,-0.7818314824680299,0.6234898018587334,0.0,0.0,0.0,0.0,0.0,0.0,27.0,48.0,0
2026-08-16 15:00:00,3,0.0,0,15,6,16,8,1,-0.7071067811865471,-0.7071067811865479,-0.7818314824680299,0.6234898018587334,0.0,0.0,0.0,0.0,0.0,0.0,26.761480784023476,48.40889008453118,0
2026-08-16 16:00:00,3,0.0,0,16,6,16,8,1,-0.8660254037844384,-0.5000000000000004,-0.7818314824680299,0.6234898018587334,0.0,0.0,0.0,0.0,0.0,0.0,26.062177826491073,49.607695154586736,0
2026-08-16 17:00:00,3,0.0,0,17,6,16,8,1,-0.9659258262890683,-0.25881904510252063,-0.7818314824680299,0.6234898018587334,0.0,0.0,0.0,0.0,0.0,0.0,24.949747468305834,51.51471862576143,0
2026-08-16 18:00:00,3,0.0,0,18,6,16,8,1,-1.0,-1.8369701987210297e-16,-0.7818314824680299,0.6234898018587334,0.0,0.0,0.0,0.0,0.0,0.0,23.5,54.0,0
2026-08-16 19:00:00,3,0.0,0,19,6,16,8,1,-0.9659258262890684,0.2588190451025203,-0.7818314824680299,0.6234898018587334,0.0,0.0,0.0,0.0,0.0,0.0,21.811733315717646,56.89417145876975,0
2026-08-16 20:00:00,3,0.0,0,20,6,16,8,1,-0.8660254037844386,0.5000000000000001,-0.7818314824680299,0.6234898018587334,0.0,0.0,0.0,0.0,0.0,0.0,20.0,60.0,0
2026-08-16 21:00:00,3,0.0,0,21,6,16,8,1,-0.7071067811865477,0.7071067811865474,-0.7818314824680299,0.6234898018587334,0.0,0.0,0.0,0.0,0.0,0.0,18.188266684282354,63.10582854123025,0
2026-08-16 22:00:00,3,0.0,0,22,6,16,8,1,-0.5000000000000004,0.8660254037844384,-0.7818314824680299,0.6234898018587334,0.0,0.0,0.0,0.0,0.0,0.0,16.5,66.0,0
2026-08-16 23:00:00,3,0.0,0,23,6,16,8,1,-0.25881904510252157,0.9659258262890681,-0.7818314824680299,0.6234898018587334,0.0,0.0,0.0,0.0,0.0,0.0,15.05025253169417,68.48528137423857,0
2026-08-17 00:00:00,3,0.0,0,0,0,17,8,0,0.0,1.0,0.0,1.0,0.0,0.0,0.0,0.0,0.0,0.0,13.937822173508929,70.39230484541326,0
2026-08-17 01:00:00,3,0.0,0,1,0,17,8,0,0.25881904510252074,0.9659258262890683,0.0,1.0,0.0,0.0,0.0,0.0,0.0,0.0,13.238519215976522,71.59110991546882,0
2026-08-17 02:00:00,3,0.0,0,2,0,17,8,0,0.49999999999999994,0.8660254037844387,0.0,1.0,0.0,0.0,0.0,0.0,0.0,0.0,13.0,72.0,0
2026-08-17 03:00:00,3,0.0,0,3,0,17,8,0,0.7071067811865475,0.7071067811865476,0.0,1.0,0.0,0.0,0.0,0.0,0.0,0.0,13.238519215976522,71.59110991546882,0
2026-08-17 04:00:00,3,0.0,0,4,0,17,8,0,0.8660254037844386,0.5000000000000001,0.0,1.0,0.0,0.0,0.0,0.0,0.0,0.0,13.93782217350893,70.39230484541326,0
2026-08-17 05:00:00,3,0.0,0,5,0,17,8,0,0.9659258262890683,0.25881904510252074,0.0,1.0,0.0,0.0,0.0,0.0,0.0,0.0,15.050252531694168,68.48528137423857,0
2026-08-17 06:00:00,3,0.0,0,6,0,17,8,0,1.0,6.123233995736766e-17,0.0,1.0,0.0,0.0,0.0,0.0,0.0,0.0,16.5,66.0,0
2026-08-17 07:00:00,3,0.0,0,7,0,17,8,0,0.9659258262890683,-0.25881904510252063,0.0,1.0,0.0,0.0,0.0,0.0,0.0,0.0,18.188266684282354,63.10582854123025,0
2026-08-17 08:00:00,3,0.0,0,8,0,17,8,0,0.8660254037844387,-0.4999999999999998,0.0,1.0,0.0,0.0,0.0,0.0,0.0,0.0,20.0,60.0,0
2026-08-17 09:00:00,3,0.0,0,9,0,17,8,0,0.7071067811865476,-0.7071067811865475,0.0,1.0,0.0,0.0,0.0,0.0,0.0,0.0,21.811733315717646,56.89417145876975,0
2026-08-17 10:00:00,3,0.0,0,10,0,17,8,0,0.49999999999999994,-0.8660254037844387,0.0,1.0,0.0,0.0,0.0,0.0,0.0,0.0,23.5,54.0,0
2026-08-17 11:00:00,3,0.0,0,11,0,17,8,0,0.258819045102521,-0.9659258262890682,0.0,1.0,0.0,0.0,0.0,0.0,0.0,0.0,24.94974746830583,51.51471862576143,0
2026-08-17 12:00:00,3,0.0,0,12,0,17,8,0,1.2246467991473532e-16,-1.0,0.0,1.0,0.0,0.0,0.0,0.0,0.0,0.0,26.06217782649107,49.607695154586736,0
2026-08-17 13:00:00,3,0.0,0,13,0,17,8,0,-0.2588190451025208,-0.9659258262890683,0.0,1.0,0.0,0.0,0.0,0.0,0.0,0.0,26.761480784023476,48.40889008453118,0
2026-08-17 14:00:00,3,0.0,0,14,0,17,8,0,-0.4999999999999997,-0.8660254037844388,0.0,1.0,0.0,0.0,0.0,0.0,0.0,0.0,27.0,48.0,0
2026-08-17 15:00:00,3,0.0,0,15,0,17,8,0,-0.7071067811865471,-0.7071067811865479,0.0,1.0,0.0,0.0,0.0,0.0,0.0,0.0,26.761480784023476,48.40889008453118,0
2026-08-17 16:00:00,3,0.0,0,16,0,17,8,0,-0.8660254037844384,-0.5000000000000004,0.0,1.0,0.0,0.0,0.0,0.0,0.0,0.0,26.062177826491073,49.607695154586736,0
2026-08-17 17:00:00,3,0.0,0,17,0,17,8,0,-0.9659258262890683,-0.25881904510252063,0.0,1.0,0.0,0.0,0.0,0.0,0.0,0.0,24.949747468305834,51.51471862576143,0
2026-08-17 18:00:00,3,0.0,0,18,0,17,8,0,-1.0,-1.8369701987210297e-16,0.0,1.0,0.0,0.0,0.0,0.0,0.0,0.0,23.5,54.0,0
2026-08-17 19:00:00,3,0.0,0,19,0,17,8,0,-0.9659258262890684,0.2588190451025203,0.0,1.0,0.0,0.0,0.0,0.0,0.0,0.0,21.811733315717646,56.89417145876975,0
2026-08-17 20:00:00,3,0.0,0,20,0,17,8,0,-0.8660254037844386,0.5000000000000001,0.0,1.0,0.0,0.0,0.0,0.0,0.0,0.0,20.0,60.0,0
2026-08-17 21:00:00,3,0.0,0,21,0,17,8,0,-0.7071067811865477,0.7071067811865474,0.0,1.0,0.0,0.0,0.0,0.0,0.0,0.0,18.188266684282354,63.10582854123025,0
2026-08-17 22:00:00,3,0.0,0,22,0,17,8,0,-0.5000000000000004,0.8660254037844384,0.0,1.0,0.0,0.0,0.0,0.0,0.0,0.0,16.5,66.0,0
2026-08-17 23:00:00,3,0.0,0,23,0,17,8,0,-0.25881904510252157,0.9659258262890681,0.0,1.0,0.0,0.0,0.0,0.0,0.0,0.0,15.05025253169417,68.48528137423857,0
2026-08-18 00:00:00,3,0.0,0,0,1,18,8,0,0.0,1.0,0.7818314824680298,0.6234898018587336,0.0,0.0,0.0,0.0,0.0,0.0,13.937822173508929,70.39230484541326,0
2026-08-18 01:00:00,3,0.0,0,1,1,18,8,0,0.25881904510252074,0.9659258262890683,0.7818314824680298,0.6234898018587336,0.0,0.0,0.0,0.0,0.0,0.0,13.238519215976522,71.59110991546882,0
2026-08-18 02:00:00,3,0.0,0,2,1,18,8,0,0.49999999999999994,0.8660254037844387,0.7818314824680298,0.6234898018587336,0.0,0.0,0.0,0.0,0.0,0.0,13.0,72.0,0
2026-08-18 03:00:00,3,0.0,0,3,1,18,8,0,0.7071067811865475,0.7071067811865476,0.7818314824680298,0.6234898018587336,0.0,0.0,0.0,0.0,0.0,0.0,13.238519215976522,71.59110991546882,0
2026-08-18 04:00:00,3,0.0,0,4,1,18,8,0,0.8660254037844386,0.5000000000000001,0.7818314824680298,0.6234898018587336,0.0,0.0,0.0,0.0,0.0,0.0,13.93782217350893,70.39230484541326,0
2026-08-18 05:00:00,3,0.0,0,5,1,18,8,0,0.9659258262890683,0.25881904510252074,0.7818314824680298,0.6234898018587336,0.0,0.0,0.0,0.0,0.0,0.0,15.050252531694168,68.48528137423857,0
2026-08-18 06:00:00,3,0.0,0,6,1,18,8,0,1.0,6.123233995736766e-17,0.7818314824680298,0.6234898018587336,0.0,0.0,0.0,0.0,0.0,0.0,16.5,66.0,0
2026-08-18 07:00:00,3,0.0,0,7,1,18,8,0,0.9659258262890683,-0.25881904510252063,0.7818314824680298,0.6234898018587336,0.0,0.0,0.0,0.0,0.0,0.0,18.188266684282354,63.10582854123025,0
2026-08-18 08:00:00,3,0.0,0,8,1,18,8,0,0.8660254037844387,-0.4999999999999998,0.7818314824680298,0.6234898018587336,0.0,0.0,0.0,0.0,0.0,0.0,20.0,60.0,0
2026-08-18 09:00:00,3,0.0,0,9,1,18,8,0,0.7071067811865476,-0.7071067811865475,0.7818314824680298,0.6234898018587336,0.0,0.0,0.0,0.0,0.0,0.0,21.811733315717646,56.89417145876975,0
2026-08-18 10:00:00,3,0.0,0,10,1,18,8,0,0.49999999999999994,-0.8660254037844387,0.7818314824680298,0.6234898018587336,0.0,0.0,0.0,0.0,0.0,0.0,23.5,54.0,0
2026-08-18 11:00:00,3,0.0,0,11,1,18,8,0,0.258819045102521,-0.9659258262890682,0.7818314824680298,0.6234898018587336,0.0,0.0,0.0,0.0,0.0,0.0,24.94974746830583,51.51471862576143,0
2026-08-18 12:00:00,3,0.0,0,12,1,18,8,0,1.2246467991473532e-16,-1.0,0.7818314824680298,0.6234898018587336,0.0,0.0,43.1,0.0,0.0,0.0,26.06217782649107,49.607695154586736,0
2026-08-18 13:00:00,3,0.0,0,13,1,18,8,0,-0.2588190451025208,-0.9659258262890683,0.7818314824680298,0.6234898018587336,0.0,0.0,0.0,0.0,0.0,0.0,26.761480784023476,48.40889008453118,0
2026-08-18 14:00:00,3,0.0,0,14,1,18,8,0,-0.4999999999999997,-0.8660254037844388,0.7818314824680298,0.6234898018587336,0.0,0.0,57.31,0.0,0.0,0.0,27.0,48.0,0
2026-08-18 15:00:00,3,0.0,0,15,1,18,8,0,-0.7071067811865471,-0.7071067811865479,0.7818314824680298,0.6234898018587336,0.0,0.0,0.0,0.0,0.0,0.0,26.761480784023476,48.40889008453118,0
2026-08-18 16:00:00,3,0.0,0,16,1,18,8,0,-0.8660254037844384,-0.5000000000000004,0.7818314824680298,0.6234898018587336,0.0,0.0,0.0,0.0,0.0,0.0,26.062177826491073,49.607695154586736,0
2026-08-18 17:00:00,3,0.0,0,17,1,18,8,0,-0.9659258262890683,-0.25881904510252063,0.7818314824680298,0.6234898018587336,0.0,0.0,0.0,0.0,0.0,0.0,24.949747468305834,51.51471862576143,0
2026-08-18 18:00:00,3,0.0,0,18,1,18,8,0,-1.0,-1.8369701987210297e-16,0.7818314824680298,0.6234898018587336,0.0,0.0,0.0,0.0,0.0,0.0,23.5,54.0,0
2026-08-18 19:00:00,3,0.0,0,19,1,18,8,0,-0.9659258262890684,0.2588190451025203,0.7818314824680298,0.6234898018587336,0.0,0.0,0.0,0.0,0.0,0.0,21.811733315717646,56.89417145876975,0
2026-08-18 20:00:00,3,0.0,0,20,1,18,8,0,-0.8660254037844386,0.5000000000000001,0.7818314824680298,0.6234898018587336,0.0,0.0,0.0,0.0,0.0,0.0,20.0,60.0,0
2026-08-18 21:00:00,3,0.0,0,21,1,18,8,0,-0.7071067811865477,0.7071067811865474,0.7818314824680298,0.6234898018587336,0.0,0.0,0.0,0.0,0.0,0.0,18.188266684282354,63.10582854123025,0
2026-08-18 22:00:00,3,0.0,0,22,1,18,8,0,-0.5000000000000004,0.8660254037844384,0.7818314824680298,0.6234898018587336,0.0,0.0,0.0,0.0,0.0,0.0,16.5,66.0,0
2026-08-18 23:00:00,3,0.0,0,23,1,18,8,0,-0.25881904510252157,0.9659258262890681,0.7818314824680298,0.6234898018587336,0.0,0.0,0.0,0.0,0.0,0.0,15.05025253169417,68.48528137423857,0
2026-08-19 00:00:00,3,0.0,0,0,2,19,8,0,0.0,1.0,0.9749279121818236,-0.22252093395631434,0.0,0.0,0.0,0.0,0.0,0.0,13.937822173508929,70.39230484541326,0
2026-08-19 01:00:00,3,0.0,0,1,2,19,8,0,0.25881904510252074,0.9659258262890683,0.9749279121818236,-0.22252093395631434,0.0,0.0,0.0,0.0,0.0,0.0,13.238519215976522,71.59110991546882,0
2026-08-19 02:00:00,3,0.0,0,2,2,19,8,0,0.49999999999999994,0.8660254037844387,0.9749279121818236,-0.22252093395631434,0.0,0.0,0.0,0.0,0.0,0.0,13.0,72.0,0
2026-08-19 03:00:00,3,0.0,0,3,2,19,8,0,0.7071067811865475,0.7071067811865476,0.9749279121818236,-0.22252093395631434,0.0,0.0,0.0,0.0,0.0,0.0,13.238519215976522,71.59110991546882,0
2026-08-19 04:00:00,3,0.0,0,4,2,19,8,0,0.8660254037844386,0.5000000000000001,0.9749279121818236,-0.22252093395631434,0.0,0.0,0.0,0.0,0.0,0.0,13.93782217350893,70.39230484541326,0
2026-08-19 05:00:00,3,0.0,0,5,2,19,8,0,0.9659258262890683,0.25881904510252074,0.9749279121818236,-0.22252093395631434,0.0,0.0,0.0,0.0,0.0,0.0,15.050252531694168,68.48528137423857,0
2026-08-19 06:00:00,3,0.0,0,6,2,19,8,0,1.0,6.123233995736766e-17,0.9749279121818236,-0.22252093395631434,0.0,0.0,0.0,0.0,0.0,0.0,16.5,66.0,0
2026-08-19 07:00:00,3,0.0,0,7,2,19,8,0,0.9659258262890683,-0.25881904510252063,0.9749279121818236,-0.22252093395631434,0.0,0.0,0.0,0.0,0.0,0.0,18.188266684282354,63.10582854123025,0
2026-08-19 08:00:00,3,0.0,0,8,2,19,8,0,0.8660254037844387,-0.4999999999999998,0.9749279121818236,-0.22252093395631434,0.0,0.0,0.0,0.0,0.0,0.0,20.0,60.0,0
2026-08-19 09:00:00,3,0.0,0,9,2,19,8,0,0.7071067811865476,-0.7071067811865475,0.9749279121818236,-0.22252093395631434,0.0,0.0,14.07,0.0,0.0,0.0,21.811733315717646,56.89417145876975,0
2026-08-19 10:00:00,3,0.0,0,10,2,19,8,0,0.49999999999999994,-0.8660254037844387,0.9749279121818236,-0.22252093395631434,0.0,0.0,0.0,0.0,0.0,0.0,23.5,54.0,0
2026-08-19 11:00:00,3,0.0,0,11,2,19,8,0,0.258819045102521,-0.9659258262890682,0.9749279121818236,-0.22252093395631434,0.0,0.0,0.0,0.0,0.0,0.0,24.94974746830583,51.51471862576143,0
2026-08-19 12:00:00,3,0.0,0,12,2,19,8,0,1.2246467991473532e-16,-1.0,0.9749279121818236,-0.22252093395631434,0.0,0.0,0.0,0.0,0.0,0.0,26.06217782649107,49.607695154586736,0
2026-08-19 13:00:00,3,0.0,0,13,2,19,8,0,-0.2588190451025208,-0.9659258262890683,0.9749279121818236,-0.22252093395631434,0.0,0.0,0.0,0.0,0.0,0.0,26.761480784023476,48.40889008453118,0
2026-08-19 14:00:00,3,0.0,0,14,2,19,8,0,-0.4999999999999997,-0.8660254037844388,0.9749279121818236,-0.22252093395631434,0.0,0.0,0.0,0.0,0.0,0.0,27.0,48.0,0
2026-08-19 15:00:00,3,0.0,0,15,2,19,8,0,-0.7071067811865471,-0.7071067811865479,0.9749279121818236,-0.22252093395631434,0.0,0.0,0.0,0.0,0.0,0.0,26.761480784023476,48.40889008453118,0
2026-08-19 16:00:00,3,0.0,0,16,2,19,8,0,-0.8660254037844384,-0.5000000000000004,0.9749279121818236,-0.22252093395631434,0.0,0.0,0.0,0.0,0.0,0.0,26.062177826491073,49.607695154586736,0
2026-08-19 17:00:00,3,0.0,0,17,2,19,8,0,-0.9659258262890683,-0.25881904510252063,0.9749279121818236,-0.22252093395631434,0.0,0.0,0.0,0.0,0.0,0.0,24.949747468305834,51.51471862576143,0
2026-08-19 18:00:00,3,0.0,0,18,2,19,8,0,-1.0,-1.8369701987210297e-16,0.9749279121818236,-0.22252093395631434,0.0,0.0,0.0,0.0,0.0,0.0,23.5,54.0,0
2026-08-19 19:00:00,3,35.95,1,19,2,19,8,0,-0.9659258262890684,0.2588190451025203,0.9749279121818236,-0.22252093395631434,0.0,0.0,0.0,0.0,0.0,0.0,21.811733315717646,56.89417145876975,0
2026-08-19 20:00:00,3,0.0,0,20,2,19,8,0,-0.8660254037844386,0.5000000000000001,0.9749279121818236,-0.22252093395631434,35.95,0.0,0.0,5.991666666666667,1.4979166666666668,1.0,20.0,60.0,0
2026-08-19 21:00:00,3,0.0,0,21,2,19,8,0,-0.7071067811865477,0.7071067811865474,0.9749279121818236,-0.22252093395631434,0.0,0.0,0.0,5.991666666666667,1.4979166666666668,0.0,18.188266684282354,63.10582854123025,0
2026-08-19 22:00:00,3,0.0,0,22,2,19,8,0,-0.5000000000000004,0.8660254037844384,0.9749279121818236,-0.22252093395631434,0.0,0.0,0.0,5.991666666666667,1.4979166666666668,0.0,16.5,66.0,0
2026-08-19 23:00:00,3,0.0,0,23,2,19,8,0,-0.25881904510252157,0.9659258262890681,0.9749279121818236,-0.22252093395631434,0.0,0.0,0.0,5.991666666666667,1.4979166666666668,0.0,15.05025253169417,68.48528137423857,0
2026-08-20 00:00:00,3,0.0,0,0,3,20,8,0,0.0,1.0,0.43388373911755823,-0.900968867902419,0.0,0.0,0.0,5.991666666666667,1.4979166666666668,0.0,13.937822173508929,70.39230484541326,0
2026-08-20 01:00:00,3,0.0,0,1,3,20,8,0,0.25881904510252074,0.9659258262890683,0.43388373911755823,-0.900968867902419,0.0,0.0,0.0,5.991666666666667,1.4979166666666668,0.0,13.238519215976522,71.59110991546882,0
2026-08-20 02:00:00,3,0.0,0,2,3,20,8,0,0.49999999999999994,0.8660254037844387,0.43388373911755823,-0.900968867902419,0.0,0.0,0.0,0.0,1.4979166666666668,0.0,13.0,72.0,0
2026-08-20 03:00:00,3,0.0,0,3,3,20,8,0,0.7071067811865475,0.7071067811865476,0.43388373911755823,-0.900968867902419,0.0,0.0,0.0,0.0,1.4979166666666668,0.0,13.238519215976522,71.59110991546882,0
2026-08-20 04:00:00,3,0.0,0,4,3,20,8,0,0.8660254037844386,0.5000000000000001,0.43388373911755823,-0.900968867902419,0.0,0.0,0.0,0.0,1.4979166666666668,0.0,13.93782217350893,70.39230484541326,0
2026-08-20 05:00:00,3,0.0,0,5,3,20,8,0,0.9659258262890683,0.25881904510252074,0.43388373911755823,-0.900968867902419,0.0,0.0,0.0,0.0,1.4979166666666668,0.0,15.050252531694168,68.48528137423857,0
2026-08-20 06:00:00,3,0.0,0,6,3,20,8,0,1.0,6.123233995736766e-17,0.43388373911755823,-0.900968867902419,0.0,0.0,0.0,0.0,1.4979166666666668,0.0,16.5,66.0,0
2026-08-20 07:00:00,3,0.0,0,7,3,20,8,0,0.9659258262890683,-0.25881904510252063,0.43388373911755823,-0.900968867902419,0.0,0.0,0.0,0.0,1.4979166666666668,0.0,18.188266684282354,63.10582854123025,0
2026-08-20 08:00:00,3,0.0,0,8,3,20,8,0,0.8660254037844387,-0.4999999999999998,0.43388373911755823,-0.900968867902419,0.0,0.0,0.0,0.0,1.4979166666666668,0.0,20.0,60.0,0
2026-08-20 09:00:00,3,0.0,0,9,3,20,8,0,0.7071067811865476,-0.7071067811865475,0.43388373911755823,-0.900968867902419,0.0,0.0,0.0,0.0,1.4979166666666668,0.0,21.811733315717646,56.89417145876975,0
2026-08-20 10:00:00,3,0.0,0,10,3,20,8,0,0.49999999999999994,-0.8660254037844387,0.43388373911755823,-0.900968867902419,0.0,0.0,0.0,0.0,1.4979166666666668,0.0,23.5,54.0,0
2026-08-20 11:00:00,3,0.0,0,11,3,20,8,0,0.258819045102521,-0.9659258262890682,0.43388373911755823,-0.900968867902419,0.0,0.0,0.0,0.0,1.4979166666666668,0.0,24.94974746830583,51.51471862576143,0
2026-08-20 12:00:00,3,0.0,0,12,3,20,8,0,1.2246467991473532e-16,-1.0,0.43388373911755823,-0.900968867902419,0.0,0.0,0.0,0.0,1.4979166666666668,0.0,26.06217782649107,49.607695154586736,0
2026-08-20 13:00:00,3,0.0,0,13,3,20,8,0,-0.2588190451025208,-0.9659258262890683,0.43388373911755823,-0.900968867902419,0.0,0.0,54.96,0.0,1.4979166666666668,0.0,26.761480784023476,48.40889008453118,0
2026-08-20 14:00:00,3,0.0,0,14,3,20,8,0,-0.4999999999999997,-0.8660254037844388,0.43388373911755823,-0.900968867902419,0.0,0.0,0.0,0.0,1.4979166666666668,0.0,27.0,48.0,0
2026-08-20 15:00:00,3,0.0,0,15,3,20,8,0,-0.7071067811865471,-0.7071067811865479,0.43388373911755823,-0.900968867902419,0.0,0.0,0.0,0.0,1.4979166666666668,0.0,26.761480784023476,48.40889008453118,0
2026-08-20 16:00:00,3,0.0,0,16,3,20,8,0,-0.8660254037844384,-0.5000000000000004,0.43388373911755823,-0.900968867902419,0.0,0.0,0.0,0.0,1.4979166666666668,0.0,26.062177826491073,49.607695154586736,0
2026-08-20 17:00:00,3,0.0,0,17,3,20,8,0,-0.9659258262890683,-0.25881904510252063,0.43388373911755823,-0.900968867902419,0.0,0.0,0.0,0.0,1.4979166666666668,0.0,24.949747468305834,51.51471862576143,0
2026-08-20 18:00:00,3,0.0,0,18,3,20,8,0,-1.0,-1.8369701987210297e-16,0.43388373911755823,-0.900968867902419,0.0,0.0,29.15,0.0,1.4979166666666668,0.0,23.5,54.0,0
2026-08-20 19:00:00,3,52.53,1,19,3,20,8,0,-0.9659258262890684,0.2588190451025203,0.43388373911755823,-0.900968867902419,0.0,35.95,0.0,0.0,1.4979166666666668,0.0,21.811733315717646,56.89417145876975,0
2026-08-20 20:00:00,3,0.0,0,20,3,20,8,0,-0.8660254037844386,0.5000000000000001,0.43388373911755823,-0.900968867902419,52.53,0.0,0.0,8.755,2.18875,1.0,20.0,60.0,0
2026-08-20 21:00:00,3,0.0,0,21,3,20,8,0,-0.7071067811865477,0.7071067811865474,0.43388373911755823,-0.900968867902419,0.0,0.0,0.0,8.755,2.18875,0.0,18.188266684282354,63.10582854123025,0
2026-08-20 22:00:00,3,0.0,0,22,3,20,8,0,-0.5000000000000004,0.8660254037844384,0.43388373911755823,-0.900968867902419,0.0,0.0,0.0,8.755,2.18875,0.0,16.5,66.0,0
2026-08-20 23:00:00,3,0.0,0,23,3,20,8,0,-0.25881904510252157,0.9659258262890681,0.43388373911755823,-0.900968867902419,0.0,0.0,0.0,8.755,2.18875,0.0,15.05025253169417,68.48528137423857,0
2026-08-21 00:00:00,3,0.0,0,0,4,21,8,0,0.0,1.0,-0.433883739117558,-0.9009688679024191,0.0,0.0,0.0,8.755,2.18875,0.0,13.937822173508929,70.39230484541326,0
2026-08-21 01:00:00,3,0.0,0,1,4,21,8,0,0.25881904510252074,0.9659258262890683,-0.433883739117558,-0.9009688679024191,0.0,0.0,0.0,8.755,2.18875,0.0,13.238519215976522,71.59110991546882,0
2026-08-21 02:00:00,3,0.0,0,2,4,21,8,0,0.49999999999999994,0.8660254037844387,-0.433883739117558,-0.9009688679024191,0.0,0.0,0.0,0.0,2.18875,0.0,13.0,72.0,0
2026-08-21 03:00:00,3,0.0,0,3,4,21,8,0,0.7071067811865475,0.7071067811865476,-0.433883739117558,-0.9009688679024191,0.0,0.0,0.0,0.0,2.18875,0.0,13.238519215976522,71.59110991546882,0
2026-08-21 04:00:00,3,0.0,0,4,4,21,8,0,0.8660254037844386,0.5000000000000001,-0.433883739117558,-0.9009688679024191,0.0,0.0,0.0,0.0,2.18875,0.0,13.93782217350893,70.39230484541326,0
2026-08-21 05:00:00,3,0.0,0,5,4,21,8,0,0.9659258262890683,0.25881904510252074,-0.433883739117558,-0.9009688679024191,0.0,0.0,0.0,0.0,2.18875,0.0,15.050252531694168,68.48528137423857,0
2026-08-21 06:00:00,3,0.0,0,6,4,21,8,0,1.0,6.123233995736766e-17,-0.433883739117558,-0.9009688679024191,0.0,0.0,0.0,0.0,2.18875,0.0,16.5,66.0,0
2026-08-21 07:00:00,3,0.0,0,7,4,21,8,0,0.9659258262890683,-0.25881904510252063,-0.433883739117558,-0.9009688679024191,0.0,0.0,0.0,0.0,2.18875,0.0,18.188266684282354,63.10582854123025,0
2026-08-21 08:00:00,3,0.0,0,8,4,21,8,0,0.8660254037844387,-0.4999999999999998,-0.433883739117558,-0.9009688679024191,0.0,0.0,0.0,0.0,2.18875,0.0,20.0,60.0,0
2026-08-21 09:00:00,3,0.0,0,9,4,21,8,0,0.7071067811865476,-0.7071067811865475,-0.433883739117558,-0.9009688679024191,0.0,0.0,0.0,0.0,2.18875,0.0,21.811733315717646,56.89417145876975,0
2026-08-21 10:00:00,3,0.0,0,10,4,21,8,0,0.49999999999999994,-0.8660254037844387,-0.433883739117558,-0.9009688679024191,0.0,0.0,0.0,0.0,2.18875,0.0,23.5,54.0,0
2026-08-21 11:00:00,3,0.0,0,11,4,21,8,0,0.258819045102521,-0.9659258262890682,-0.433883739117558,-0.9009688679024191,0.0,0.0,0.0,0.0,2.18875,0.0,24.94974746830583,51.51471862576143,0
2026-08-21 12:00:00,3,0.0,0,12,4,21,8,0,1.2246467991473532e-16,-1.0,-0.433883739117558,-0.9009688679024191,0.0,0.0,0.0,0.0,2.18875,0.0,26.06217782649107,49.607695154586736,0
2026-08-21 13:00:00,3,0.0,0,13,4,21,8,0,-0.2588190451025208,-0.9659258262890683,-0.433883739117558,-0.9009688679024191,0.0,0.0,0.0,0.0,2.18875,0.0,26.761480784023476,48.40889008453118,0
2026-08-21 14:00:00,3,0.0,0,14,4,21,8,0,-0.4999999999999997,-0.8660254037844388,-0.433883739117558,-0.9009688679024191,0.0,0.0,0.0,0.0,2.18875,0.0,27.0,48.0,0
2026-08-21 15:00:00,3,0.0,0,15,4,21,8,0,-0.7071067811865471,-0.7071067811865479,-0.433883739117558,-0.9009688679024191,0.0,0.0,0.0,0.0,2.18875,0.0,26.761480784023476,48.40889008453118,0
2026-08-21 16:00:00,3,0.0,0,16,4,21,8,0,-0.8660254037844384,-0.5000000000000004,-0.433883739117558,-0.9009688679024191,0.0,0.0,0.0,0.0,2.18875,0.0,26.062177826491073,49.607695154586736,0
2026-08-21 17:00:00,3,0.0,0,17,4,21,8,0,-0.9659258262890683,-0.25881904510252063,-0.433883739117558,-0.9009688679024191,0.0,0.0,0.0,0.0,2.18875,0.0,24.949747468305834,51.51471862576143,0
2026-08-21 18:00:00,3,0.0,0,18,4,21,8,0,-1.0,-1.8369701987210297e-16,-0.433883739117558,-0.9009688679024191,0.0,0.0,0.0,0.0,2.18875,0.0,23.5,54.0,0
2026-08-21 19:00:00,3,0.0,0,19,4,21,8,0,-0.9659258262890684,0.2588190451025203,-0.433883739117558,-0.9009688679024191,0.0,52.53,0.0,0.0,2.18875,0.0,21.811733315717646,56.89417145876975,0
2026-08-21 20:00:00,3,0.0,0,20,4,21,8,0,-0.8660254037844386,0.5000000000000001,-0.433883739117558,-0.9009688679024191,0.0,0.0,0.0,0.0,0.0,0.0,20.0,60.0,0
2026-08-21 21:00:00,3,0.0,0,21,4,21,8,0,-0.7071067811865477,0.7071067811865474,-0.433883739117558,-0.9009688679024191,0.0,0.0,0.0,0.0,0.0,0.0,18.188266684282354,63.10582854123025,0
2026-08-21 22:00:00,3,0.0,0,22,4,21,8,0,-0.5000000000000004,0.8660254037844384,-0.433883739117558,-0.9009688679024191,0.0,0.0,0.0,0.0,0.0,0.0,16.5,66.0,0
2026-08-21 23:00:00,3,0.0,0,23,4,21,8,0,-0.25881904510252157,0.9659258262890681,-0.433883739117558,-0.9009688679024191,0.0,0.0,0.0,0.0,0.0,0.0,15.05025253169417,68.48528137423857,0
2026-08-22 00:00:00,3,0.0,0,0,5,22,8,1,0.0,1.0,-0.9749279121818236,-0.2225209339563146,0.0,0.0,0.0,0.0,0.0,0.0,13.937822173508929,70.39230484541326,0
2026-08-22 01:00:00,3,0.0,0,1,5,22,8,1,0.25881904510252074,0.9659258262890683,-0.9749279121818236,-0.2225209339563146,0.0,0.0,0.0,0.0,0.0,0.0,13.238519215976522,71.59110991546882,0
2026-08-22 02:00:00,3,0.0,0,2,5,22,8,1,0.49999999999999994,0.8660254037844387,-0.9749279121818236,-0.2225209339563146,0.0,0.0,0.0,0.0,0.0,0.0,13.0,72.0,0
2026-08-22 03:00:00,3,0.0,0,3,5,22,8,1,0.7071067811865475,0.7071067811865476,-0.9749279121818236,-0.2225209339563146,0.0,0.0,0.0,0.0,0.0,0.0,13.238519215976522,71.59110991546882,0
2026-08-22 04:00:00,3,0.0,0,4,5,22,8,1,0.8660254037844386,0.5000000000000001,-0.9749279121818236,-0.2225209339563146,0.0,0.0,0.0,0.0,0.0,0.0,13.93782217350893,70.39230484541326,0
2026-08-22 05:00:00,3,0.0,0,5,5,22,8,1,0.9659258262890683,0.25881904510252074,-0.9749279121818236,-0.2225209339563146,0.0,0.0,0.0,0.0,0.0,0.0,15.050252531694168,68.48528137423857,0
2026-08-22 06:00:00,3,0.0,0,6,5,22,8,1,1.0,6.123233995736766e-17,-0.9749279121818236,-0.2225209339563146,0.0,0.0,0.0,0.0,0.0,0.0,16.5,66.0,0
2026-08-22 07:00:00,3,0.0,0,7,5,22,8,1,0.9659258262890683,-0.25881904510252063,-0.9749279121818236,-0.2225209339563146,0.0,0.0,37.96,0.0,0.0,0.0,18.188266684282354,63.10582854123025,0
2026-08-22 08:00:00,3,0.0,0,8,5,22,8,1,0.8660254037844387,-0.4999999999999998,-0.9749279121818236,-0.2225209339563146,0.0,0.0,0.0,0.0,0.0,0.0,20.0,60.0,0
2026-08-22 09:00:00,3,0.0,0,9,5,22,8,1,0.7071067811865476,-0.7071067811865475,-0.9749279121818236,-0.2225209339563146,0.0,0.0,0.0,0.0,0.0,0.0,21.811733315717646,56.89417145876975,0
2026-08-22 10:00:00,3,0.0,0,10,5,22,8,1,0.49999999999999994,-0.8660254037844387,-0.9749279121818236,-0.2225209339563146,0.0,0.0,0.0,0.0,0.0,0.0,23.5,54.0,0
2026-08-22 11:00:00,3,0.0,0,11,5,22,8,1,0.258819045102521,-0.9659258262890682,-0.9749279121818236,-0.2225209339563146,0.0,0.0,0.0,0.0,0.0,0.0,24.94974746830583,51.51471862576143,0
2026-08-22 12:00:00,3,0.0,0,12,5,22,8,1,1.2246467991473532e-16,-1.0,-0.9749279121818236,-0.2225209339563146,0.0,0.0,0.0,0.0,0.0,0.0,26.06217782649107,49.607695154586736,0
2026-08-22 13:00:00,3,0.0,0,13,5,22,8,1,-0.2588190451025208,-0.9659258262890683,-0.9749279121818236,-0.2225209339563146,0.0,0.0,0.0,0.0,0.0,0.0,26.761480784023476,48.40889008453118,0
2026-08-22 14:00:00,3,0.0,0,14,5,22,8,1,-0.4999999999999997,-0.8660254037844388,-0.9749279121818236,-0.2225209339563146,0.0,0.0,0.0,0.0,0.0,0.0,27.0,48.0,0
2026-08-22 15:00:00,3,0.0,0,15,5,22,8,1,-0.7071067811865471,-0.7071067811865479,-0.9749279121818236,-0.2225209339563146,0.0,0.0,0.0,0.0,0.0,0.0,26.761480784023476,48.40889008453118,0
2026-08-22 16:00:00,3,0.0,0,16,5,22,8,1,-0.8660254037844384,-0.5000000000000004,-0.9749279121818236,-0.2225209339563146,0.0,0.0,0.0,0.0,0.0,0.0,26.062177826491073,49.607695154586736,0
2026-08-22 17:00:00,3,0.0,0,17,5,22,8,1,-0.9659258262890683,-0.25881904510252063,-0.9749279121818236,-0.2225209339563146,0.0,0.0,0.0,0.0,0.0,0.0,24.949747468305834,51.51471862576143,0
2026-08-22 18:00:00,3,0.0,0,18,5,22,8,1,-1.0,-1.8369701987210297e-16,-0.9749279121818236,-0.2225209339563146,0.0,0.0,0.0,0.0,0.0,0.0,23.5,54.0,0
2026-08-22 19:00:00,3,0.0,0,19,5,22,8,1,-0.9659258262890684,0.2588190451025203,-0.9749279121818236,-0.2225209339563146,0.0,0.0,0.0,0.0,0.0,0.0,21.811733315717646,56.89417145876975,0
2026-08-22 20:00:00,3,0.0,0,20,5,22,8,1,-0.8660254037844386,0.5000000000000001,-0.9749279121818236,-0.2225209339563146,0.0,0.0,0.0,0.0,0.0,0.0,20.0,60.0,0
2026-08-22 21:00:00,3,0.0,0,21,5,22,8,1,-0.7071067811865477,0.7071067811865474,-0.9749279121818236,-0.2225209339563146,0.0,0.0,0.0,0.0,0.0,0.0,18.188266684282354,63.10582854123025,0
2026-08-22 22:00:00,3,0.0,0,22,5,22,8,1,-0.5000000000000004,0.8660254037844384,-0.9749279121818236,-0.2225209339563146,0.0,0.0,0.0,0.0,0.0,0.0,16.5,66.0,0
2026-08-22 23:00:00,3,0.0,0,23,5,22,8,1,-0.25881904510252157,0.9659258262890681,-0.9749279121818236,-0.2225209339563146,0.0,0.0,0.0,0.0,0.0,0.0,15.05025253169417,68.48528137423857,0
2026-08-23 00:00:00,3,0.0,0,0,6,23,8,1,0.0,1.0,-0.7818314824680299,0.6234898018587334,0.0,0.0,0.0,0.0,0.0,0.0,13.937822173508929,70.39230484541326,0
2026-08-23 01:00:00,3,0.0,0,1,6,23,8,1,0.25881904510252074,0.9659258262890683,-0.7818314824680299,0.6234898018587334,0.0,0.0,0.0,0.0,0.0,0.0,13.238519215976522,71.59110991546882,0
2026-08-23 02:00:00,3,0.0,0,2,6,23,8,1,0.49999999999999994,0.8660254037844387,-0.7818314824680299,0.6234898018587334,0.0,0.0,0.0,0.0,0.0,0.0,13.0,72.0,0
2026-08-23 03:00:00,3,0.0,0,3,6,23,8,1,0.7071067811865475,0.7071067811865476,-0.7818314824680299,0.6234898018587334,0.0,0.0,0.0,0.0,0.0,0.0,13.238519215976522,71.59110991546882,0
2026-08-23 04:00:00,3,0.0,0,4,6,23,8,1,0.8660254037844386,0.5000000000000001,-0.7818314824680299,0.6234898018587334,0.0,0.0,0.0,0.0,0.0,0.0,13.93782217350893,70.39230484541326,0
2026-08-23 05:00:00,3,0.0,0,5,6,23,8,1,0.9659258262890683,0.25881904510252074,-0.7818314824680299,0.6234898018587334,0.0,0.0,0.0,0.0,0.0,0.0,15.050252531694168,68.48528137423857,0
2026-08-23 06:00:00,3,0.0,0,6,6,23,8,1,1.0,6.123233995736766e-17,-0.7818314824680299,0.6234898018587334,0.0,0.0,0.0,0.0,0.0,0.0,16.5,66.0,0
2026-08-23 07:00:00,3,0.0,0,7,6,23,8,1,0.9659258262890683,-0.25881904510252063,-0.7818314824680299,0.6234898018587334,0.0,0.0,0.0,0.0,0.0,0.0,18.188266684282354,63.10582854123025,0
2026-08-23 08:00:00,3,0.0,0,8,6,23,8,1,0.8660254037844387,-0.4999999999999998,-0.7818314824680299,0.6234898018587334,0.0,0.0,0.0,0.0,0.0,0.0,20.0,60.0,0
2026-08-23 09:00:00,3,0.0,0,9,6,23,8,1,0.7071067811865476,-0.7071067811865475,-0.7818314824680299,0.6234898018587334,0.0,0.0,0.0,0.0,0.0,0.0,21.811733315717646,56.89417145876975,0
2026-08-23 10:00:00,3,0.0,0,10,6,23,8,1,0.49999999999999994,-0.8660254037844387,-0.7818314824680299,0.6234898018587334,0.0,0.0,0.0,0.0,0.0,0.0,23.5,54.0,0
2026-08-23 11:00:00,3,0.0,0,11,6,23,8,1,0.258819045102521,-0.9659258262890682,-0.7818314824680299,0.6234898018587334,0.0,0.0,0.0,0.0,0.0,0.0,24.94974746830583,51.51471862576143,0
2026-08-23 12:00:00,3,0.0,0,12,6,23,8,1,1.2246467991473532e-16,-1.0,-0.7818314824680299,0.6234898018587334,0.0,0.0,0.0,0.0,0.0,0.0,26.06217782649107,49.607695154586736,0
2026-08-23 13:00:00,3,0.0,0,13,6,23,8,1,-0.2588190451025208,-0.9659258262890683,-0.7818314824680299,0.6234898018587334,0.0,0.0,0.0,0.0,0.0,0.0,26.761480784023476,48.40889008453118,0
2026-08-23 14:00:00,3,0.0,0,14,6,23,8,1,-0.4999999999999997,-0.8660254037844388,-0.7818314824680299,0.6234898018587334,0.0,0.0,0.0,0.0,0.0,0.0,27.0,48.0,0
2026-08-23 15:00:00,3,0.0,0,15,6,23,8,1,-0.7071067811865471,-0.7071067811865479,-0.7818314824680299,0.6234898018587334,0.0,0.0,0.0,0.0,0.0,0.0,26.761480784023476,48.40889008453118,0
2026-08-23 16:00:00,3,0.0,0,16,6,23,8,1,-0.8660254037844384,-0.5000000000000004,-0.7818314824680299,0.6234898018587334,0.0,0.0,0.0,0.0,0.0,0.0,26.062177826491073,49.607695154586736,0
2026-08-23 17:00:00,3,0.0,0,17,6,23,8,1,-0.9659258262890683,-0.25881904510252063,-0.7818314824680299,0.6234898018587334,0.0,0.0,0.0,0.0,0.0,0.0,24.949747468305834,51.51471862576143,0
2026-08-23 18:00:00,3,0.0,0,18,6,23,8,1,-1.0,-1.8369701987210297e-16,-0.7818314824680299,0.6234898018587334,0.0,0.0,0.0,0.0,0.0,0.0,23.5,54.0,0
2026-08-23 19:00:00,3,0.0,0,19,6,23,8,1,-0.9659258262890684,0.2588190451025203,-0.7818314824680299,0.6234898018587334,0.0,0.0,0.0,0.0,0.0,0.0,21.811733315717646,56.89417145876975,0
2026-08-23 20:00:00,3,0.0,0,20,6,23,8,1,-0.8660254037844386,0.5000000000000001,-0.7818314824680299,0.6234898018587334,0.0,0.0,0.0,0.0,0.0,0.0,20.0,60.0,0
2026-08-23 21:00:00,3,0.0,0,21,6,23,8,1,-0.7071067811865477,0.7071067811865474,-0.7818314824680299,0.6234898018587334,0.0,0.0,0.0,0.0,0.0,0.0,18.188266684282354,63.10582854123025,0
2026-08-23 22:00:00,3,0.0,0,22,6,23,8,1,-0.5000000000000004,0.8660254037844384,-0.7818314824680299,0.6234898018587334,0.0,0.0,0.0,0.0,0.0,0.0,16.5,66.0,0
2026-08-23 23:00:00,3,0.0,0,23,6,23,8,1,-0.25881904510252157,0.9659258262890681,-0.7818314824680299,0.6234898018587334,0.0,0.0,0.0,0.0,0.0,0.0,15.05025253169417,68.48528137423857,0
2026-08-24 00:00:00,3,0.0,0,0,0,24,8,0,0.0,1.0,0.0,1.0,0.0,0.0,0.0,0.0,0.0,0.0,13.937822173508929,70.39230484541326,1
2026-08-24 01:00:00,3,0.0,0,1,0,24,8,0,0.25881904510252074,0.9659258262890683,0.0,1.0,0.0,0.0,0.0,0.0,0.0,0.0,13.238519215976522,71.59110991546882,1
2026-08-24 02:00:00,3,0.0,0,2,0,24,8,0,0.49999999999999994,0.8660254037844387,0.0,1.0,0.0,0.0,0.0,0.0,0.0,0.0,13.0,72.0,1
2026-08-24 03:00:00,3,0.0,0,3,0,24,8,0,0.7071067811865475,0.7071067811865476,0.0,1.0,0.0,0.0,0.0,0.0,0.0,0.0,13.238519215976522,71.59110991546882,1
2026-08-24 04:00:00,3,0.0,0,4,0,24,8,0,0.8660254037844386,0.5000000000000001,0.0,1.0,0.0,0.0,0.0,0.0,0.0,0.0,13.93782217350893,70.39230484541326,1
2026-08-24 05:00:00,3,0.0,0,5,0,24,8,0,0.9659258262890683,0.25881904510252074,0.0,1.0,0.0,0.0,0.0,0.0,0.0,0.0,15.050252531694168,68.48528137423857,1
2026-08-24 06:00:00,3,0.0,0,6,0,24,8,0,1.0,6.123233995736766e-17,0.0,1.0,0.0,0.0,0.0,0.0,0.0,0.0,16.5,66.0,1
2026-08-24 07:00:00,3,0.0,0,7,0,24,8,0,0.9659258262890683,-0.25881904510252063,0.0,1.0,0.0,0.0,0.0,0.0,0.0,0.0,18.188266684282354,63.10582854123025,1
2026-08-24 08:00:00,3,0.0,0,8,0,24,8,0,0.8660254037844387,-0.4999999999999998,0.0,1.0,0.0,0.0,0.0,0.0,0.0,0.0,20.0,60.0,1
2026-08-24 09:00:00,3,0.0,0,9,0,24,8,0,0.7071067811865476,-0.7071067811865475,0.0,1.0,0.0,0.0,0.0,0.0,0.0,0.0,21.811733315717646,56.89417145876975,1
2026-08-24 10:00:00,3,0.0,0,10,0,24,8,0,0.49999999999999994,-0.8660254037844387,0.0,1.0,0.0,0.0,0.0,0.0,0.0,0.0,23.5,54.0,1
2026-08-24 11:00:00,3,0.0,0,11,0,24,8,0,0.258819045102521,-0.9659258262890682,0.0,1.0,0.0,0.0,0.0,0.0,0.0,0.0,24.94974746830583,51.51471862576143,1
2026-08-24 12:00:00,3,0.0,0,12,0,24,8,0,1.2246467991473532e-16,-1.0,0.0,1.0,0.0,0.0,0.0,0.0,0.0,0.0,26.06217782649107,49.607695154586736,1
2026-08-24 13:00:00,3,0.0,0,13,0,24,8,0,-0.2588190451025208,-0.9659258262890683,0.0,1.0,0.0,0.0,0.0,0.0,0.0,0.0,26.761480784023476,48.40889008453118,1
2026-08-24 14:00:00,3,0.0,0,14,0,24,8,0,-0.4999999999999997,-0.8660254037844388,0.0,1.0,0.0,0.0,0.0,0.0,0.0,0.0,27.0,48.0,1
2026-08-24 15:00:00,3,0.0,0,15,0,24,8,0,-0.7071067811865471,-0.7071067811865479,0.0,1.0,0.0,0.0,0.0,0.0,0.0,0.0,26.761480784023476,48.40889008453118,1
2026-08-24 16:00:00,3,0.0,0,16,0,24,8,0,-0.8660254037844384,-0.5000000000000004,0.0,1.0,0.0,0.0,0.0,0.0,0.0,0.0,26.062177826491073,49.607695154586736,1
2026-08-24 17:00:00,3,0.0,0,17,0,24,8,0,-0.9659258262890683,-0.25881904510252063,0.0,1.0,0.0,0.0,0.0,0.0,0.0,0.0,24.949747468305834,51.51471862576143,1
2026-08-24 18:00:00,3,0.0,0,18,0,24,8,0,-1.0,-1.8369701987210297e-16,0.0,1.0,0.0,0.0,0.0,0.0,0.0,0.0,23.5,54.0,1
2026-08-24 19:00:00,3,0.0,0,19,0,24,8,0,-0.9659258262890684,0.2588190451025203,0.0,1.0,0.0,0.0,0.0,0.0,0.0,0.0,21.811733315717646,56.89417145876975,1
2026-08-24 20:00:00,3,0.0,0,20,0,24,8,0,-0.8660254037844386,0.5000000000000001,0.0,1.0,0.0,0.0,0.0,0.0,0.0,0.0,20.0,60.0,1
2026-08-24 21:00:00,3,0.0,0,21,0,24,8,0,-0.7071067811865477,0.7071067811865474,0.0,1.0,0.0,0.0,0.0,0.0,0.0,0.0,18.188266684282354,63.10582854123025,1
2026-08-24 22:00:00,3,0.0,0,22,0,24,8,0,-0.5000000000000004,0.8660254037844384,0.0,1.0,0.0,0.0,0.0,0.0,0.0,0.0,16.5,66.0,1
2026-08-24 23:00:00,3,0.0,0,23,0,24,8,0,-0.25881904510252157,0.9659258262890681,0.0,1.0,0.0,0.0,0.0,0.0,0.0,0.0,15.05025253169417,68.48528137423857,1
2026-08-25 00:00:00,3,0.0,0,0,1,25,8,0,0.0,1.0,0.7818314824680298,0.6234898018587336,0.0,0.0,0.0,0.0,0.0,0.0,13.937822173508929,70.39230484541326,0
2026-08-25 01:00:00,3,0.0,0,1,1,25,8,0,0.25881904510252074,0.9659258262890683,0.7818314824680298,0.6234898018587336,0.0,0.0,0.0,0.0,0.0,0.0,13.238519215976522,71.59110991546882,0
2026-08-25 02:00:00,3,0.0,0,2,1,25,8,0,0.49999999999999994,0.8660254037844387,0.7818314824680298,0.6234898018587336,0.0,0.0,0.0,0.0,0.0,0.0,13.0,72.0,0
2026-08-25 03:00:00,3,0.0,0,3,1,25,8,0,0.7071067811865475,0.7071067811865476,0.7818314824680298,0.6234898018587336,0.0,0.0,0.0,0.0,0.0,0.0,13.238519215976522,71.59110991546882,0
2026-08-25 04:00:00,3,0.0,0,4,1,25,8,0,0.8660254037844386,0.5000000000000001,0.7818314824680298,0.6234898018587336,0.0,0.0,0.0,0.0,0.0,0.0,13.93782217350893,70.39230484541326,0
2026-08-25 05:00:00,3,0.0,0,5,1,25,8,0,0.9659258262890683,0.25881904510252074,0.7818314824680298,0.6234898018587336,0.0,0.0,0.0,0.0,0.0,0.0,15.050252531694168,68.48528137423857,0
2026-08-25 06:00:00,3,0.0,0,6,1,25,8,0,1.0,6.123233995736766e-17,0.7818314824680298,0.6234898018587336,0.0,0.0,0.0,0.0,0.0,0.0,16.5,66.0,0
2026-08-25 07:00:00,3,0.0,0,7,1,25,8,0,0.9659258262890683,-0.25881904510252063,0.7818314824680298,0.6234898018587336,0.0,0.0,0.0,0.0,0.0,0.0,18.188266684282354,63.10582854123025,0
2026-08-25 08:00:00,3,0.0,0,8,1,25,8,0,0.8660254037844387,-0.4999999999999998,0.7818314824680298,0.6234898018587336,0.0,0.0,0.0,0.0,0.0,0.0,20.0,60.0,0
2026-08-25 09:00:00,3,0.0,0,9,1,25,8,0,0.7071067811865476,-0.7071067811865475,0.7818314824680298,0.6234898018587336,0.0,0.0,0.0,0.0,0.0,0.0,21.811733315717646,56.89417145876975,0
2026-08-25 10:00:00,3,0.0,0,10,1,25,8,0,0.49999999999999994,-0.8660254037844387,0.7818314824680298,0.6234898018587336,0.0,0.0,0.0,0.0,0.0,0.0,23.5,54.0,0
2026-08-25 11:00:00,3,0.0,0,11,1,25,8,0,0.258819045102521,-0.9659258262890682,0.7818314824680298,0.6234898018587336,0.0,0.0,0.0,0.0,0.0,0.0,24.94974746830583,51.51471862576143,0
2026-08-25 12:00:00,3,0.0,0,12,1,25,8,0,1.2246467991473532e-16,-1.0,0.7818314824680298,0.6234898018587336,0.0,0.0,0.0,0.0,0.0,0.0,26.06217782649107,49.607695154586736,0
2026-08-25 13:00:00,3,0.0,0,13,1,25,8,0,-0.2588190451025208,-0.9659258262890683,0.7818314824680298,0.6234898018587336,0.0,0.0,0.0,0.0,0.0,0.0,26.761480784023476,48.40889008453118,0
2026-08-25 14:00:00,3,0.0,0,14,1,25,8,0,-0.4999999999999997,-0.8660254037844388,0.7818314824680298,0.6234898018587336,0.0,0.0,0.0,0.0,0.0,0.0,27.0,48.0,0
2026-08-25 15:00:00,3,0.0,0,15,1,25,8,0,-0.7071067811865471,-0.7071067811865479,0.7818314824680298,0.6234898018587336,0.0,0.0,0.0,0.0,0.0,0.0,26.761480784023476,48.40889008453118,0
2026-08-25 16:00:00,3,0.0,0,16,1,25,8,0,-0.8660254037844384,-0.5000000000000004,0.7818314824680298,0.6234898018587336,0.0,0.0,0.0,0.0,0.0,0.0,26.062177826491073,49.607695154586736,0
2026-08-25 17:00:00,3,0.0,0,17,1,25,8,0,-0.9659258262890683,-0.25881904510252063,0.7818314824680298,0.6234898018587336,0.0,0.0,0.0,0.0,0.0,0.0,24.949747468305834,51.51471862576143,0
2026-08-25 18:00:00,3,0.0,0,18,1,25,8,0,-1.0,-1.8369701987210297e-16,0.7818314824680298,0.6234898018587336,0.0,0.0,0.0,0.0,0.0,0.0,23.5,54.0,0
2026-08-25 19:00:00,3,0.0,0,19,1,25,8,0,-0.9659258262890684,0.2588190451025203,0.7818314824680298,0.6234898018587336,0.0,0.0,0.0,0.0,0.0,0.0,21.811733315717646,56.89417145876975,0
2026-08-25 20:00:00,3,0.0,0,20,1,25,8,0,-0.8660254037844386,0.5000000000000001,0.7818314824680298,0.6234898018587336,0.0,0.0,0.0,0.0,0.0,0.0,20.0,60.0,0
2026-08-25 21:00:00,3,0.0,0,21,1,25,8,0,-0.7071067811865477,0.7071067811865474,0.7818314824680298,0.6234898018587336,0.0,0.0,0.0,0.0,0.0,0.0,18.188266684282354,63.10582854123025,0
2026-08-25 22:00:00,3,0.0,0,22,1,25,8,0,-0.5000000000000004,0.8660254037844384,0.7818314824680298,0.6234898018587336,0.0,0.0,0.0,0.0,0.0,0.0,16.5,66.0,0
2026-08-25 23:00:00,3,0.0,0,23,1,25,8,0,-0.25881904510252157,0.9659258262890681,0.7818314824680298,0.6234898018587336,0.0,0.0,0.0,0.0,0.0,0.0,15.05025253169417,68.48528137423857,0
2026-08-26 00:00:00,3,0.0,0,0,2,26,8,0,0.0,1.0,0.9749279121818236,-0.22252093395631434,0.0,0.0,0.0,0.0,0.0,0.0,13.937822173508929,70.39230484541326,0
2026-08-26 01:00:00,3,0.0,0,1,2,26,8,0,0.25881904510252074,0.9659258262890683,0.9749279121818236,-0.22252093395631434,0.0,0.0,0.0,0.0,0.0,0.0,13.238519215976522,71.59110991546882,0
2026-08-26 02:00:00,3,0.0,0,2,2,26,8,0,0.49999999999999994,0.8660254037844387,0.9749279121818236,-0.22252093395631434,0.0,0.0,0.0,0.0,0.0,0.0,13.0,72.0,0
2026-08-26 03:00:00,3,0.0,0,3,2,26,8,0,0.7071067811865475,0.7071067811865476,0.9749279121818236,-0.22252093395631434,0.0,0.0,0.0,0.0,0.0,0.0,13.238519215976522,71.59110991546882,0
2026-08-26 04:00:00,3,0.0,0,4,2,26,8,0,0.8660254037844386,0.5000000000000001,0.9749279121818236,-0.22252093395631434,0.0,0.0,0.0,0.0,0.0,0.0,13.93782217350893,70.39230484541326,0
2026-08-26 05:00:00,3,0.0,0,5,2,26,8,0,0.9659258262890683,0.25881904510252074,0.9749279121818236,-0.22252093395631434,0.0,0.0,0.0,0.0,0.0,0.0,15.050252531694168,68.48528137423857,0
2026-08-26 06:00:00,3,0.0,0,6,2,26,8,0,1.0,6.123233995736766e-17,0.9749279121818236,-0.22252093395631434,0.0,0.0,0.0,0.0,0.0,0.0,16.5,66.0,0
2026-08-26 07:00:00,3,0.0,0,7,2,26,8,0,0.9659258262890683,-0.25881904510252063,0.9749279121818236,-0.22252093395631434,0.0,0.0,0.0,0.0,0.0,0.0,18.188266684282354,63.10582854123025,0
2026-08-26 08:00:00,3,0.0,0,8,2,26,8,0,0.8660254037844387,-0.4999999999999998,0.9749279121818236,-0.22252093395631434,0.0,0.0,0.0,0.0,0.0,0.0,20.0,60.0,0
2026-08-26 09:00:00,3,0.0,0,9,2,26,8,0,0.7071067811865476,-0.7071067811865475,0.9749279121818236,-0.22252093395631434,0.0,0.0,0.0,0.0,0.0,0.0,21.811733315717646,56.89417145876975,0
2026-08-26 10:00:00,3,0.0,0,10,2,26,8,0,0.49999999999999994,-0.8660254037844387,0.9749279121818236,-0.22252093395631434,0.0,0.0,0.0,0.0,0.0,0.0,23.5,54.0,0
2026-08-26 11:00:00,3,0.0,0,11,2,26,8,0,0.258819045102521,-0.9659258262890682,0.9749279121818236,-0.22252093395631434,0.0,0.0,0.0,0.0,0.0,0.0,24.94974746830583,51.51471862576143,0
2026-08-26 12:00:00,3,0.0,0,12,2,26,8,0,1.2246467991473532e-16,-1.0,0.9749279121818236,-0.22252093395631434,0.0,0.0,0.0,0.0,0.0,0.0,26.06217782649107,49.607695154586736,0
2026-08-26 13:00:00,3,26.76,1,13,2,26,8,0,-0.2588190451025208,-0.9659258262890683,0.9749279121818236,-0.22252093395631434,0.0,0.0,0.0,0.0,0.0,0.0,26.761480784023476,48.40889008453118,0
2026-08-26 14:00:00,3,0.0,0,14,2,26,8,0,-0.4999999999999997,-0.8660254037844388,0.9749279121818236,-0.22252093395631434,26.76,0.0,0.0,4.46,1.115,1.0,27.0,48.0,0
2026-08-26 15:00:00,3,0.0,0,15,2,26,8,0,-0.7071067811865471,-0.7071067811865479,0.9749279121818236,-0.22252093395631434,0.0,0.0,0.0,4.46,1.115,0.0,26.761480784023476,48.40889008453118,0
2026-08-26 16:00:00,3,0.0,0,16,2,26,8,0,-0.8660254037844384,-0.5000000000000004,0.9749279121818236,-0.22252093395631434,0.0,0.0,0.0,4.46,1.115,0.0,26.062177826491073,49.607695154586736,0
2026-08-26 17:00:00,3,0.0,0,17,2,26,8,0,-0.9659258262890683,-0.25881904510252063,0.9749279121818236,-0.22252093395631434,0.0,0.0,0.0,4.46,1.115,0.0,24.949747468305834,51.51471862576143,0
2026-08-26 18:00:00,3,0.0,0,18,2,26,8,0,-1.0,-1.8369701987210297e-16,0.9749279121818236,-0.22252093395631434,0.0,0.0,0.0,4.46,1.115,0.0,23.5,54.0,0
2026-08-26 19:00:00,3,0.0,0,19,2,26,8,0,-0.9659258262890684,0.2588190451025203,0.9749279121818236,-0.22252093395631434,0.0,0.0,35.95,4.46,1.115,0.0,21.811733315717646,56.89417145876975,0
2026-08-26 20:00:00,3,0.0,0,20,2,26,8,0,-0.8660254037844386,0.5000000000000001,0.9749279121818236,-0.22252093395631434,0.0,0.0,0.0,0.0,1.115,0.0,20.0,60.0,0
2026-08-26 21:00:00,3,0.0,0,21,2,26,8,0,-0.7071067811865477,0.7071067811865474,0.9749279121818236,-0.22252093395631434,0.0,0.0,0.0,0.0,1.115,0.0,18.188266684282354,63.10582854123025,0
2026-08-26 22:00:00,3,0.0,0,22,2,26,8,0,-0.5000000000000004,0.8660254037844384,0.9749279121818236,-0.22252093395631434,0.0,0.0,0.0,0.0,1.115,0.0,16.5,66.0,0
2026-08-26 23:00:00,3,0.0,0,23,2,26,8,0,-0.25881904510252157,0.9659258262890681,0.9749279121818236,-0.22252093395631434,0.0,0.0,0.0,0.0,1.115,0.0,15.05025253169417,68.48528137423857,0
2026-08-27 00:00:00,3,0.0,0,0,3,27,8,0,0.0,1.0,0.43388373911755823,-0.900968867902419,0.0,0.0,0.0,0.0,1.115,0.0,13.937822173508929,70.39230484541326,0
2026-08-27 01:00:00,3,0.0,0,1,3,27,8,0,0.25881904510252074,0.9659258262890683,0.43388373911755823,-0.900968867902419,0.0,0.0,0.0,0.0,1.115,0.0,13.238519215976522,71.59110991546882,0
2026-08-27 02:00:00,3,0.0,0,2,3,27,8,0,0.49999999999999994,0.8660254037844387,0.43388373911755823,-0.900968867902419,0.0,0.0,0.0,0.0,1.115,0.0,13.0,72.0,0
2026-08-27 03:00:00,3,0.0,0,3,3,27,8,0,0.7071067811865475,0.7071067811865476,0.43388373911755823,-0.900968867902419,0.0,0.0,0.0,0.0,1.115,0.0,13.238519215976522,71.59110991546882,0
2026-08-27 04:00:00,3,0.0,0,4,3,27,8,0,0.8660254037844386,0.5000000000000001,0.43388373911755823,-0.900968867902419,0.0,0.0,0.0,0.0,1.115,0.0,13.93782217350893,70.39230484541326,0
2026-08-27 05:00:00,3,0.0,0,5,3,27,8,0,0.9659258262890683,0.25881904510252074,0.43388373911755823,-0.900968867902419,0.0,0.0,0.0,0.0,1.115,0.0,15.050252531694168,68.48528137423857,0
2026-08-27 06:00:00,3,0.0,0,6,3,27,8,0,1.0,6.123233995736766e-17,0.43388373911755823,-0.900968867902419,0.0,0.0,0.0,0.0,1.115,0.0,16.5,66.0,0
2026-08-27 07:00:00,3,58.51,1,7,3,27,8,0,0.9659258262890683,-0.25881904510252063,0.43388373911755823,-0.900968867902419,0.0,0.0,0.0,0.0,1.115,0.0,18.188266684282354,63.10582854123025,0
2026-08-27 08:00:00,3,0.0,0,8,3,27,8,0,0.8660254037844387,-0.4999999999999998,0.43388373911755823,-0.900968867902419,58.51,0.0,0.0,9.751666666666667,3.5529166666666665,1.0,20.0,60.0,0
2026-08-27 09:00:00,3,0.0,0,9,3,27,8,0,0.7071067811865476,-0.7071067811865475,0.43388373911755823,-0.900968867902419,0.0,0.0,0.0,9.751666666666667,3.552916666666667,0.0,21.811733315717646,56.89417145876975,0
2026-08-27 10:00:00,3,0.0,0,10,3,27,8,0,0.49999999999999994,-0.8660254037844387,0.43388373911755823,-0.900968867902419,0.0,0.0,0.0,9.751666666666667,3.552916666666667,0.0,23.5,54.0,0
2026-08-27 11:00:00,3,0.0,0,11,3,27,8,0,0.258819045102521,-0.9659258262890682,0.43388373911755823,-0.900968867902419,0.0,0.0,0.0,9.751666666666667,3.552916666666667,0.0,24.94974746830583,51.51471862576143,0
2026-08-27 12:00:00,3,0.0,0,12,3,27,8,0,1.2246467991473532e-16,-1.0,0.43388373911755823,-0.900968867902419,0.0,0.0,0.0,9.751666666666667,3.552916666666667,0.0,26.06217782649107,49.607695154586736,0
2026-08-27 13:00:00,3,0.0,0,13,3,27,8,0,-0.2588190451025208,-0.9659258262890683,0.43388373911755823,-0.900968867902419,0.0,26.76,0.0,9.751666666666667,3.552916666666667,0.0,26.761480784023476,48.40889008453118,0
2026-08-27 14:00:00,3,0.0,0,14,3,27,8,0,-0.4999999999999997,-0.8660254037844388,0.43388373911755823,-0.900968867902419,0.0,0.0,0.0,0.0,2.4379166666666667,0.0,27.0,48.0,0
2026-08-27 15:00:00,3,0.0,0,15,3,27,8,0,-0.7071067811865471,-0.7071067811865479,0.43388373911755823,-0.900968867902419,0.0,0.0,0.0,0.0,2.4379166666666667,0.0,26.761480784023476,48.40889008453118,0
2026-08-27 16:00:00,3,0.0,0,16,3,27,8,0,-0.8660254037844384,-0.5000000000000004,0.43388373911755823,-0.900968867902419,0.0,0.0,0.0,0.0,2.4379166666666667,0.0,26.062177826491073,49.607695154586736,0
2026-08-27 17:00:00,3,0.0,0,17,3,27,8,0,-0.9659258262890683,-0.25881904510252063,0.43388373911755823,-0.900968867902419,0.0,0.0,0.0,0.0,2.4379166666666667,0.0,24.949747468305834,51.51471862576143,0
2026-08-27 18:00:00,3,0.0,0,18,3,27,8,0,-1.0,-1.8369701987210297e-16,0.43388373911755823,-0.900968867902419,0.0,0.0,0.0,0.0,2.4379166666666667,0.0,23.5,54.0,0
2026-08-27 19:00:00,3,0.0,0,19,3,27,8,0,-0.9659258262890684,0.2588190451025203,0.43388373911755823,-0.900968867902419,0.0,0.0,52.53,0.0,2.4379166666666667,0.0,21.811733315717646,56.89417145876975,0
2026-08-27 20:00:00,3,0.0,0,20,3,27,8,0,-0.8660254037844386,0.5000000000000001,0.43388373911755823,-0.900968867902419,0.0,0.0,0.0,0.0,2.4379166666666667,0.0,20.0,60.0,0
2026-08-27 21:00:00,3,0.0,0,21,3,27,8,0,-0.7071067811865477,0.7071067811865474,0.43388373911755823,-0.900968867902419,0.0,0.0,0.0,0.0,2.4379166666666667,0.0,18.188266684282354,63.10582854123025,0
2026-08-27 22:00:00,3,0.0,0,22,3,27,8,0,-0.5000000000000004,0.8660254037844384,0.43388373911755823,-0.900968867902419,0.0,0.0,0.0,0.0,2.4379166666666667,0.0,16.5,66.0,0
2026-08-27 23:00:00,3,0.0,0,23,3,27,8,0,-0.25881904510252157,0.9659258262890681,0.43388373911755823,-0.900968867902419,0.0,0.0,0.0,0.0,2.4379166666666667,0.0,15.05025253169417,68.48528137423857,0
2026-08-28 00:00:00,3,0.0,0,0,4,28,8,0,0.0,1.0,-0.433883739117558,-0.9009688679024191,0.0,0.0,0.0,0.0,2.4379166666666667,0.0,13.937822173508929,70.39230484541326,0
2026-08-28 01:00:00,3,0.0,0,1,4,28,8,0,0.25881904510252074,0.9659258262890683,-0.433883739117558,-0.9009688679024191,0.0,0.0,0.0,0.0,2.4379166666666667,0.0,13.238519215976522,71.59110991546882,0
2026-08-28 02:00:00,3,0.0,0,2,4,28,8,0,0.49999999999999994,0.8660254037844387,-0.433883739117558,-0.9009688679024191,0.0,0.0,0.0,0.0,2.4379166666666667,0.0,13.0,72.0,0
2026-08-28 03:00:00,3,0.0,0,3,4,28,8,0,0.7071067811865475,0.7071067811865476,-0.433883739117558,-0.9009688679024191,0.0,0.0,0.0,0.0,2.4379166666666667,0.0,13.238519215976522,71.59110991546882,0
2026-08-28 04:00:00,3,0.0,0,4,4,28,8,0,0.8660254037844386,0.5000000000000001,-0.433883739117558,-0.9009688679024191,0.0,0.0,0.0,0.0,2.4379166666666667,0.0,13.93782217350893,70.39230484541326,0
2026-08-28 05:00:00,3,0.0,0,5,4,28,8,0,0.9659258262890683,0.25881904510252074,-0.433883739117558,-0.9009688679024191,0.0,0.0,0.0,0.0,2.4379166666666667,0.0,15.050252531694168,68.48528137423857,0
2026-08-28 06:00:00,3,0.0,0,6,4,28,8,0,1.0,6.123233995736766e-17,-0.433883739117558,-0.9009688679024191,0.0,0.0,0.0,0.0,2.4379166666666667,0.0,16.5,66.0,0
2026-08-28 07:00:00,3,0.0,0,7,4,28,8,0,0.9659258262890683,-0.25881904510252063,-0.433883739117558,-0.9009688679024191,0.0,58.51,0.0,0.0,2.4379166666666667,0.0,18.188266684282354,63.10582854123025,0
2026-08-28 08:00:00,3,0.0,0,8,4,28,8,0,0.8660254037844387,-0.4999999999999998,-0.433883739117558,-0.9009688679024191,0.0,0.0,0.0,0.0,0.0,0.0,20.0,60.0,0
2026-08-28 09:00:00,3,0.0,0,9,4,28,8,0,0.7071067811865476,-0.7071067811865475,-0.433883739117558,-0.9009688679024191,0.0,0.0,0.0,0.0,0.0,0.0,21.811733315717646,56.89417145876975,0
2026-08-28 10:00:00,3,0.0,0,10,4,28,8,0,0.49999999999999994,-0.8660254037844387,-0.433883739117558,-0.9009688679024191,0.0,0.0,0.0,0.0,0.0,0.0,23.5,54.0,0
2026-08-28 11:00:00,3,0.0,0,11,4,28,8,0,0.258819045102521,-0.9659258262890682,-0.433883739117558,-0.9009688679024191,0.0,0.0,0.0,0.0,0.0,0.0,24.94974746830583,51.51471862576143,0
2026-08-28 12:00:00,3,0.0,0,12,4,28,8,0,1.2246467991473532e-16,-1.0,-0.433883739117558,-0.9009688679024191,0.0,0.0,0.0,0.0,0.0,0.0,26.06217782649107,49.607695154586736,0
2026-08-28 13:00:00,3,0.0,0,13,4,28,8,0,-0.2588190451025208,-0.9659258262890683,-0.433883739117558,-0.9009688679024191,0.0,0.0,0.0,0.0,0.0,0.0,26.761480784023476,48.40889008453118,0
2026-08-28 14:00:00,3,0.0,0,14,4,28,8,0,-0.4999999999999997,-0.8660254037844388,-0.433883739117558,-0.9009688679024191,0.0,0.0,0.0,0.0,0.0,0.0,27.0,48.0,0
2026-08-28 15:00:00,3,0.0,0,15,4,28,8,0,-0.7071067811865471,-0.7071067811865479,-0.433883739117558,-0.9009688679024191,0.0,0.0,0.0,0.0,0.0,0.0,26.761480784023476,48.40889008453118,0
2026-08-28 16:00:00,3,0.0,0,16,4,28,8,0,-0.8660254037844384,-0.5000000000000004,-0.433883739117558,-0.9009688679024191,0.0,0.0,0.0,0.0,0.0,0.0,26.062177826491073,49.607695154586736,0
2026-08-28 17:00:00,3,0.0,0,17,4,28,8,0,-0.9659258262890683,-0.25881904510252063,-0.433883739117558,-0.9009688679024191,0.0,0.0,0.0,0.0,0.0,0.0,24.949747468305834,51.51471862576143,0
2026-08-28 18:00:00,3,0.0,0,18,4,28,8,0,-1.0,-1.8369701987210297e-16,-0.433883739117558,-0.9009688679024191,0.0,0.0,0.0,0.0,0.0,0.0,23.5,54.0,0
2026-08-28 19:00:00,3,0.0,0,19,4,28,8,0,-0.9659258262890684,0.2588190451025203,-0.433883739117558,-0.9009688679024191,0.0,0.0,0.0,0.0,0.0,0.0,21.811733315717646,56.89417145876975,0
2026-08-28 20:00:00,3,0.0,0,20,4,28,8,0,-0.8660254037844386,0.5000000000000001,-0.433883739117558,-0.9009688679024191,0.0,0.0,0.0,0.0,0.0,0.0,20.0,60.0,0
2026-08-28 21:00:00,3,0.0,0,21,4,28,8,0,-0.7071067811865477,0.7071067811865474,-0.433883739117558,-0.9009688679024191,0.0,0.0,0.0,0.0,0.0,0.0,18.188266684282354,63.10582854123025,0
2026-08-28 22:00:00,3,0.0,0,22,4,28,8,0,-0.5000000000000004,0.8660254037844384,-0.433883739117558,-0.9009688679024191,0.0,0.0,0.0,0.0,0.0,0.0,16.5,66.0,0
2026-08-28 23:00:00,3,0.0,0,23,4,28,8,0,-0.25881904510252157,0.9659258262890681,-0.433883739117558,-0.9009688679024191,0.0,0.0,0.0,0.0,0.0,0.0,15.05025253169417,68.48528137423857,0
2026-08-29 00:00:00,3,0.0,0,0,5,29,8,1,0.0,1.0,-0.9749279121818236,-0.2225209339563146,0.0,0.0,0.0,0.0,0.0,0.0,13.937822173508929,70.39230484541326,0
2026-08-29 01:00:00,3,0.0,0,1,5,29,8,1,0.25881904510252074,0.9659258262890683,-0.9749279121818236,-0.2225209339563146,0.0,0.0,0.0,0.0,0.0,0.0,13.238519215976522,71.59110991546882,0
2026-08-29 02:00:00,3,0.0,0,2,5,29,8,1,0.49999999999999994,0.8660254037844387,-0.9749279121818236,-0.2225209339563146,0.0,0.0,0.0,0.0,0.0,0.0,13.0,72.0,0
2026-08-29 03:00:00,3,0.0,0,3,5,29,8,1,0.7071067811865475,0.7071067811865476,-0.9749279121818236,-0.2225209339563146,0.0,0.0,0.0,0.0,0.0,0.0,13.238519215976522,71.59110991546882,0
2026-08-29 04:00:00,3,0.0,0,4,5,29,8,1,0.8660254037844386,0.5000000000000001,-0.9749279121818236,-0.2225209339563146,0.0,0.0,0.0,0.0,0.0,0.0,13.93782217350893,70.39230484541326,0
2026-08-29 05:00:00,3,0.0,0,5,5,29,8,1,0.9659258262890683,0.25881904510252074,-0.9749279121818236,-0.2225209339563146,0.0,0.0,0.0,0.0,0.0,0.0,15.050252531694168,68.48528137423857,0
2026-08-29 06:00:00,3,0.0,0,6,5,29,8,1,1.0,6.123233995736766e-17,-0.9749279121818236,-0.2225209339563146,0.0,0.0,0.0,0.0,0.0,0.0,16.5,66.0,0
2026-08-29 07:00:00,3,0.0,0,7,5,29,8,1,0.9659258262890683,-0.25881904510252063,-0.9749279121818236,-0.2225209339563146,0.0,0.0,0.0,0.0,0.0,0.0,18.188266684282354,63.10582854123025,0
2026-08-29 08:00:00,3,0.0,0,8,5,29,8,1,0.8660254037844387,-0.4999999999999998,-0.9749279121818236,-0.2225209339563146,0.0,0.0,0.0,0.0,0.0,0.0,20.0,60.0,0
2026-08-29 09:00:00,3,0.0,0,9,5,29,8,1,0.7071067811865476,-0.7071067811865475,-0.9749279121818236,-0.2225209339563146,0.0,0.0,0.0,0.0,0.0,0.0,21.811733315717646,56.89417145876975,0
2026-08-29 10:00:00,3,0.0,0,10,5,29,8,1,0.49999999999999994,-0.8660254037844387,-0.9749279121818236,-0.2225209339563146,0.0,0.0,0.0,0.0,0.0,0.0,23.5,54.0,0
2026-08-29 11:00:00,3,0.0,0,11,5,29,8,1,0.258819045102521,-0.9659258262890682,-0.9749279121818236,-0.2225209339563146,0.0,0.0,0.0,0.0,0.0,0.0,24.94974746830583,51.51471862576143,0
2026-08-29 12:00:00,3,0.0,0,12,5,29,8,1,1.2246467991473532e-16,-1.0,-0.9749279121818236,-0.2225209339563146,0.0,0.0,0.0,0.0,0.0,0.0,26.06217782649107,49.607695154586736,0
2026-08-29 13:00:00,3,37.32,1,13,5,29,8,1,-0.2588190451025208,-0.9659258262890683,-0.9749279121818236,-0.2225209339563146,0.0,0.0,0.0,0.0,0.0,0.0,26.761480784023476,48.40889008453118,0
2026-08-29 14:00:00,3,0.0,0,14,5,29,8,1,-0.4999999999999997,-0.8660254037844388,-0.9749279121818236,-0.2225209339563146,37.32,0.0,0.0,6.22,1.555,1.0,27.0,48.0,0
2026-08-29 15:00:00,3,0.0,0,15,5,29,8,1,-0.7071067811865471,-0.7071067811865479,-0.9749279121818236,-0.2225209339563146,0.0,0.0,0.0,6.22,1.555,0.0,26.761480784023476,48.40889008453118,0
2026-08-29 16:00:00,3,0.0,0,16,5,29,8,1,-0.8660254037844384,-0.5000000000000004,-0.9749279121818236,-0.2225209339563146,0.0,0.0,0.0,6.22,1.555,0.0,26.062177826491073,49.607695154586736,0
2026-08-29 17:00:00,3,0.0,0,17,5,29,8,1,-0.9659258262890683,-0.25881904510252063,-0.9749279121818236,-0.2225209339563146,0.0,0.0,0.0,6.22,1.555,0.0,24.949747468305834,51.51471862576143,0
2026-08-29 18:00:00,3,0.0,0,18,5,29,8,1,-1.0,-1.8369701987210297e-16,-0.9749279121818236,-0.2225209339563146,0.0,0.0,0.0,6.22,1.555,0.0,23.5,54.0,0
2026-08-29 19:00:00,3,0.0,0,19,5,29,8,1,-0.9659258262890684,0.2588190451025203,-0.9749279121818236,-0.2225209339563146,0.0,0.0,0.0,6.22,1.555,0.0,21.811733315717646,56.89417145876975,0
2026-08-29 20:00:00,3,0.0,0,20,5,29,8,1,-0.8660254037844386,0.5000000000000001,-0.9749279121818236,-0.2225209339563146,0.0,0.0,0.0,0.0,1.555,0.0,20.0,60.0,0
2026-08-29 21:00:00,3,0.0,0,21,5,29,8,1,-0.7071067811865477,0.7071067811865474,-0.9749279121818236,-0.2225209339563146,0.0,0.0,0.0,0.0,1.555,0.0,18.188266684282354,63.10582854123025,0
2026-08-29 22:00:00,3,0.0,0,22,5,29,8,1,-0.5000000000000004,0.8660254037844384,-0.9749279121818236,-0.2225209339563146,0.0,0.0,0.0,0.0,1.555,0.0,16.5,66.0,0
2026-08-29 23:00:00,3,0.0,0,23,5,29,8,1,-0.25881904510252157,0.9659258262890681,-0.9749279121818236,-0.2225209339563146,0.0,0.0,0.0,0.0,1.555,0.0,15.05025253169417,68.48528137423857,0
2026-08-30 00:00:00,3,0.0,0,0,6,30,8,1,0.0,1.0,-0.7818314824680299,0.6234898018587334,0.0,0.0,0.0,0.0,1.555,0.0,13.937822173508929,70.39230484541326,0
2026-08-30 01:00:00,3,0.0,0,1,6,30,8,1,0.25881904510252074,0.9659258262890683,-0.7818314824680299,0.6234898018587334,0.0,0.0,0.0,0.0,1.555,0.0,13.238519215976522,71.59110991546882,0
2026-08-30 02:00:00,3,0.0,0,2,6,30,8,1,0.49999999999999994,0.8660254037844387,-0.7818314824680299,0.6234898018587334,0.0,0.0,0.0,0.0,1.555,0.0,13.0,72.0,0
2026-08-30 03:00:00,3,0.0,0,3,6,30,8,1,0.7071067811865475,0.7071067811865476,-0.7818314824680299,0.6234898018587334,0.0,0.0,0.0,0.0,1.555,0.0,13.238519215976522,71.59110991546882,0
2026-08-30 04:00:00,3,0.0,0,4,6,30,8,1,0.8660254037844386,0.5000000000000001,-0.7818314824680299,0.6234898018587334,0.0,0.0,0.0,0.0,1.555,0.0,13.93782217350893,70.39230484541326,0
2026-08-30 05:00:00,3,0.0,0,5,6,30,8,1,0.9659258262890683,0.25881904510252074,-0.7818314824680299,0.6234898018587334,0.0,0.0,0.0,0.0,1.555,0.0,15.050252531694168,68.48528137423857,0
2026-08-30 06:00:00,3,0.0,0,6,6,30,8,1,1.0,6.123233995736766e-17,-0.7818314824680299,0.6234898018587334,0.0,0.0,0.0,0.0,1.555,0.0,16.5,66.0,0
2026-08-30 07:00:00,3,0.0,0,7,6,30,8,1,0.9659258262890683,-0.25881904510252063,-0.7818314824680299,0.6234898018587334,0.0,0.0,0.0,0.0,1.555,0.0,18.188266684282354,63.10582854123025,0
2026-08-30 08:00:00,3,0.0,0,8,6,30,8,1,0.8660254037844387,-0.4999999999999998,-0.7818314824680299,0.6234898018587334,0.0,0.0,0.0,0.0,1.555,0.0,20.0,60.0,0
2026-08-30 09:00:00,3,0.0,0,9,6,30,8,1,0.7071067811865476,-0.7071067811865475,-0.7818314824680299,0.6234898018587334,0.0,0.0,0.0,0.0,1.555,0.0,21.811733315717646,56.89417145876975,0
2026-08-30 10:00:00,3,0.0,0,10,6,30,8,1,0.49999999999999994,-0.8660254037844387,-0.7818314824680299,0.6234898018587334,0.0,0.0,0.0,0.0,1.555,0.0,23.5,54.0,0
2026-08-30 11:00:00,3,0.0,0,11,6,30,8,1,0.258819045102521,-0.9659258262890682,-0.7818314824680299,0.6234898018587334,0.0,0.0,0.0,0.0,1.555,0.0,24.94974746830583,51.51471862576143,0
2026-08-30 12:00:00,3,0.0,0,12,6,30,8,1,1.2246467991473532e-16,-1.0,-0.7818314824680299,0.6234898018587334,0.0,0.0,0.0,0.0,1.555,0.0,26.06217782649107,49.607695154586736,0
2026-08-30 13:00:00,3,0.0,0,13,6,30,8,1,-0.2588190451025208,-0.9659258262890683,-0.7818314824680299,0.6234898018587334,0.0,37.32,0.0,0.0,1.555,0.0,26.761480784023476,48.40889008453118,0
2026-08-30 14:00:00,3,0.0,0,14,6,30,8,1,-0.4999999999999997,-0.8660254037844388,-0.7818314824680299,0.6234898018587334,0.0,0.0,0.0,0.0,0.0,0.0,27.0,48.0,0
2026-08-30 15:00:00,3,0.0,0,15,6,30,8,1,-0.7071067811865471,-0.7071067811865479,-0.7818314824680299,0.6234898018587334,0.0,0.0,0.0,0.0,0.0,0.0,26.761480784023476,48.40889008453118,0
2026-08-30 16:00:00,3,0.0,0,16,6,30,8,1,-0.8660254037844384,-0.5000000000000004,-0.7818314824680299,0.6234898018587334,0.0,0.0,0.0,0.0,0.0,0.0,26.062177826491073,49.607695154586736,0
2026-08-30 17:00:00,3,0.0,0,17,6,30,8,1,-0.9659258262890683,-0.25881904510252063,-0.7818314824680299,0.6234898018587334,0.0,0.0,0.0,0.0,0.0,0.0,24.949747468305834,51.51471862576143,0
2026-08-30 18:00:00,3,0.0,0,18,6,30,8,1,-1.0,-1.8369701987210297e-16,-0.7818314824680299,0.6234898018587334,0.0,0.0,0.0,0.0,0.0,0.0,23.5,54.0,0
2026-08-30 19:00:00,3,0.0,0,19,6,30,8,1,-0.9659258262890684,0.2588190451025203,-0.7818314824680299,0.6234898018587334,0.0,0.0,0.0,0.0,0.0,0.0,21.811733315717646,56.89417145876975,0
2026-08-30 20:00:00,3,0.0,0,20,6,30,8,1,-0.8660254037844386,0.5000000000000001,-0.7818314824680299,0.6234898018587334,0.0,0.0,0.0,0.0,0.0,0.0,20.0,60.0,0
2026-08-30 21:00:00,3,0.0,0,21,6,30,8,1,-0.7071067811865477,0.7071067811865474,-0.7818314824680299,0.6234898018587334,0.0,0.0,0.0,0.0,0.0,0.0,18.188266684282354,63.10582854123025,0
2026-08-30 22:00:00,3,0.0,0,22,6,30,8,1,-0.5000000000000004,0.8660254037844384,-0.7818314824680299,0.6234898018587334,0.0,0.0,0.0,0.0,0.0,0.0,16.5,66.0,0
2026-08-30 23:00:00,3,0.0,0,23,6,30,8,1,-0.25881904510252157,0.9659258262890681,-0.7818314824680299,0.6234898018587334,0.0,0.0,0.0,0.0,0.0,0.0,15.05025253169417,68.48528137423857,0
2026-08-31 00:00:00,3,0.0,0,0,0,31,8,0,0.0,1.0,0.0,1.0,0.0,0.0,0.0,0.0,0.0,0.0,13.937822173508929,70.39230484541326,0
2026-08-31 01:00:00,3,0.0,0,1,0,31,8,0,0.25881904510252074,0.9659258262890683,0.0,1.0,0.0,0.0,0.0,0.0,0.0,0.0,13.238519215976522,71.59110991546882,0
2026-08-31 02:00:00,3,0.0,0,2,0,31,8,0,0.49999999999999994,0.8660254037844387,0.0,1.0,0.0,0.0,0.0,0.0,0.0,0.0,13.0,72.0,0
2026-08-31 03:00:00,3,0.0,0,3,0,31,8,0,0.7071067811865475,0.7071067811865476,0.0,1.0,0.0,0.0,0.0,0.0,0.0,0.0,13.238519215976522,71.59110991546882,0
2026-08-31 04:00:00,3,0.0,0,4,0,31,8,0,0.8660254037844386,0.5000000000000001,0.0,1.0,0.0,0.0,0.0,0.0,0.0,0.0,13.93782217350893,70.39230484541326,0
2026-08-31 05:00:00,3,0.0,0,5,0,31,8,0,0.9659258262890683,0.25881904510252074,0.0,1.0,0.0,0.0,0.0,0.0,0.0,0.0,15.050252531694168,68.48528137423857,0
2026-08-31 06:00:00,3,0.0,0,6,0,31,8,0,1.0,6.123233995736766e-17,0.0,1.0,0.0,0.0,0.0,0.0,0.0,0.0,16.5,66.0,0
2026-08-31 07:00:00,3,0.0,0,7,0,31,8,0,0.9659258262890683,-0.25881904510252063,0.0,1.0,0.0,0.0,0.0,0.0,0.0,0.0,18.188266684282354,63.10582854123025,0
2026-08-31 08:00:00,3,0.0,0,8,0,31,8,0,0.8660254037844387,-0.4999999999999998,0.0,1.0,0.0,0.0,0.0,0.0,0.0,0.0,20.0,60.0,0
2026-08-31 09:00:00,3,0.0,0,9,0,31,8,0,0.7071067811865476,-0.7071067811865475,0.0,1.0,0.0,0.0,0.0,0.0,0.0,0.0,21.811733315717646,56.89417145876975,0
2026-08-31 10:00:00,3,0.0,0,10,0,31,8,0,0.49999999999999994,-0.8660254037844387,0.0,1.0,0.0,0.0,0.0,0.0,0.0,0.0,23.5,54.0,0
2026-08-31 11:00:00,3,0.0,0,11,0,31,8,0,0.258819045102521,-0.9659258262890682,0.0,1.0,0.0,0.0,0.0,0.0,0.0,0.0,24.94974746830583,51.51471862576143,0
2026-08-31 12:00:00,3,0.0,0,12,0,31,8,0,1.2246467991473532e-16,-1.0,0.0,1.0,0.0,0.0,0.0,0.0,0.0,0.0,26.06217782649107,49.607695154586736,0
2026-08-31 13:00:00,3,0.0,0,13,0,31,8,0,-0.2588190451025208,-0.9659258262890683,0.0,1.0,0.0,0.0,0.0,0.0,0.0,0.0,26.761480784023476,48.40889008453118,0
2026-08-31 14:00:00,3,0.0,0,14,0,31,8,0,-0.4999999999999997,-0.8660254037844388,0.0,1.0,0.0,0.0,0.0,0.0,0.0,0.0,27.0,48.0,0
2026-08-31 15:00:00,3,26.72,1,15,0,31,8,0,-0.7071067811865471,-0.7071067811865479,0.0,1.0,0.0,0.0,0.0,0.0,0.0,0.0,26.761480784023476,48.40889008453118,0
2026-08-31 16:00:00,3,0.0,0,16,0,31,8,0,-0.8660254037844384,-0.5000000000000004,0.0,1.0,26.72,0.0,0.0,4.453333333333333,1.1133333333333333,1.0,26.062177826491073,49.607695154586736,0
2026-08-31 17:00:00,3,0.0,0,17,0,31,8,0,-0.9659258262890683,-0.25881904510252063,0.0,1.0,0.0,0.0,0.0,4.453333333333333,1.1133333333333333,0.0,24.949747468305834,51.51471862576143,0
2026-08-31 18:00:00,3,0.0,0,18,0,31,8,0,-1.0,-1.8369701987210297e-16,0.0,1.0,0.0,0.0,0.0,4.453333333333333,1.1133333333333333,0.0,23.5,54.0,0
2026-08-31 19:00:00,3,0.0,0,19,0,31,8,0,-0.9659258262890684,0.2588190451025203,0.0,1.0,0.0,0.0,0.0,4.453333333333333,1.1133333333333333,0.0,21.811733315717646,56.89417145876975,0
2026-08-31 20:00:00,3,0.0,0,20,0,31,8,0,-0.8660254037844386,0.5000000000000001,0.0,1.0,0.0,0.0,0.0,4.453333333333333,1.1133333333333333,0.0,20.0,60.0,0
2026-08-31 21:00:00,3,0.0,0,21,0,31,8,0,-0.7071067811865477,0.7071067811865474,0.0,1.0,0.0,0.0,0.0,4.453333333333333,1.1133333333333333,0.0,18.188266684282354,63.10582854123025,0
2026-08-31 22:00:00,3,0.0,0,22,0,31,8,0,-0.5000000000000004,0.8660254037844384,0.0,1.0,0.0,0.0,0.0,0.0,1.1133333333333333,0.0,16.5,66.0,0
2026-08-31 23:00:00,3,0.0,0,23,0,31,8,0,-0.25881904510252157,0.9659258262890681,0.0,1.0,0.0,0.0,0.0,0.0,1.1133333333333333,0.0,15.05025253169417,68.48528137423857,0
2026-09-01 00:00:00,3,0.0,0,0,1,1,9,0,0.0,1.0,0.7818314824680298,0.6234898018587336,0.0,0.0,0.0,0.0,1.1133333333333333,0.0,13.937822173508929,70.39230484541326,0
2026-09-01 01:00:00,3,0.0,0,1,1,1,9,0,0.25881904510252074,0.9659258262890683,0.7818314824680298,0.6234898018587336,0.0,0.0,0.0,0.0,1.1133333333333333,0.0,13.238519215976522,71.59110991546882,0
2026-09-01 02:00:00,3,0.0,0,2,1,1,9,0,0.49999999999999994,0.8660254037844387,0.7818314824680298,0.6234898018587336,0.0,0.0,0.0,0.0,1.1133333333333333,0.0,13.0,72.0,0
2026-09-01 03:00:00,3,0.0,0,3,1,1,9,0,0.7071067811865475,0.7071067811865476,0.7818314824680298,0.6234898018587336,0.0,0.0,0.0,0.0,1.1133333333333333,0.0,13.238519215976522,71.59110991546882,0
2026-09-01 04:00:00,3,0.0,0,4,1,1,9,0,0.8660254037844386,0.5000000000000001,0.7818314824680298,0.6234898018587336,0.0,0.0,0.0,0.0,1.1133333333333333,0.0,13.93782217350893,70.39230484541326,0
2026-09-01 05:00:00,3,0.0,0,5,1,1,9,0,0.9659258262890683,0.25881904510252074,0.7818314824680298,0.6234898018587336,0.0,0.0,0.0,0.0,1.1133333333333333,0.0,15.050252531694168,68.48528137423857,0
2026-09-01 06:00:00,3,0.0,0,6,1,1,9,0,1.0,6.123233995736766e-17,0.7818314824680298,0.6234898018587336,0.0,0.0,0.0,0.0,1.1133333333333333,0.0,16.5,66.0,0
2026-09-01 07:00:00,3,0.0,0,7,1,1,9,0,0.9659258262890683,-0.25881904510252063,0.7818314824680298,0.6234898018587336,0.0,0.0,0.0,0.0,1.1133333333333333,0.0,18.188266684282354,63.10582854123025,0
2026-09-01 08:00:00,3,0.0,0,8,1,1,9,0,0.8660254037844387,-0.4999999999999998,0.7818314824680298,0.6234898018587336,0.0,0.0,0.0,0.0,1.1133333333333333,0.0,20.0,60.0,0
2026-09-01 09:00:00,3,0.0,0,9,1,1,9,0,0.7071067811865476,-0.7071067811865475,0.7818314824680298,0.6234898018587336,0.0,0.0,0.0,0.0,1.1133333333333333,0.0,21.811733315717646,56.89417145876975,0
2026-09-01 10:00:00,3,0.0,0,10,1,1,9,0,0.49999999999999994,-0.8660254037844387,0.7818314824680298,0.6234898018587336,0.0,0.0,0.0,0.0,1.1133333333333333,0.0,23.5,54.0,0
2026-09-01 11:00:00,3,0.0,0,11,1,1,9,0,0.258819045102521,-0.9659258262890682,0.7818314824680298,0.6234898018587336,0.0,0.0,0.0,0.0,1.1133333333333333,0.0,24.94974746830583,51.51471862576143,0
2026-09-01 12:00:00,3,0.0,0,12,1,1,9,0,1.2246467991473532e-16,-1.0,0.7818314824680298,0.6234898018587336,0.0,0.0,0.0,0.0,1.1133333333333333,0.0,26.06217782649107,49.607695154586736,0
2026-09-01 13:00:00,3,0.0,0,13,1,1,9,0,-0.2588190451025208,-0.9659258262890683,0.7818314824680298,0.6234898018587336,0.0,0.0,0.0,0.0,1.1133333333333333,0.0,26.761480784023476,48.40889008453118,0
2026-09-01 14:00:00,3,0.0,0,14,1,1,9,0,-0.4999999999999997,-0.8660254037844388,0.7818314824680298,0.6234898018587336,0.0,0.0,0.0,0.0,1.1133333333333333,0.0,27.0,48.0,0
2026-09-01 15:00:00,3,0.0,0,15,1,1,9,0,-0.7071067811865471,-0.7071067811865479,0.7818314824680298,0.6234898018587336,0.0,26.72,0.0,0.0,1.1133333333333333,0.0,26.761480784023476,48.40889008453118,0
2026-09-01 16:00:00,3,0.0,0,16,1,1,9,0,-0.8660254037844384,-0.5000000000000004,0.7818314824680298,0.6234898018587336,0.0,0.0,0.0,0.0,0.0,0.0,26.062177826491073,49.607695154586736,0
2026-09-01 17:00:00,3,0.0,0,17,1,1,9,0,-0.9659258262890683,-0.25881904510252063,0.7818314824680298,0.6234898018587336,0.0,0.0,0.0,0.0,0.0,0.0,24.949747468305834,51.51471862576143,0
2026-09-01 18:00:00,3,0.0,0,18,1,1,9,0,-1.0,-1.8369701987210297e-16,0.7818314824680298,0.6234898018587336,0.0,0.0,0.0,0.0,0.0,0.0,23.5,54.0,0
2026-09-01 19:00:00,3,0.0,0,19,1,1,9,0,-0.9659258262890684,0.2588190451025203,0.7818314824680298,0.6234898018587336,0.0,0.0,0.0,0.0,0.0,0.0,21.811733315717646,56.89417145876975,0
2026-09-01 20:00:00,3,0.0,0,20,1,1,9,0,-0.8660254037844386,0.5000000000000001,0.7818314824680298,0.6234898018587336,0.0,0.0,0.0,0.0,0.0,0.0,20.0,60.0,0
2026-09-01 21:00:00,3,0.0,0,21,1,1,9,0,-0.7071067811865477,0.7071067811865474,0.7818314824680298,0.6234898018587336,0.0,0.0,0.0,0.0,0.0,0.0,18.188266684282354,63.10582854123025,0
2026-09-01 22:00:00,3,0.0,0,22,1,1,9,0,-0.5000000000000004,0.8660254037844384,0.7818314824680298,0.6234898018587336,0.0,0.0,0.0,0.0,0.0,0.0,16.5,66.0,0
2026-09-01 23:00:00,3,0.0,0,23,1,1,9,0,-0.25881904510252157,0.9659258262890681,0.7818314824680298,0.6234898018587336,0.0,0.0,0.0,0.0,0.0,0.0,15.05025253169417,68.48528137423857,0
2026-09-02 00:00:00,3,0.0,0,0,2,2,9,0,0.0,1.0,0.9749279121818236,-0.22252093395631434,0.0,0.0,0.0,0.0,0.0,0.0,13.937822173508929,70.39230484541326,0
2026-09-02 01:00:00,3,0.0,0,1,2,2,9,0,0.25881904510252074,0.9659258262890683,0.9749279121818236,-0.22252093395631434,0.0,0.0,0.0,0.0,0.0,0.0,13.238519215976522,71.59110991546882,0
2026-09-02 02:00:00,3,0.0,0,2,2,2,9,0,0.49999999999999994,0.8660254037844387,0.9749279121818236,-0.22252093395631434,0.0,0.0,0.0,0.0,0.0,0.0,13.0,72.0,0
2026-09-02 03:00:00,3,0.0,0,3,2,2,9,0,0.7071067811865475,0.7071067811865476,0.9749279121818236,-0.22252093395631434,0.0,0.0,0.0,0.0,0.0,0.0,13.238519215976522,71.59110991546882,0
2026-09-02 04:00:00,3,0.0,0,4,2,2,9,0,0.8660254037844386,0.5000000000000001,0.9749279121818236,-0.22252093395631434,0.0,0.0,0.0,0.0,0.0,0.0,13.93782217350893,70.39230484541326,0
2026-09-02 05:00:00,3,0.0,0,5,2,2,9,0,0.9659258262890683,0.25881904510252074,0.9749279121818236,-0.22252093395631434,0.0,0.0,0.0,0.0,0.0,0.0,15.050252531694168,68.48528137423857,0
2026-09-02 06:00:00,3,0.0,0,6,2,2,9,0,1.0,6.123233995736766e-17,0.9749279121818236,-0.22252093395631434,0.0,0.0,0.0,0.0,0.0,0.0,16.5,66.0,0
2026-09-02 07:00:00,3,0.0,0,7,2,2,9,0,0.9659258262890683,-0.25881904510252063,0.9749279121818236,-0.22252093395631434,0.0,0.0,0.0,0.0,0.0,0.0,18.188266684282354,63.10582854123025,0
2026-09-02 08:00:00,3,0.0,0,8,2,2,9,0,0.8660254037844387,-0.4999999999999998,0.9749279121818236,-0.22252093395631434,0.0,0.0,0.0,0.0,0.0,0.0,20.0,60.0,0
2026-09-02 09:00:00,3,0.0,0,9,2,2,9,0,0.7071067811865476,-0.7071067811865475,0.9749279121818236,-0.22252093395631434,0.0,0.0,0.0,0.0,0.0,0.0,21.811733315717646,56.89417145876975,0
2026-09-02 10:00:00,3,0.0,0,10,2,2,9,0,0.49999999999999994,-0.8660254037844387,0.9749279121818236,-0.22252093395631434,0.0,0.0,0.0,0.0,0.0,0.0,23.5,54.0,0
2026-09-02 11:00:00,3,0.0,0,11,2,2,9,0,0.258819045102521,-0.9659258262890682,0.9749279121818236,-0.22252093395631434,0.0,0.0,0.0,0.0,0.0,0.0,24.94974746830583,51.51471862576143,0
2026-09-02 12:00:00,3,0.0,0,12,2,2,9,0,1.2246467991473532e-16,-1.0,0.9749279121818236,-0.22252093395631434,0.0,0.0,0.0,0.0,0.0,0.0,26.06217782649107,49.607695154586736,0
2026-09-02 13:00:00,3,12.6,1,13,2,2,9,0,-0.2588190451025208,-0.9659258262890683,0.9749279121818236,-0.22252093395631434,0.0,0.0,26.76,0.0,0.0,0.0,26.761480784023476,48.40889008453118,0
2026-09-02 14:00:00,3,0.0,0,14,2,2,9,0,-0.4999999999999997,-0.8660254037844388,0.9749279121818236,-0.22252093395631434,12.6,0.0,0.0,2.1,0.525,1.0,27.0,48.0,0
2026-09-02 15:00:00,3,0.0,0,15,2,2,9,0,-0.7071067811865471,-0.7071067811865479,0.9749279121818236,-0.22252093395631434,0.0,0.0,0.0,2.1,0.525,0.0,26.761480784023476,48.40889008453118,0
2026-09-02 16:00:00,3,48.52,1,16,2,2,9,0,-0.8660254037844384,-0.5000000000000004,0.9749279121818236,-0.22252093395631434,0.0,0.0,0.0,2.1,0.525,0.0,26.062177826491073,49.607695154586736,0
2026-09-02 17:00:00,3,0.0,0,17,2,2,9,0,-0.9659258262890683,-0.25881904510252063,0.9749279121818236,-0.22252093395631434,48.52,0.0,0.0,10.186666666666667,2.546666666666667,1.0,24.949747468305834,51.51471862576143,0
2026-09-02 18:00:00,3,0.0,0,18,2,2,9,0,-1.0,-1.8369701987210297e-16,0.9749279121818236,-0.22252093395631434,0.0,0.0,0.0,10.186666666666667,2.546666666666667,0.0,23.5,54.0,0
2026-09-02 19:00:00,3,0.0,0,19,2,2,9,0,-0.9659258262890684,0.2588190451025203,0.9749279121818236,-0.22252093395631434,0.0,0.0,0.0,10.186666666666667,2.546666666666667,0.0,21.811733315717646,56.89417145876975,0
2026-09-02 20:00:00,3,0.0,0,20,2,2,9,0,-0.8660254037844386,0.5000000000000001,0.9749279121818236,-0.22252093395631434,0.0,0.0,0.0,8.086666666666668,2.546666666666667,0.0,20.0,60.0,0
2026-09-02 21:00:00,3,0.0,0,21,2,2,9,0,-0.7071067811865477,0.7071067811865474,0.9749279121818236,-0.22252093395631434,0.0,0.0,0.0,8.086666666666668,2.546666666666667,0.0,18.188266684282354,63.10582854123025,0
2026-09-02 22:00:00,3,0.0,0,22,2,2,9,0,-0.5000000000000004,0.8660254037844384,0.9749279121818236,-0.22252093395631434,0.0,0.0,0.0,8.086666666666668,2.546666666666667,0.0,16.5,66.0,0
2026-09-02 23:00:00,3,0.0,0,23,2,2,9,0,-0.25881904510252157,0.9659258262890681,0.9749279121818236,-0.22252093395631434,0.0,0.0,0.0,0.0,2.546666666666667,0.0,15.05025253169417,68.48528137423857,0
2026-08-13 00:00:00,4,0.0,0,0,3,13,8,0,0.0,1.0,0.43388373911755823,-0.900968867902419,0.0,0.0,0.0,0.0,0.0,0.0,13.937822173508929,70.39230484541326,0
2026-08-13 01:00:00,4,0.0,0,1,3,13,8,0,0.25881904510252074,0.9659258262890683,0.43388373911755823,-0.900968867902419,0.0,0.0,0.0,0.0,0.0,0.0,13.238519215976522,71.59110991546882,0
2026-08-13 02:00:00,4,0.0,0,2,3,13,8,0,0.49999999999999994,0.8660254037844387,0.43388373911755823,-0.900968867902419,0.0,0.0,0.0,0.0,0.0,0.0,13.0,72.0,0
2026-08-13 03:00:00,4,0.0,0,3,3,13,8,0,0.7071067811865475,0.7071067811865476,0.43388373911755823,-0.900968867902419,0.0,0.0,0.0,0.0,0.0,0.0,13.238519215976522,71.59110991546882,0
2026-08-13 04:00:00,4,0.0,0,4,3,13,8,0,0.8660254037844386,0.5000000000000001,0.43388373911755823,-0.900968867902419,0.0,0.0,0.0,0.0,0.0,0.0,13.93782217350893,70.39230484541326,0
2026-08-13 05:00:00,4,0.0,0,5,3,13,8,0,0.9659258262890683,0.25881904510252074,0.43388373911755823,-0.900968867902419,0.0,0.0,0.0,0.0,0.0,0.0,15.050252531694168,68.48528137423857,0
2026-08-13 06:00:00,4,0.0,0,6,3,13,8,0,1.0,6.123233995736766e-17,0.43388373911755823,-0.900968867902419,0.0,0.0,0.0,0.0,0.0,0.0,16.5,66.0,0
2026-08-13 07:00:00,4,0.0,0,7,3,13,8,0,0.9659258262890683,-0.25881904510252063,0.43388373911755823,-0.900968867902419,0.0,0.0,0.0,0.0,0.0,0.0,18.188266684282354,63.10582854123025,0
2026-08-13 08:00:00,4,0.0,0,8,3,13,8,0,0.8660254037844387,-0.4999999999999998,0.43388373911755823,-0.900968867902419,0.0,0.0,0.0,0.0,0.0,0.0,20.0,60.0,0
2026-08-13 09:00:00,4,0.0,0,9,3,13,8,0,0.7071067811865476,-0.7071067811865475,0.43388373911755823,-0.900968867902419,0.0,0.0,0.0,0.0,0.0,0.0,21.811733315717646,56.89417145876975,0
2026-08-13 10:00:00,4,0.0,0,10,3,13,8,0,0.49999999999999994,-0.8660254037844387,0.43388373911755823,-0.900968867902419,0.0,0.0,16.68,0.0,0.0,0.0,23.5,54.0,0
2026-08-13 11:00:00,4,0.0,0,11,3,13,8,0,0.258819045102521,-0.9659258262890682,0.43388373911755823,-0.900968867902419,0.0,0.0,0.0,0.0,0.0,0.0,24.94974746830583,51.51471862576143,0
2026-08-13 12:00:00,4,0.0,0,12,3,13,8,0,1.2246467991473532e-16,-1.0,0.43388373911755823,-0.900968867902419,0.0,0.0,0.0,0.0,0.0,0.0,26.06217782649107,49.607695154586736,0
2026-08-13 13:00:00,4,0.0,0,13,3,13,8,0,-0.2588190451025208,-0.9659258262890683,0.43388373911755823,-0.900968867902419,0.0,0.0,0.0,0.0,0.0,0.0,26.761480784023476,48.40889008453118,0
2026-08-13 14:00:00,4,0.0,0,14,3,13,8,0,-0.4999999999999997,-0.8660254037844388,0.43388373911755823,-0.900968867902419,0.0,0.0,0.0,0.0,0.0,0.0,27.0,48.0,0
2026-08-13 15:00:00,4,0.0,0,15,3,13,8,0,-0.7071067811865471,-0.7071067811865479,0.43388373911755823,-0.900968867902419,0.0,0.0,0.0,0.0,0.0,0.0,26.761480784023476,48.40889008453118,0
2026-08-13 16:00:00,4,0.0,0,16,3,13,8,0,-0.8660254037844384,-0.5000000000000004,0.43388373911755823,-0.900968867902419,0.0,0.0,0.0,0.0,0.0,0.0,26.062177826491073,49.607695154586736,0
2026-08-13 17:00:00,4,0.0,0,17,3,13,8,0,-0.9659258262890683,-0.25881904510252063,0.43388373911755823,-0.900968867902419,0.0,0.0,0.0,0.0,0.0,0.0,24.949747468305834,51.51471862576143,0
2026-08-13 18:00:00,4,49.39,1,18,3,13,8,0,-1.0,-1.8369701987210297e-16,0.43388373911755823,-0.900968867902419,0.0,0.0,0.0,0.0,0.0,0.0,23.5,54.0,0
2026-08-13 19:00:00,4,0.0,0,19,3,13,8,0,-0.9659258262890684,0.2588190451025203,0.43388373911755823,-0.900968867902419,49.39,0.0,0.0,8.231666666666667,2.057916666666667,1.0,21.811733315717646,56.89417145876975,0
2026-08-13 20:00:00,4,0.0,0,20,3,13,8,0,-0.8660254037844386,0.5000000000000001,0.43388373911755823,-0.900968867902419,0.0,0.0,0.0,8.231666666666667,2.057916666666667,0.0,20.0,60.0,0
2026-08-13 21:00:00,4,0.0,0,21,3,13,8,0,-0.7071067811865477,0.7071067811865474,0.43388373911755823,-0.900968867902419,0.0,0.0,0.0,8.231666666666667,2.057916666666667,0.0,18.188266684282354,63.10582854123025,0
2026-08-13 22:00:00,4,0.0,0,22,3,13,8,0,-0.5000000000000004,0.8660254037844384,0.43388373911755823,-0.900968867902419,0.0,0.0,0.0,8.231666666666667,2.057916666666667,0.0,16.5,66.0,0
2026-08-13 23:00:00,4,0.0,0,23,3,13,8,0,-0.25881904510252157,0.9659258262890681,0.43388373911755823,-0.900968867902419,0.0,0.0,0.0,8.231666666666667,2.057916666666667,0.0,15.05025253169417,68.48528137423857,0
2026-08-14 00:00:00,4,0.0,0,0,4,14,8,0,0.0,1.0,-0.433883739117558,-0.9009688679024191,0.0,0.0,0.0,8.231666666666667,2.057916666666667,0.0,13.937822173508929,70.39230484541326,1
2026-08-14 01:00:00,4,0.0,0,1,4,14,8,0,0.25881904510252074,0.9659258262890683,-0.433883739117558,-0.9009688679024191,0.0,0.0,0.0,0.0,2.057916666666667,0.0,13.238519215976522,71.59110991546882,1
2026-08-14 02:00:00,4,0.0,0,2,4,14,8,0,0.49999999999999994,0.8660254037844387,-0.433883739117558,-0.9009688679024191,0.0,0.0,0.0,0.0,2.057916666666667,0.0,13.0,72.0,1
2026-08-14 03:00:00,4,0.0,0,3,4,14,8,0,0.7071067811865475,0.7071067811865476,-0.433883739117558,-0.9009688679024191,0.0,0.0,0.0,0.0,2.057916666666667,0.0,13.238519215976522,71.59110991546882,1
2026-08-14 04:00:00,4,0.0,0,4,4,14,8,0,0.8660254037844386,0.5000000000000001,-0.433883739117558,-0.9009688679024191,0.0,0.0,0.0,0.0,2.057916666666667,0.0,13.93782217350893,70.39230484541326,1
2026-08-14 05:00:00,4,0.0,0,5,4,14,8,0,0.9659258262890683,0.25881904510252074,-0.433883739117558,-0.9009688679024191,0.0,0.0,0.0,0.0,2.057916666666667,0.0,15.050252531694168,68.48528137423857,1
2026-08-14 06:00:00,4,0.0,0,6,4,14,8,0,1.0,6.123233995736766e-17,-0.433883739117558,-0.9009688679024191,0.0,0.0,0.0,0.0,2.057916666666667,0.0,16.5,66.0,1
2026-08-14 07:00:00,4,0.0,0,7,4,14,8,0,0.9659258262890683,-0.25881904510252063,-0.433883739117558,-0.9009688679024191,0.0,0.0,0.0,0.0,2.057916666666667,0.0,18.188266684282354,63.10582854123025,1
2026-08-14 08:00:00,4,0.0,0,8,4,14,8,0,0.8660254037844387,-0.4999999999999998,-0.433883739117558,-0.9009688679024191,0.0,0.0,0.0,0.0,2.057916666666667,0.0,20.0,60.0,1
2026-08-14 09:00:00,4,0.0,0,9,4,14,8,0,0.7071067811865476,-0.7071067811865475,-0.433883739117558,-0.9009688679024191,0.0,0.0,0.0,0.0,2.057916666666667,0.0,21.811733315717646,56.89417145876975,1
2026-08-14 10:00:00,4,0.0,0,10,4,14,8,0,0.49999999999999994,-0.8660254037844387,-0.433883739117558,-0.9009688679024191,0.0,0.0,0.0,0.0,2.057916666666667,0.0,23.5,54.0,1
2026-08-14 11:00:00,4,0.0,0,11,4,14,8,0,0.258819045102521,-0.9659258262890682,-0.433883739117558,-0.9009688679024191,0.0,0.0,0.0,0.0,2.057916666666667,0.0,24.94974746830583,51.51471862576143,1
2026-08-14 12:00:00,4,0.0,0,12,4,14,8,0,1.2246467991473532e-16,-1.0,-0.433883739117558,-0.9009688679024191,0.0,0.0,0.0,0.0,2.057916666666667,0.0,26.06217782649107,49.607695154586736,1
2026-08-14 13:00:00,4,0.0,0,13,4,14,8,0,-0.2588190451025208,-0.9659258262890683,-0.433883739117558,-0.9009688679024191,0.0,0.0,0.0,0.0,2.057916666666667,0.0,26.761480784023476,48.40889008453118,1
2026-08-14 14:00:00,4,0.0,0,14,4,14,8,0,-0.4999999999999997,-0.8660254037844388,-0.433883739117558,-0.9009688679024191,0.0,0.0,0.0,0.0,2.057916666666667,0.0,27.0,48.0,1
2026-08-14 15:00:00,4,0.0,0,15,4,14,8,0,-0.7071067811865471,-0.7071067811865479,-0.433883739117558,-0.9009688679024191,0.0,0.0,0.0,0.0,2.057916666666667,0.0,26.761480784023476,48.40889008453118,1
2026-08-14 16:00:00,4,0.0,0,16,4,14,8,0,-0.8660254037844384,-0.5000000000000004,-0.433883739117558,-0.9009688679024191,0.0,0.0,0.0,0.0,2.057916666666667,0.0,26.062177826491073,49.607695154586736,1
2026-08-14 17:00:00,4,0.0,0,17,4,14,8,0,-0.9659258262890683,-0.25881904510252063,-0.433883739117558,-0.9009688679024191,0.0,0.0,0.0,0.0,2.057916666666667,0.0,24.949747468305834,51.51471862576143,1
2026-08-14 18:00:00,4,0.0,0,18,4,14,8,0,-1.0,-1.8369701987210297e-16,-0.433883739117558,-0.9009688679024191,0.0,49.39,0.0,0.0,2.057916666666667,0.0,23.5,54.0,1
2026-08-14 19:00:00,4,0.0,0,19,4,14,8,0,-0.9659258262890684,0.2588190451025203,-0.433883739117558,-0.9009688679024191,0.0,0.0,46.16,0.0,0.0,0.0,21.811733315717646,56.89417145876975,1
2026-08-14 20:00:00,4,0.0,0,20,4,14,8,0,-0.8660254037844386,0.5000000000000001,-0.433883739117558,-0.9009688679024191,0.0,0.0,0.0,0.0,0.0,0.0,20.0,60.0,1
2026-08-14 21:00:00,4,0.0,0,21,4,14,8,0,-0.7071067811865477,0.7071067811865474,-0.433883739117558,-0.9009688679024191,0.0,0.0,0.0,0.0,0.0,0.0,18.188266684282354,63.10582854123025,1
2026-08-14 22:00:00,4,0.0,0,22,4,14,8,0,-0.5000000000000004,0.8660254037844384,-0.433883739117558,-0.9009688679024191,0.0,0.0,0.0,0.0,0.0,0.0,16.5,66.0,1
2026-08-14 23:00:00,4,0.0,0,23,4,14,8,0,-0.25881904510252157,0.9659258262890681,-0.433883739117558,-0.9009688679024191,0.0,0.0,0.0,0.0,0.0,0.0,15.05025253169417,68.48528137423857,1
2026-08-15 00:00:00,4,0.0,0,0,5,15,8,1,0.0,1.0,-0.9749279121818236,-0.2225209339563146,0.0,0.0,0.0,0.0,0.0,0.0,13.937822173508929,70.39230484541326,0
2026-08-15 01:00:00,4,0.0,0,1,5,15,8,1,0.25881904510252074,0.9659258262890683,-0.9749279121818236,-0.2225209339563146,0.0,0.0,0.0,0.0,0.0,0.0,13.238519215976522,71.59110991546882,0
2026-08-15 02:00:00,4,0.0,0,2,5,15,8,1,0.49999999999999994,0.8660254037844387,-0.9749279121818236,-0.2225209339563146,0.0,0.0,0.0,0.0,0.0,0.0,13.0,72.0,0
2026-08-15 03:00:00,4,0.0,0,3,5,15,8,1,0.7071067811865475,0.7071067811865476,-0.9749279121818236,-0.2225209339563146,0.0,0.0,0.0,0.0,0.0,0.0,13.238519215976522,71.59110991546882,0
2026-08-15 04:00:00,4,0.0,0,4,5,15,8,1,0.8660254037844386,0.5000000000000001,-0.9749279121818236,-0.2225209339563146,0.0,0.0,0.0,0.0,0.0,0.0,13.93782217350893,70.39230484541326,0
2026-08-15 05:00:00,4,0.0,0,5,5,15,8,1,0.9659258262890683,0.25881904510252074,-0.9749279121818236,-0.2225209339563146,0.0,0.0,0.0,0.0,0.0,0.0,15.050252531694168,68.48528137423857,0
2026-08-15 06:00:00,4,0.0,0,6,5,15,8,1,1.0,6.123233995736766e-17,-0.9749279121818236,-0.2225209339563146,0.0,0.0,0.0,0.0,0.0,0.0,16.5,66.0,0
2026-08-15 07:00:00,4,42.55,1,7,5,15,8,1,0.9659258262890683,-0.25881904510252063,-0.9749279121818236,-0.2225209339563146,0.0,0.0,0.0,0.0,0.0,0.0,18.188266684282354,63.10582854123025,0
2026-08-15 08:00:00,4,0.0,0,8,5,15,8,1,0.8660254037844387,-0.4999999999999998,-0.9749279121818236,-0.2225209339563146,42.55,0.0,0.0,7.091666666666666,1.7729166666666665,1.0,20.0,60.0,0
2026-08-15 09:00:00,4,0.0,0,9,5,15,8,1,0.7071067811865476,-0.7071067811865475,-0.9749279121818236,-0.2225209339563146,0.0,0.0,0.0,7.091666666666666,1.7729166666666665,0.0,21.811733315717646,56.89417145876975,0
2026-08-15 10:00:00,4,0.0,0,10,5,15,8,1,0.49999999999999994,-0.8660254037844387,-0.9749279121818236,-0.2225209339563146,0.0,0.0,0.0,7.091666666666666,1.7729166666666665,0.0,23.5,54.0,0
2026-08-15 11:00:00,4,0.0,0,11,5,15,8,1,0.258819045102521,-0.9659258262890682,-0.9749279121818236,-0.2225209339563146,0.0,0.0,0.0,7.091666666666666,1.7729166666666665,0.0,24.94974746830583,51.51471862576143,0
2026-08-15 12:00:00,4,0.0,0,12,5,15,8,1,1.2246467991473532e-16,-1.0,-0.9749279121818236,-0.2225209339563146,0.0,0.0,0.0,7.091666666666666,1.7729166666666665,0.0,26.06217782649107,49.607695154586736,0
2026-08-15 13:00:00,4,0.0,0,13,5,15,8,1,-0.2588190451025208,-0.9659258262890683,-0.9749279121818236,-0.2225209339563146,0.0,0.0,0.0,7.091666666666666,1.7729166666666665,0.0,26.761480784023476,48.40889008453118,0
2026-08-15 14:00:00,4,0.0,0,14,5,15,8,1,-0.4999999999999997,-0.8660254037844388,-0.9749279121818236,-0.2225209339563146,0.0,0.0,0.0,0.0,1.7729166666666665,0.0,27.0,48.0,0
2026-08-15 15:00:00,4,0.0,0,15,5,15,8,1,-0.7071067811865471,-0.7071067811865479,-0.9749279121818236,-0.2225209339563146,0.0,0.0,0.0,0.0,1.7729166666666665,0.0,26.761480784023476,48.40889008453118,0
2026-08-15 16:00:00,4,0.0,0,16,5,15,8,1,-0.8660254037844384,-0.5000000000000004,-0.9749279121818236,-0.2225209339563146,0.0,0.0,0.0,0.0,1.7729166666666665,0.0,26.062177826491073,49.607695154586736,0
2026-08-15 17:00:00,4,0.0,0,17,5,15,8,1,-0.9659258262890683,-0.25881904510252063,-0.9749279121818236,-0.2225209339563146,0.0,0.0,0.0,0.0,1.7729166666666665,0.0,24.949747468305834,51.51471862576143,0
2026-08-15 18:00:00,4,0.0,0,18,5,15,8,1,-1.0,-1.8369701987210297e-16,-0.9749279121818236,-0.2225209339563146,0.0,0.0,0.0,0.0,1.7729166666666665,0.0,23.5,54.0,0
2026-08-15 19:00:00,4,0.0,0,19,5,15,8,1,-0.9659258262890684,0.2588190451025203,-0.9749279121818236,-0.2225209339563146,0.0,0.0,0.0,0.0,1.7729166666666665,0.0,21.811733315717646,56.89417145876975,0
2026-08-15 20:00:00,4,0.0,0,20,5,15,8,1,-0.8660254037844386,0.5000000000000001,-0.9749279121818236,-0.2225209339563146,0.0,0.0,0.0,0.0,1.7729166666666665,0.0,20.0,60.0,0
2026-08-15 21:00:00,4,0.0,0,21,5,15,8,1,-0.7071067811865477,0.7071067811865474,-0.9749279121818236,-0.2225209339563146,0.0,0.0,0.0,0.0,1.7729166666666665,0.0,18.188266684282354,63.10582854123025,0
2026-08-15 22:00:00,4,0.0,0,22,5,15,8,1,-0.5000000000000004,0.8660254037844384,-0.9749279121818236,-0.2225209339563146,0.0,0.0,0.0,0.0,1.7729166666666665,0.0,16.5,66.0,0
2026-08-15 23:00:00,4,0.0,0,23,5,15,8,1,-0.25881904510252157,0.9659258262890681,-0.9749279121818236,-0.2225209339563146,0.0,0.0,0.0,0.0,1.7729166666666665,0.0,15.05025253169417,68.48528137423857,0
2026-08-16 00:00:00,4,0.0,0,0,6,16,8,1,0.0,1.0,-0.7818314824680299,0.6234898018587334,0.0,0.0,0.0,0.0,1.7729166666666665,0.0,13.937822173508929,70.39230484541326,0
2026-08-16 01:00:00,4,0.0,0,1,6,16,8,1,0.25881904510252074,0.9659258262890683,-0.7818314824680299,0.6234898018587334,0.0,0.0,0.0,0.0,1.7729166666666665,0.0,13.238519215976522,71.59110991546882,0
2026-08-16 02:00:00,4,0.0,0,2,6,16,8,1,0.49999999999999994,0.8660254037844387,-0.7818314824680299,0.6234898018587334,0.0,0.0,0.0,0.0,1.7729166666666665,0.0,13.0,72.0,0
2026-08-16 03:00:00,4,0.0,0,3,6,16,8,1,0.7071067811865475,0.7071067811865476,-0.7818314824680299,0.6234898018587334,0.0,0.0,0.0,0.0,1.7729166666666665,0.0,13.238519215976522,71.59110991546882,0
2026-08-16 04:00:00,4,0.0,0,4,6,16,8,1,0.8660254037844386,0.5000000000000001,-0.7818314824680299,0.6234898018587334,0.0,0.0,0.0,0.0,1.7729166666666665,0.0,13.93782217350893,70.39230484541326,0
2026-08-16 05:00:00,4,0.0,0,5,6,16,8,1,0.9659258262890683,0.25881904510252074,-0.7818314824680299,0.6234898018587334,0.0,0.0,0.0,0.0,1.7729166666666665,0.0,15.050252531694168,68.48528137423857,0
2026-08-16 06:00:00,4,0.0,0,6,6,16,8,1,1.0,6.123233995736766e-17,-0.7818314824680299,0.6234898018587334,0.0,0.0,0.0,0.0,1.7729166666666665,0.0,16.5,66.0,0
2026-08-16 07:00:00,4,0.0,0,7,6,16,8,1,0.9659258262890683,-0.25881904510252063,-0.7818314824680299,0.6234898018587334,0.0,42.55,0.0,0.0,1.7729166666666665,0.0,18.188266684282354,63.10582854123025,0
2026-08-16 08:00:00,4,0.0,0,8,6,16,8,1,0.8660254037844387,-0.4999999999999998,-0.7818314824680299,0.6234898018587334,0.0,0.0,0.0,0.0,0.0,0.0,20.0,60.0,0
2026-08-16 09:00:00,4,0.0,0,9,6,16,8,1,0.7071067811865476,-0.7071067811865475,-0.7818314824680299,0.6234898018587334,0.0,0.0,0.0,0.0,0.0,0.0,21.811733315717646,56.89417145876975,0
2026-08-16 10:00:00,4,0.0,0,10,6,16,8,1,0.49999999999999994,-0.8660254037844387,-0.7818314824680299,0.6234898018587334,0.0,0.0,0.0,0.0,0.0,0.0,23.5,54.0,0
2026-08-16 11:00:00,4,0.0,0,11,6,16,8,1,0.258819045102521,-0.9659258262890682,-0.7818314824680299,0.6234898018587334,0.0,0.0,0.0,0.0,0.0,0.0,24.94974746830583,51.51471862576143,0
2026-08-16 12:00:00,4,0.0,0,12,6,16,8,1,1.2246467991473532e-16,-1.0,-0.7818314824680299,0.6234898018587334,0.0,0.0,0.0,0.0,0.0,0.0,26.06217782649107,49.607695154586736,0
2026-08-16 13:00:00,4,0.0,0,13,6,16,8,1,-0.2588190451025208,-0.9659258262890683,-0.7818314824680299,0.6234898018587334,0.0,0.0,0.0,0.0,0.0,0.0,26.761480784023476,48.40889008453118,0
2026-08-16 14:00:00,4,30.7,1,14,6,16,8,1,-0.4999999999999997,-0.8660254037844388,-0.7818314824680299,0.6234898018587334,0.0,0.0,0.0,0.0,0.0,0.0,27.0,48.0,0
2026-08-16 15:00:00,4,0.0,0,15,6,16,8,1,-0.7071067811865471,-0.7071067811865479,-0.7818314824680299,0.6234898018587334,30.7,0.0,0.0,5.116666666666666,1.2791666666666666,1.0,26.761480784023476,48.40889008453118,0
2026-08-16 16:00:00,4,0.0,0,16,6,16,8,1,-0.8660254037844384,-0.5000000000000004,-0.7818314824680299,0.6234898018587334,0.0,0.0,0.0,5.116666666666666,1.2791666666666666,0.0,26.062177826491073,49.607695154586736,0
2026-08-16 17:00:00,4,0.0,0,17,6,16,8,1,-0.9659258262890683,-0.25881904510252063,-0.7818314824680299,0.6234898018587334,0.0,0.0,0.0,5.116666666666666,1.2791666666666666,0.0,24.949747468305834,51.51471862576143,0
2026-08-16 18:00:00,4,0.0,0,18,6,16,8,1,-1.0,-1.8369701987210297e-16,-0.7818314824680299,0.6234898018587334,0.0,0.0,0.0,5.116666666666666,1.2791666666666666,0.0,23.5,54.0,0
2026-08-16 19:00:00,4,0.0,0,19,6,16,8,1,-0.9659258262890684,0.2588190451025203,-0.7818314824680299,0.6234898018587334,0.0,0.0,0.0,5.116666666666666,1.2791666666666666,0.0,21.811733315717646,56.89417145876975,0
2026-08-16 20:00:00,4,0.0,0,20,6,16,8,1,-0.8660254037844386,0.5000000000000001,-0.7818314824680299,0.6234898018587334,0.0,0.0,0.0,5.116666666666666,1.2791666666666666,0.0,20.0,60.0,0
2026-08-16 21:00:00,4,0.0,0,21,6,16,8,1,-0.7071067811865477,0.7071067811865474,-0.7818314824680299,0.6234898018587334,0.0,0.0,0.0,0.0,1.2791666666666666,0.0,18.188266684282354,63.10582854123025,0
2026-08-16 22:00:00,4,0.0,0,22,6,16,8,1,-0.5000000000000004,0.8660254037844384,-0.7818314824680299,0.6234898018587334,0.0,0.0,0.0,0.0,1.2791666666666666,0.0,16.5,66.0,0
2026-08-16 23:00:00,4,0.0,0,23,6,16,8,1,-0.25881904510252157,0.9659258262890681,-0.7818314824680299,0.6234898018587334,0.0,0.0,0.0,0.0,1.2791666666666666,0.0,15.05025253169417,68.48528137423857,0
2026-08-17 00:00:00,4,0.0,0,0,0,17,8,0,0.0,1.0,0.0,1.0,0.0,0.0,0.0,0.0,1.2791666666666666,0.0,13.937822173508929,70.39230484541326,0
2026-08-17 01:00:00,4,0.0,0,1,0,17,8,0,0.25881904510252074,0.9659258262890683,0.0,1.0,0.0,0.0,0.0,0.0,1.2791666666666666,0.0,13.238519215976522,71.59110991546882,0
2026-08-17 02:00:00,4,0.0,0,2,0,17,8,0,0.49999999999999994,0.8660254037844387,0.0,1.0,0.0,0.0,0.0,0.0,1.2791666666666666,0.0,13.0,72.0,0
2026-08-17 03:00:00,4,0.0,0,3,0,17,8,0,0.7071067811865475,0.7071067811865476,0.0,1.0,0.0,0.0,0.0,0.0,1.2791666666666666,0.0,13.238519215976522,71.59110991546882,0
2026-08-17 04:00:00,4,0.0,0,4,0,17,8,0,0.8660254037844386,0.5000000000000001,0.0,1.0,0.0,0.0,0.0,0.0,1.2791666666666666,0.0,13.93782217350893,70.39230484541326,0
2026-08-17 05:00:00,4,0.0,0,5,0,17,8,0,0.9659258262890683,0.25881904510252074,0.0,1.0,0.0,0.0,0.0,0.0,1.2791666666666666,0.0,15.050252531694168,68.48528137423857,0
2026-08-17 06:00:00,4,0.0,0,6,0,17,8,0,1.0,6.123233995736766e-17,0.0,1.0,0.0,0.0,0.0,0.0,1.2791666666666666,0.0,16.5,66.0,0
2026-08-17 07:00:00,4,0.0,0,7,0,17,8,0,0.9659258262890683,-0.25881904510252063,0.0,1.0,0.0,0.0,0.0,0.0,1.2791666666666666,0.0,18.188266684282354,63.10582854123025,0
2026-08-17 08:00:00,4,0.0,0,8,0,17,8,0,0.8660254037844387,-0.4999999999999998,0.0,1.0,0.0,0.0,0.0,0.0,1.2791666666666666,0.0,20.0,60.0,0
2026-08-17 09:00:00,4,0.0,0,9,0,17,8,0,0.7071067811865476,-0.7071067811865475,0.0,1.0,0.0,0.0,0.0,0.0,1.2791666666666666,0.0,21.811733315717646,56.89417145876975,0
2026-08-17 10:00:00,4,0.0,0,10,0,17,8,0,0.49999999999999994,-0.8660254037844387,0.0,1.0,0.0,0.0,40.55,0.0,1.2791666666666666,0.0,23.5,54.0,0
2026-08-17 11:00:00,4,0.0,0,11,0,17,8,0,0.258819045102521,-0.9659258262890682,0.0,1.0,0.0,0.0,0.0,0.0,1.2791666666666666,0.0,24.94974746830583,51.51471862576143,0
2026-08-17 12:00:00,4,0.0,0,12,0,17,8,0,1.2246467991473532e-16,-1.0,0.0,1.0,0.0,0.0,0.0,0.0,1.2791666666666666,0.0,26.06217782649107,49.607695154586736,0
2026-08-17 13:00:00,4,0.0,0,13,0,17,8,0,-0.2588190451025208,-0.9659258262890683,0.0,1.0,0.0,0.0,0.0,0.0,1.2791666666666666,0.0,26.761480784023476,48.40889008453118,0
2026-08-17 14:00:00,4,0.0,0,14,0,17,8,0,-0.4999999999999997,-0.8660254037844388,0.0,1.0,0.0,30.7,0.0,0.0,1.2791666666666666,0.0,27.0,48.0,0
2026-08-17 15:00:00,4,0.0,0,15,0,17,8,0,-0.7071067811865471,-0.7071067811865479,0.0,1.0,0.0,0.0,0.0,0.0,0.0,0.0,26.761480784023476,48.40889008453118,0
2026-08-17 16:00:00,4,22.65,1,16,0,17,8,0,-0.8660254037844384,-0.5000000000000004,0.0,1.0,0.0,0.0,0.0,0.0,0.0,0.0,26.062177826491073,49.607695154586736,0
2026-08-17 17:00:00,4,0.0,0,17,0,17,8,0,-0.9659258262890683,-0.25881904510252063,0.0,1.0,22.65,0.0,0.0,3.775,0.94375,1.0,24.949747468305834,51.51471862576143,0
2026-08-17 18:00:00,4,0.0,0,18,0,17,8,0,-1.0,-1.8369701987210297e-16,0.0,1.0,0.0,0.0,0.0,3.775,0.94375,0.0,23.5,54.0,0
2026-08-17 19:00:00,4,0.0,0,19,0,17,8,0,-0.9659258262890684,0.2588190451025203,0.0,1.0,0.0,0.0,0.0,3.775,0.94375,0.0,21.811733315717646,56.89417145876975,0
2026-08-17 20:00:00,4,31.71,1,20,0,17,8,0,-0.8660254037844386,0.5000000000000001,0.0,1.0,0.0,0.0,0.0,3.775,0.94375,0.0,20.0,60.0,0
2026-08-17 21:00:00,4,0.0,0,21,0,17,8,0,-0.7071067811865477,0.7071067811865474,0.0,1.0,31.71,0.0,0.0,9.06,2.265,1.0,18.188266684282354,63.10582854123025,0
2026-08-17 22:00:00,4,0.0,0,22,0,17,8,0,-0.5000000000000004,0.8660254037844384,0.0,1.0,0.0,0.0,0.0,9.06,2.265,0.0,16.5,66.0,0
2026-08-17 23:00:00,4,0.0,0,23,0,17,8,0,-0.25881904510252157,0.9659258262890681,0.0,1.0,0.0,0.0,0.0,5.285,2.265,0.0,15.05025253169417,68.48528137423857,0
2026-08-18 00:00:00,4,0.0,0,0,1,18,8,0,0.0,1.0,0.7818314824680298,0.6234898018587336,0.0,0.0,0.0,5.285,2.265,0.0,13.937822173508929,70.39230484541326,0
2026-08-18 01:00:00,4,0.0,0,1,1,18,8,0,0.25881904510252074,0.9659258262890683,0.7818314824680298,0.6234898018587336,0.0,0.0,0.0,5.285,2.265,0.0,13.238519215976522,71.59110991546882,0
2026-08-18 02:00:00,4,0.0,0,2,1,18,8,0,0.49999999999999994,0.8660254037844387,0.7818314824680298,0.6234898018587336,0.0,0.0,0.0,5.285,2.265,0.0,13.0,72.0,0
2026-08-18 03:00:00,4,0.0,0,3,1,18,8,0,0.7071067811865475,0.7071067811865476,0.7818314824680298,0.6234898018587336,0.0,0.0,0.0,0.0,2.265,0.0,13.238519215976522,71.59110991546882,0
2026-08-18 04:00:00,4,0.0,0,4,1,18,8,0,0.8660254037844386,0.5000000000000001,0.7818314824680298,0.6234898018587336,0.0,0.0,0.0,0.0,2.265,0.0,13.93782217350893,70.39230484541326,0
2026-08-18 05:00:00,4,0.0,0,5,1,18,8,0,0.9659258262890683,0.25881904510252074,0.7818314824680298,0.6234898018587336,0.0,0.0,0.0,0.0,2.265,0.0,15.050252531694168,68.48528137423857,0
2026-08-18 06:00:00,4,0.0,0,6,1,18,8,0,1.0,6.123233995736766e-17,0.7818314824680298,0.6234898018587336,0.0,0.0,0.0,0.0,2.265,0.0,16.5,66.0,0
2026-08-18 07:00:00,4,0.0,0,7,1,18,8,0,0.9659258262890683,-0.25881904510252063,0.7818314824680298,0.6234898018587336,0.0,0.0,0.0,0.0,2.265,0.0,18.188266684282354,63.10582854123025,0
2026-08-18 08:00:00,4,0.0,0,8,1,18,8,0,0.8660254037844387,-0.4999999999999998,0.7818314824680298,0.6234898018587336,0.0,0.0,0.0,0.0,2.265,0.0,20.0,60.0,0
2026-08-18 09:00:00,4,0.0,0,9,1,18,8,0,0.7071067811865476,-0.7071067811865475,0.7818314824680298,0.6234898018587336,0.0,0.0,0.0,0.0,2.265,0.0,21.811733315717646,56.89417145876975,0
2026-08-18 10:00:00,4,0.0,0,10,1,18,8,0,0.49999999999999994,-0.8660254037844387,0.7818314824680298,0.6234898018587336,0.0,0.0,0.0,0.0,2.265,0.0,23.5,54.0,0
2026-08-18 11:00:00,4,0.0,0,11,1,18,8,0,0.258819045102521,-0.9659258262890682,0.7818314824680298,0.6234898018587336,0.0,0.0,0.0,0.0,2.265,0.0,24.94974746830583,51.51471862576143,0
2026-08-18 12:00:00,4,0.0,0,12,1,18,8,0,1.2246467991473532e-16,-1.0,0.7818314824680298,0.6234898018587336,0.0,0.0,0.0,0.0,2.265,0.0,26.06217782649107,49.607695154586736,0
2026-08-18 13:00:00,4,0.0,0,13,1,18,8,0,-0.2588190451025208,-0.9659258262890683,0.7818314824680298,0.6234898018587336,0.0,0.0,0.0,0.0,2.265,0.0,26.761480784023476,48.40889008453118,0
2026-08-18 14:00:00,4,0.0,0,14,1,18,8,0,-0.4999999999999997,-0.8660254037844388,0.7818314824680298,0.6234898018587336,0.0,0.0,0.0,0.0,2.265,0.0,27.0,48.0,0
2026-08-18 15:00:00,4,0.0,0,15,1,18,8,0,-0.7071067811865471,-0.7071067811865479,0.7818314824680298,0.6234898018587336,0.0,0.0,0.0,0.0,2.265,0.0,26.761480784023476,48.40889008453118,0
2026-08-18 16:00:00,4,0.0,0,16,1,18,8,0,-0.8660254037844384,-0.5000000000000004,0.7818314824680298,0.6234898018587336,0.0,22.65,0.0,0.0,2.265,0.0,26.062177826491073,49.607695154586736,0
2026-08-18 17:00:00,4,0.0,0,17,1,18,8,0,-0.9659258262890683,-0.25881904510252063,0.7818314824680298,0.6234898018587336,0.0,0.0,0.0,0.0,1.32125,0.0,24.949747468305834,51.51471862576143,0
2026-08-18 18:00:00,4,0.0,0,18,1,18,8,0,-1.0,-1.8369701987210297e-16,0.7818314824680298,0.6234898018587336,0.0,0.0,0.0,0.0,1.32125,0.0,23.5,54.0,0
2026-08-18 19:00:00,4,0.0,0,19,1,18,8,0,-0.9659258262890684,0.2588190451025203,0.7818314824680298,0.6234898018587336,0.0,0.0,0.0,0.0,1.32125,0.0,21.811733315717646,56.89417145876975,0
2026-08-18 20:00:00,4,0.0,0,20,1,18,8,0,-0.8660254037844386,0.5000000000000001,0.7818314824680298,0.6234898018587336,0.0,31.71,0.0,0.0,1.32125,0.0,20.0,60.0,0
2026-08-18 21:00:00,4,0.0,0,21,1,18,8,0,-0.7071067811865477,0.7071067811865474,0.7818314824680298,0.6234898018587336,0.0,0.0,0.0,0.0,0.0,0.0,18.188266684282354,63.10582854123025,0
2026-08-18 22:00:00,4,0.0,0,22,1,18,8,0,-0.5000000000000004,0.8660254037844384,0.7818314824680298,0.6234898018587336,0.0,0.0,0.0,0.0,0.0,0.0,16.5,66.0,0
2026-08-18 23:00:00,4,0.0,0,23,1,18,8,0,-0.25881904510252157,0.9659258262890681,0.7818314824680298,0.6234898018587336,0.0,0.0,0.0,0.0,0.0,0.0,15.05025253169417,68.48528137423857,0
2026-08-19 00:00:00,4,0.0,0,0,2,19,8,0,0.0,1.0,0.9749279121818236,-0.22252093395631434,0.0,0.0,0.0,0.0,0.0,0.0,13.937822173508929,70.39230484541326,0
2026-08-19 01:00:00,4,0.0,0,1,2,19,8,0,0.25881904510252074,0.9659258262890683,0.9749279121818236,-0.22252093395631434,0.0,0.0,0.0,0.0,0.0,0.0,13.238519215976522,71.59110991546882,0
2026-08-19 02:00:00,4,0.0,0,2,2,19,8,0,0.49999999999999994,0.8660254037844387,0.9749279121818236,-0.22252093395631434,0.0,0.0,0.0,0.0,0.0,0.0,13.0,72.0,0
2026-08-19 03:00:00,4,0.0,0,3,2,19,8,0,0.7071067811865475,0.7071067811865476,0.9749279121818236,-0.22252093395631434,0.0,0.0,0.0,0.0,0.0,0.0,13.238519215976522,71.59110991546882,0
2026-08-19 04:00:00,4,0.0,0,4,2,19,8,0,0.8660254037844386,0.5000000000000001,0.9749279121818236,-0.22252093395631434,0.0,0.0,0.0,0.0,0.0,0.0,13.93782217350893,70.39230484541326,0
2026-08-19 05:00:00,4,0.0,0,5,2,19,8,0,0.9659258262890683,0.25881904510252074,0.9749279121818236,-0.22252093395631434,0.0,0.0,0.0,0.0,0.0,0.0,15.050252531694168,68.48528137423857,0
2026-08-19 06:00:00,4,0.0,0,6,2,19,8,0,1.0,6.123233995736766e-17,0.9749279121818236,-0.22252093395631434,0.0,0.0,0.0,0.0,0.0,0.0,16.5,66.0,0
2026-08-19 07:00:00,4,0.0,0,7,2,19,8,0,0.9659258262890683,-0.25881904510252063,0.9749279121818236,-0.22252093395631434,0.0,0.0,0.0,0.0,0.0,0.0,18.188266684282354,63.10582854123025,0
2026-08-19 08:00:00,4,0.0,0,8,2,19,8,0,0.8660254037844387,-0.4999999999999998,0.9749279121818236,-0.22252093395631434,0.0,0.0,0.0,0.0,0.0,0.0,20.0,60.0,0
2026-08-19 09:00:00,4,0.0,0,9,2,19,8,0,0.7071067811865476,-0.7071067811865475,0.9749279121818236,-0.22252093395631434,0.0,0.0,0.0,0.0,0.0,0.0,21.811733315717646,56.89417145876975,0
2026-08-19 10:00:00,4,0.0,0,10,2,19,8,0,0.49999999999999994,-0.8660254037844387,0.9749279121818236,-0.22252093395631434,0.0,0.0,0.0,0.0,0.0,0.0,23.5,54.0,0
2026-08-19 11:00:00,4,0.0,0,11,2,19,8,0,0.258819045102521,-0.9659258262890682,0.9749279121818236,-0.22252093395631434,0.0,0.0,0.0,0.0,0.0,0.0,24.94974746830583,51.51471862576143,0
2026-08-19 12:00:00,4,19.21,1,12,2,19,8,0,1.2246467991473532e-16,-1.0,0.9749279121818236,-0.22252093395631434,0.0,0.0,0.0,0.0,0.0,0.0,26.06217782649107,49.607695154586736,0
2026-08-19 13:00:00,4,0.0,0,13,2,19,8,0,-0.2588190451025208,-0.9659258262890683,0.9749279121818236,-0.22252093395631434,19.21,0.0,0.0,3.2016666666666667,0.8004166666666667,1.0,26.761480784023476,48.40889008453118,0
2026-08-19 14:00:00,4,0.0,0,14,2,19,8,0,-0.4999999999999997,-0.8660254037844388,0.9749279121818236,-0.22252093395631434,0.0,0.0,0.0,3.2016666666666667,0.8004166666666667,0.0,27.0,48.0,0
2026-08-19 15:00:00,4,0.0,0,15,2,19,8,0,-0.7071067811865471,-0.7071067811865479,0.9749279121818236,-0.22252093395631434,0.0,0.0,0.0,3.2016666666666667,0.8004166666666667,0.0,26.761480784023476,48.40889008453118,0
2026-08-19 16:00:00,4,0.0,0,16,2,19,8,0,-0.8660254037844384,-0.5000000000000004,0.9749279121818236,-0.22252093395631434,0.0,0.0,0.0,3.2016666666666667,0.8004166666666667,0.0,26.062177826491073,49.607695154586736,0
2026-08-19 17:00:00,4,0.0,0,17,2,19,8,0,-0.9659258262890683,-0.25881904510252063,0.9749279121818236,-0.22252093395631434,0.0,0.0,0.0,3.2016666666666667,0.8004166666666667,0.0,24.949747468305834,51.51471862576143,0
2026-08-19 18:00:00,4,0.0,0,18,2,19,8,0,-1.0,-1.8369701987210297e-16,0.9749279121818236,-0.22252093395631434,0.0,0.0,0.0,3.2016666666666667,0.8004166666666667,0.0,23.5,54.0,0
2026-08-19 19:00:00,4,0.0,0,19,2,19,8,0,-0.9659258262890684,0.2588190451025203,0.9749279121818236,-0.22252093395631434,0.0,0.0,0.0,0.0,0.8004166666666667,0.0,21.811733315717646,56.89417145876975,0
2026-08-19 20:00:00,4,0.0,0,20,2,19,8,0,-0.8660254037844386,0.5000000000000001,0.9749279121818236,-0.22252093395631434,0.0,0.0,0.0,0.0,0.8004166666666667,0.0,20.0,60.0,0
2026-08-19 21:00:00,4,0.0,0,21,2,19,8,0,-0.7071067811865477,0.7071067811865474,0.9749279121818236,-0.22252093395631434,0.0,0.0,0.0,0.0,0.8004166666666667,0.0,18.188266684282354,63.10582854123025,0
2026-08-19 22:00:00,4,0.0,0,22,2,19,8,0,-0.5000000000000004,0.8660254037844384,0.9749279121818236,-0.22252093395631434,0.0,0.0,0.0,0.0,0.8004166666666667,0.0,16.5,66.0,0
2026-08-19 23:00:00,4,0.0,0,23,2,19,8,0,-0.25881904510252157,0.9659258262890681,0.9749279121818236,-0.22252093395631434,0.0,0.0,0.0,0.0,0.8004166666666667,0.0,15.05025253169417,68.48528137423857,0
2026-08-20 00:00:00,4,0.0,0,0,3,20,8,0,0.0,1.0,0.43388373911755823,-0.900968867902419,0.0,0.0,0.0,0.0,0.8004166666666667,0.0,13.937822173508929,70.39230484541326,0
2026-08-20 01:00:00,4,0.0,0,1,3,20,8,0,0.25881904510252074,0.9659258262890683,0.43388373911755823,-0.900968867902419,0.0,0.0,0.0,0.0,0.8004166666666667,0.0,13.238519215976522,71.59110991546882,0
2026-08-20 02:00:00,4,0.0,0,2,3,20,8,0,0.49999999999999994,0.8660254037844387,0.43388373911755823,-0.900968867902419,0.0,0.0,0.0,0.0,0.8004166666666667,0.0,13.0,72.0,0
2026-08-20 03:00:00,4,0.0,0,3,3,20,8,0,0.7071067811865475,0.7071067811865476,0.43388373911755823,-0.900968867902419,0.0,0.0,0.0,0.0,0.8004166666666667,0.0,13.238519215976522,71.59110991546882,0
2026-08-20 04:00:00,4,0.0,0,4,3,20,8,0,0.8660254037844386,0.5000000000000001,0.43388373911755823,-0.900968867902419,0.0,0.0,0.0,0.0,0.8004166666666667,0.0,13.93782217350893,70.39230484541326,0
2026-08-20 05:00:00,4,0.0,0,5,3,20,8,0,0.9659258262890683,0.25881904510252074,0.43388373911755823,-0.900968867902419,0.0,0.0,0.0,0.0,0.8004166666666667,0.0,15.050252531694168,68.48528137423857,0
2026-08-20 06:00:00,4,0.0,0,6,3,20,8,0,1.0,6.123233995736766e-17,0.43388373911755823,-0.900968867902419,0.0,0.0,0.0,0.0,0.8004166666666667,0.0,16.5,66.0,0
2026-08-20 07:00:00,4,0.0,0,7,3,20,8,0,0.9659258262890683,-0.25881904510252063,0.43388373911755823,-0.900968867902419,0.0,0.0,0.0,0.0,0.8004166666666667,0.0,18.188266684282354,63.10582854123025,0
2026-08-20 08:00:00,4,0.0,0,8,3,20,8,0,0.8660254037844387,-0.4999999999999998,0.43388373911755823,-0.900968867902419,0.0,0.0,0.0,0.0,0.8004166666666667,0.0,20.0,60.0,0
2026-08-20 09:00:00,4,0.0,0,9,3,20,8,0,0.7071067811865476,-0.7071067811865475,0.43388373911755823,-0.900968867902419,0.0,0.0,0.0,0.0,0.8004166666666667,0.0,21.811733315717646,56.89417145876975,0
2026-08-20 10:00:00,4,0.0,0,10,3,20,8,0,0.49999999999999994,-0.8660254037844387,0.43388373911755823,-0.900968867902419,0.0,0.0,0.0,0.0,0.8004166666666667,0.0,23.5,54.0,0
2026-08-20 11:00:00,4,0.0,0,11,3,20,8,0,0.258819045102521,-0.9659258262890682,0.43388373911755823,-0.900968867902419,0.0,0.0,0.0,0.0,0.8004166666666667,0.0,24.94974746830583,51.51471862576143,0
2026-08-20 12:00:00,4,0.0,0,12,3,20,8,0,1.2246467991473532e-16,-1.0,0.43388373911755823,-0.900968867902419,0.0,19.21,0.0,0.0,0.8004166666666667,0.0,26.06217782649107,49.607695154586736,0
2026-08-20 13:00:00,4,31.91,1,13,3,20,8,0,-0.2588190451025208,-0.9659258262890683,0.43388373911755823,-0.900968867902419,0.0,0.0,0.0,0.0,0.0,0.0,26.761480784023476,48.40889008453118,0
2026-08-20 14:00:00,4,0.0,0,14,3,20,8,0,-0.4999999999999997,-0.8660254037844388,0.43388373911755823,-0.900968867902419,31.91,0.0,0.0,5.318333333333333,1.3295833333333333,1.0,27.0,48.0,0
2026-08-20 15:00:00,4,0.0,0,15,3,20,8,0,-0.7071067811865471,-0.7071067811865479,0.43388373911755823,-0.900968867902419,0.0,0.0,0.0,5.318333333333333,1.3295833333333333,0.0,26.761480784023476,48.40889008453118,0
2026-08-20 16:00:00,4,0.0,0,16,3,20,8,0,-0.8660254037844384,-0.5000000000000004,0.43388373911755823,-0.900968867902419,0.0,0.0,0.0,5.318333333333333,1.3295833333333333,0.0,26.062177826491073,49.607695154586736,0
2026-08-20 17:00:00,4,0.0,0,17,3,20,8,0,-0.9659258262890683,-0.25881904510252063,0.43388373911755823,-0.900968867902419,0.0,0.0,0.0,5.318333333333333,1.3295833333333333,0.0,24.949747468305834,51.51471862576143,0
2026-08-20 18:00:00,4,0.0,0,18,3,20,8,0,-1.0,-1.8369701987210297e-16,0.43388373911755823,-0.900968867902419,0.0,0.0,49.39,5.318333333333333,1.3295833333333333,0.0,23.5,54.0,0
2026-08-20 19:00:00,4,0.0,0,19,3,20,8,0,-0.9659258262890684,0.2588190451025203,0.43388373911755823,-0.900968867902419,0.0,0.0,0.0,5.318333333333333,1.3295833333333333,0.0,21.811733315717646,56.89417145876975,0
2026-08-20 20:00:00,4,0.0,0,20,3,20,8,0,-0.8660254037844386,0.5000000000000001,0.43388373911755823,-0.900968867902419,0.0,0.0,0.0,0.0,1.3295833333333333,0.0,20.0,60.0,0
2026-08-20 21:00:00,4,0.0,0,21,3,20,8,0,-0.7071067811865477,0.7071067811865474,0.43388373911755823,-0.900968867902419,0.0,0.0,0.0,0.0,1.3295833333333333,0.0,18.188266684282354,63.10582854123025,0
2026-08-20 22:00:00,4,0.0,0,22,3,20,8,0,-0.5000000000000004,0.8660254037844384,0.43388373911755823,-0.900968867902419,0.0,0.0,0.0,0.0,1.3295833333333333,0.0,16.5,66.0,0
2026-08-20 23:00:00,4,0.0,0,23,3,20,8,0,-0.25881904510252157,0.9659258262890681,0.43388373911755823,-0.900968867902419,0.0,0.0,0.0,0.0,1.3295833333333333,0.0,15.05025253169417,68.48528137423857,0
2026-08-21 00:00:00,4,0.0,0,0,4,21,8,0,0.0,1.0,-0.433883739117558,-0.9009688679024191,0.0,0.0,0.0,0.0,1.3295833333333333,0.0,13.937822173508929,70.39230484541326,0
2026-08-21 01:00:00,4,0.0,0,1,4,21,8,0,0.25881904510252074,0.9659258262890683,-0.433883739117558,-0.9009688679024191,0.0,0.0,0.0,0.0,1.3295833333333333,0.0,13.238519215976522,71.59110991546882,0
2026-08-21 02:00:00,4,0.0,0,2,4,21,8,0,0.49999999999999994,0.8660254037844387,-0.433883739117558,-0.9009688679024191,0.0,0.0,0.0,0.0,1.3295833333333333,0.0,13.0,72.0,0
2026-08-21 03:00:00,4,0.0,0,3,4,21,8,0,0.7071067811865475,0.7071067811865476,-0.433883739117558,-0.9009688679024191,0.0,0.0,0.0,0.0,1.3295833333333333,0.0,13.238519215976522,71.59110991546882,0
2026-08-21 04:00:00,4,0.0,0,4,4,21,8,0,0.8660254037844386,0.5000000000000001,-0.433883739117558,-0.9009688679024191,0.0,0.0,0.0,0.0,1.3295833333333333,0.0,13.93782217350893,70.39230484541326,0
2026-08-21 05:00:00,4,0.0,0,5,4,21,8,0,0.9659258262890683,0.25881904510252074,-0.433883739117558,-0.9009688679024191,0.0,0.0,0.0,0.0,1.3295833333333333,0.0,15.050252531694168,68.48528137423857,0
2026-08-21 06:00:00,4,0.0,0,6,4,21,8,0,1.0,6.123233995736766e-17,-0.433883739117558,-0.9009688679024191,0.0,0.0,0.0,0.0,1.3295833333333333,0.0,16.5,66.0,0
2026-08-21 07:00:00,4,0.0,0,7,4,21,8,0,0.9659258262890683,-0.25881904510252063,-0.433883739117558,-0.9009688679024191,0.0,0.0,0.0,0.0,1.3295833333333333,0.0,18.188266684282354,63.10582854123025,0
2026-08-21 08:00:00,4,0.0,0,8,4,21,8,0,0.8660254037844387,-0.4999999999999998,-0.433883739117558,-0.9009688679024191,0.0,0.0,0.0,0.0,1.3295833333333333,0.0,20.0,60.0,0
2026-08-21 09:00:00,4,0.0,0,9,4,21,8,0,0.7071067811865476,-0.7071067811865475,-0.433883739117558,-0.9009688679024191,0.0,0.0,0.0,0.0,1.3295833333333333,0.0,21.811733315717646,56.89417145876975,0
2026-08-21 10:00:00,4,0.0,0,10,4,21,8,0,0.49999999999999994,-0.8660254037844387,-0.433883739117558,-0.9009688679024191,0.0,0.0,0.0,0.0,1.3295833333333333,0.0,23.5,54.0,0
2026-08-21 11:00:00,4,0.0,0,11,4,21,8,0,0.258819045102521,-0.9659258262890682,-0.433883739117558,-0.9009688679024191,0.0,0.0,0.0,0.0,1.3295833333333333,0.0,24.94974746830583,51.51471862576143,0
2026-08-21 12:00:00,4,0.0,0,12,4,21,8,0,1.2246467991473532e-16,-1.0,-0.433883739117558,-0.9009688679024191,0.0,0.0,0.0,0.0,1.3295833333333333,0.0,26.06217782649107,49.607695154586736,0
2026-08-21 13:00:00,4,0.0,0,13,4,21,8,0,-0.2588190451025208,-0.9659258262890683,-0.433883739117558,-0.9009688679024191,0.0,31.91,0.0,0.0,1.3295833333333333,0.0,26.761480784023476,48.40889008453118,0
2026-08-21 14:00:00,4,0.0,0,14,4,21,8,0,-0.4999999999999997,-0.8660254037844388,-0.433883739117558,-0.9009688679024191,0.0,0.0,0.0,0.0,0.0,0.0,27.0,48.0,0
2026-08-21 15:00:00,4,0.0,0,15,4,21,8,0,-0.7071067811865471,-0.7071067811865479,-0.433883739117558,-0.9009688679024191,0.0,0.0,0.0,0.0,0.0,0.0,26.761480784023476,48.40889008453118,0
2026-08-21 16:00:00,4,0.0,0,16,4,21,8,0,-0.8660254037844384,-0.5000000000000004,-0.433883739117558,-0.9009688679024191,0.0,0.0,0.0,0.0,0.0,0.0,26.062177826491073,49.607695154586736,0
2026-08-21 17:00:00,4,0.0,0,17,4,21,8,0,-0.9659258262890683,-0.25881904510252063,-0.433883739117558,-0.9009688679024191,0.0,0.0,0.0,0.0,0.0,0.0,24.949747468305834,51.51471862576143,0
2026-08-21 18:00:00,4,0.0,0,18,4,21,8,0,-1.0,-1.8369701987210297e-16,-0.433883739117558,-0.9009688679024191,0.0,0.0,0.0,0.0,0.0,0.0,23.5,54.0,0
2026-08-21 19:00:00,4,0.0,0,19,4,21,8,0,-0.9659258262890684,0.2588190451025203,-0.433883739117558,-0.9009688679024191,0.0,0.0,0.0,0.0,0.0,0.0,21.811733315717646,56.89417145876975,0
2026-08-21 20:00:00,4,0.0,0,20,4,21,8,0,-0.8660254037844386,0.5000000000000001,-0.433883739117558,-0.9009688679024191,0.0,0.0,0.0,0.0,0.0,0.0,20.0,60.0,0
2026-08-21 21:00:00,4,0.0,0,21,4,21,8,0,-0.7071067811865477,0.7071067811865474,-0.433883739117558,-0.9009688679024191,0.0,0.0,0.0,0.0,0.0,0.0,18.188266684282354,63.10582854123025,0
2026-08-21 22:00:00,4,0.0,0,22,4,21,8,0,-0.5000000000000004,0.8660254037844384,-0.433883739117558,-0.9009688679024191,0.0,0.0,0.0,0.0,0.0,0.0,16.5,66.0,0
2026-08-21 23:00:00,4,0.0,0,23,4,21,8,0,-0.25881904510252157,0.9659258262890681,-0.433883739117558,-0.9009688679024191,0.0,0.0,0.0,0.0,0.0,0.0,15.05025253169417,68.48528137423857,0
2026-08-22 00:00:00,4,0.0,0,0,5,22,8,1,0.0,1.0,-0.9749279121818236,-0.2225209339563146,0.0,0.0,0.0,0.0,0.0,0.0,13.937822173508929,70.39230484541326,0
2026-08-22 01:00:00,4,0.0,0,1,5,22,8,1,0.25881904510252074,0.9659258262890683,-0.9749279121818236,-0.2225209339563146,0.0,0.0,0.0,0.0,0.0,0.0,13.238519215976522,71.59110991546882,0
2026-08-22 02:00:00,4,0.0,0,2,5,22,8,1,0.49999999999999994,0.8660254037844387,-0.9749279121818236,-0.2225209339563146,0.0,0.0,0.0,0.0,0.0,0.0,13.0,72.0,0
2026-08-22 03:00:00,4,0.0,0,3,5,22,8,1,0.7071067811865475,0.7071067811865476,-0.9749279121818236,-0.2225209339563146,0.0,0.0,0.0,0.0,0.0,0.0,13.238519215976522,71.59110991546882,0
2026-08-22 04:00:00,4,0.0,0,4,5,22,8,1,0.8660254037844386,0.5000000000000001,-0.9749279121818236,-0.2225209339563146,0.0,0.0,0.0,0.0,0.0,0.0,13.93782217350893,70.39230484541326,0
2026-08-22 05:00:00,4,0.0,0,5,5,22,8,1,0.9659258262890683,0.25881904510252074,-0.9749279121818236,-0.2225209339563146,0.0,0.0,0.0,0.0,0.0,0.0,15.050252531694168,68.48528137423857,0
2026-08-22 06:00:00,4,0.0,0,6,5,22,8,1,1.0,6.123233995736766e-17,-0.9749279121818236,-0.2225209339563146,0.0,0.0,0.0,0.0,0.0,0.0,16.5,66.0,0
2026-08-22 07:00:00,4,0.0,0,7,5,22,8,1,0.9659258262890683,-0.25881904510252063,-0.9749279121818236,-0.2225209339563146,0.0,0.0,42.55,0.0,0.0,0.0,18.188266684282354,63.10582854123025,0
2026-08-22 08:00:00,4,0.0,0,8,5,22,8,1,0.8660254037844387,-0.4999999999999998,-0.9749279121818236,-0.2225209339563146,0.0,0.0,0.0,0.0,0.0,0.0,20.0,60.0,0
2026-08-22 09:00:00,4,0.0,0,9,5,22,8,1,0.7071067811865476,-0.7071067811865475,-0.9749279121818236,-0.2225209339563146,0.0,0.0,0.0,0.0,0.0,0.0,21.811733315717646,56.89417145876975,0
2026-08-22 10:00:00,4,0.0,0,10,5,22,8,1,0.49999999999999994,-0.8660254037844387,-0.9749279121818236,-0.2225209339563146,0.0,0.0,0.0,0.0,0.0,0.0,23.5,54.0,0
2026-08-22 11:00:00,4,0.0,0,11,5,22,8,1,0.258819045102521,-0.9659258262890682,-0.9749279121818236,-0.2225209339563146,0.0,0.0,0.0,0.0,0.0,0.0,24.94974746830583,51.51471862576143,0
2026-08-22 12:00:00,4,0.0,0,12,5,22,8,1,1.2246467991473532e-16,-1.0,-0.9749279121818236,-0.2225209339563146,0.0,0.0,0.0,0.0,0.0,0.0,26.06217782649107,49.607695154586736,0
2026-08-22 13:00:00,4,0.0,0,13,5,22,8,1,-0.2588190451025208,-0.9659258262890683,-0.9749279121818236,-0.2225209339563146,0.0,0.0,0.0,0.0,0.0,0.0,26.761480784023476,48.40889008453118,0
2026-08-22 14:00:00,4,0.0,0,14,5,22,8,1,-0.4999999999999997,-0.8660254037844388,-0.9749279121818236,-0.2225209339563146,0.0,0.0,0.0,0.0,0.0,0.0,27.0,48.0,0
2026-08-22 15:00:00,4,0.0,0,15,5,22,8,1,-0.7071067811865471,-0.7071067811865479,-0.9749279121818236,-0.2225209339563146,0.0,0.0,0.0,0.0,0.0,0.0,26.761480784023476,48.40889008453118,0
2026-08-22 16:00:00,4,0.0,0,16,5,22,8,1,-0.8660254037844384,-0.5000000000000004,-0.9749279121818236,-0.2225209339563146,0.0,0.0,0.0,0.0,0.0,0.0,26.062177826491073,49.607695154586736,0
2026-08-22 17:00:00,4,0.0,0,17,5,22,8,1,-0.9659258262890683,-0.25881904510252063,-0.9749279121818236,-0.2225209339563146,0.0,0.0,0.0,0.0,0.0,0.0,24.949747468305834,51.51471862576143,0
2026-08-22 18:00:00,4,0.0,0,18,5,22,8,1,-1.0,-1.8369701987210297e-16,-0.9749279121818236,-0.2225209339563146,0.0,0.0,0.0,0.0,0.0,0.0,23.5,54.0,0
2026-08-22 19:00:00,4,0.0,0,19,5,22,8,1,-0.9659258262890684,0.2588190451025203,-0.9749279121818236,-0.2225209339563146,0.0,0.0,0.0,0.0,0.0,0.0,21.811733315717646,56.89417145876975,0
2026-08-22 20:00:00,4,0.0,0,20,5,22,8,1,-0.8660254037844386,0.5000000000000001,-0.9749279121818236,-0.2225209339563146,0.0,0.0,0.0,0.0,0.0,0.0,20.0,60.0,0
2026-08-22 21:00:00,4,0.0,0,21,5,22,8,1,-0.7071067811865477,0.7071067811865474,-0.9749279121818236,-0.2225209339563146,0.0,0.0,0.0,0.0,0.0,0.0,18.188266684282354,63.10582854123025,0
2026-08-22 22:00:00,4,0.0,0,22,5,22,8,1,-0.5000000000000004,0.8660254037844384,-0.9749279121818236,-0.2225209339563146,0.0,0.0,0.0,0.0,0.0,0.0,16.5,66.0,0
2026-08-22 23:00:00,4,0.0,0,23,5,22,8,1,-0.25881904510252157,0.9659258262890681,-0.9749279121818236,-0.2225209339563146,0.0,0.0,0.0,0.0,0.0,0.0,15.05025253169417,68.48528137423857,0
2026-08-23 00:00:00,4,0.0,0,0,6,23,8,1,0.0,1.0,-0.7818314824680299,0.6234898018587334,0.0,0.0,0.0,0.0,0.0,0.0,13.937822173508929,70.39230484541326,1
2026-08-23 01:00:00,4,0.0,0,1,6,23,8,1,0.25881904510252074,0.9659258262890683,-0.7818314824680299,0.6234898018587334,0.0,0.0,0.0,0.0,0.0,0.0,13.238519215976522,71.59110991546882,1
2026-08-23 02:00:00,4,0.0,0,2,6,23,8,1,0.49999999999999994,0.8660254037844387,-0.7818314824680299,0.6234898018587334,0.0,0.0,0.0,0.0,0.0,0.0,13.0,72.0,1
2026-08-23 03:00:00,4,0.0,0,3,6,23,8,1,0.7071067811865475,0.7071067811865476,-0.7818314824680299,0.6234898018587334,0.0,0.0,0.0,0.0,0.0,0.0,13.238519215976522,71.59110991546882,1
2026-08-23 04:00:00,4,0.0,0,4,6,23,8,1,0.8660254037844386,0.5000000000000001,-0.7818314824680299,0.6234898018587334,0.0,0.0,0.0,0.0,0.0,0.0,13.93782217350893,70.39230484541326,1
2026-08-23 05:00:00,4,0.0,0,5,6,23,8,1,0.9659258262890683,0.25881904510252074,-0.7818314824680299,0.6234898018587334,0.0,0.0,0.0,0.0,0.0,0.0,15.050252531694168,68.48528137423857,1
2026-08-23 06:00:00,4,0.0,0,6,6,23,8,1,1.0,6.123233995736766e-17,-0.7818314824680299,0.6234898018587334,0.0,0.0,0.0,0.0,0.0,0.0,16.5,66.0,1
2026-08-23 07:00:00,4,0.0,0,7,6,23,8,1,0.9659258262890683,-0.25881904510252063,-0.7818314824680299,0.6234898018587334,0.0,0.0,0.0,0.0,0.0,0.0,18.188266684282354,63.10582854123025,1
2026-08-23 08:00:00,4,0.0,0,8,6,23,8,1,0.8660254037844387,-0.4999999999999998,-0.7818314824680299,0.6234898018587334,0.0,0.0,0.0,0.0,0.0,0.0,20.0,60.0,1
2026-08-23 09:00:00,4,0.0,0,9,6,23,8,1,0.7071067811865476,-0.7071067811865475,-0.7818314824680299,0.6234898018587334,0.0,0.0,0.0,0.0,0.0,0.0,21.811733315717646,56.89417145876975,1
2026-08-23 10:00:00,4,0.0,0,10,6,23,8,1,0.49999999999999994,-0.8660254037844387,-0.7818314824680299,0.6234898018587334,0.0,0.0,0.0,0.0,0.0,0.0,23.5,54.0,1
2026-08-23 11:00:00,4,0.0,0,11,6,23,8,1,0.258819045102521,-0.9659258262890682,-0.7818314824680299,0.6234898018587334,0.0,0.0,0.0,0.0,0.0,0.0,24.94974746830583,51.51471862576143,1
2026-08-23 12:00:00,4,0.0,0,12,6,23,8,1,1.2246467991473532e-16,-1.0,-0.7818314824680299,0.6234898018587334,0.0,0.0,0.0,0.0,0.0,0.0,26.06217782649107,49.607695154586736,1
2026-08-23 13:00:00,4,0.0,0,13,6,23,8,1,-0.2588190451025208,-0.9659258262890683,-0.7818314824680299,0.6234898018587334,0.0,0.0,0.0,0.0,0.0,0.0,26.761480784023476,48.40889008453118,1
2026-08-23 14:00:00,4,0.0,0,14,6,23,8,1,-0.4999999999999997,-0.8660254037844388,-0.7818314824680299,0.6234898018587334,0.0,0.0,30.7,0.0,0.0,0.0,27.0,48.0,1
2026-08-23 15:00:00,4,0.0,0,15,6,23,8,1,-0.7071067811865471,-0.7071067811865479,-0.7818314824680299,0.6234898018587334,0.0,0.0,0.0,0.0,0.0,0.0,26.761480784023476,48.40889008453118,1
2026-08-23 16:00:00,4,0.0,0,16,6,23,8,1,-0.8660254037844384,-0.5000000000000004,-0.7818314824680299,0.6234898018587334,0.0,0.0,0.0,0.0,0.0,0.0,26.062177826491073,49.607695154586736,1
2026-08-23 17:00:00,4,0.0,0,17,6,23,8,1,-0.9659258262890683,-0.25881904510252063,-0.7818314824680299,0.6234898018587334,0.0,0.0,0.0,0.0,0.0,0.0,24.949747468305834,51.51471862576143,1
2026-08-23 18:00:00,4,0.0,0,18,6,23,8,1,-1.0,-1.8369701987210297e-16,-0.7818314824680299,0.6234898018587334,0.0,0.0,0.0,0.0,0.0,0.0,23.5,54.0,1
2026-08-23 19:00:00,4,0.0,0,19,6,23,8,1,-0.9659258262890684,0.2588190451025203,-0.7818314824680299,0.6234898018587334,0.0,0.0,0.0,0.0,0.0,0.0,21.811733315717646,56.89417145876975,1
2026-08-23 20:00:00,4,0.0,0,20,6,23,8,1,-0.8660254037844386,0.5000000000000001,-0.7818314824680299,0.6234898018587334,0.0,0.0,0.0,0.0,0.0,0.0,20.0,60.0,1
2026-08-23 21:00:00,4,0.0,0,21,6,23,8,1,-0.7071067811865477,0.7071067811865474,-0.7818314824680299,0.6234898018587334,0.0,0.0,0.0,0.0,0.0,0.0,18.188266684282354,63.10582854123025,1
2026-08-23 22:00:00,4,0.0,0,22,6,23,8,1,-0.5000000000000004,0.8660254037844384,-0.7818314824680299,0.6234898018587334,0.0,0.0,0.0,0.0,0.0,0.0,16.5,66.0,1
2026-08-23 23:00:00,4,0.0,0,23,6,23,8,1,-0.25881904510252157,0.9659258262890681,-0.7818314824680299,0.6234898018587334,0.0,0.0,0.0,0.0,0.0,0.0,15.05025253169417,68.48528137423857,1
2026-08-24 00:00:00,4,0.0,0,0,0,24,8,0,0.0,1.0,0.0,1.0,0.0,0.0,0.0,0.0,0.0,0.0,13.937822173508929,70.39230484541326,0
2026-08-24 01:00:00,4,0.0,0,1,0,24,8,0,0.25881904510252074,0.9659258262890683,0.0,1.0,0.0,0.0,0.0,0.0,0.0,0.0,13.238519215976522,71.59110991546882,0
2026-08-24 02:00:00,4,0.0,0,2,0,24,8,0,0.49999999999999994,0.8660254037844387,0.0,1.0,0.0,0.0,0.0,0.0,0.0,0.0,13.0,72.0,0
2026-08-24 03:00:00,4,0.0,0,3,0,24,8,0,0.7071067811865475,0.7071067811865476,0.0,1.0,0.0,0.0,0.0,0.0,0.0,0.0,13.238519215976522,71.59110991546882,0
2026-08-24 04:00:00,4,0.0,0,4,0,24,8,0,0.8660254037844386,0.5000000000000001,0.0,1.0,0.0,0.0,0.0,0.0,0.0,0.0,13.93782217350893,70.39230484541326,0
2026-08-24 05:00:00,4,0.0,0,5,0,24,8,0,0.9659258262890683,0.25881904510252074,0.0,1.0,0.0,0.0,0.0,0.0,0.0,0.0,15.050252531694168,68.48528137423857,0
2026-08-24 06:00:00,4,0.0,0,6,0,24,8,0,1.0,6.123233995736766e-17,0.0,1.0,0.0,0.0,0.0,0.0,0.0,0.0,16.5,66.0,0
2026-08-24 07:00:00,4,0.0,0,7,0,24,8,0,0.9659258262890683,-0.25881904510252063,0.0,1.0,0.0,0.0,0.0,0.0,0.0,0.0,18.188266684282354,63.10582854123025,0
2026-08-24 08:00:00,4,0.0,0,8,0,24,8,0,0.8660254037844387,-0.4999999999999998,0.0,1.0,0.0,0.0,0.0,0.0,0.0,0.0,20.0,60.0,0
2026-08-24 09:00:00,4,0.0,0,9,0,24,8,0,0.7071067811865476,-0.7071067811865475,0.0,1.0,0.0,0.0,0.0,0.0,0.0,0.0,21.811733315717646,56.89417145876975,0
2026-08-24 10:00:00,4,0.0,0,10,0,24,8,0,0.49999999999999994,-0.8660254037844387,0.0,1.0,0.0,0.0,0.0,0.0,0.0,0.0,23.5,54.0,0
2026-08-24 11:00:00,4,0.0,0,11,0,24,8,0,0.258819045102521,-0.9659258262890682,0.0,1.0,0.0,0.0,0.0,0.0,0.0,0.0,24.94974746830583,51.51471862576143,0
2026-08-24 12:00:00,4,0.0,0,12,0,24,8,0,1.2246467991473532e-16,-1.0,0.0,1.0,0.0,0.0,0.0,0.0,0.0,0.0,26.06217782649107,49.607695154586736,0
2026-08-24 13:00:00,4,0.0,0,13,0,24,8,0,-0.2588190451025208,-0.9659258262890683,0.0,1.0,0.0,0.0,0.0,0.0,0.0,0.0,26.761480784023476,48.40889008453118,0
2026-08-24 14:00:00,4,0.0,0,14,0,24,8,0,-0.4999999999999997,-0.8660254037844388,0.0,1.0,0.0,0.0,0.0,0.0,0.0,0.0,27.0,48.0,0
2026-08-24 15:00:00,4,0.0,0,15,0,24,8,0,-0.7071067811865471,-0.7071067811865479,0.0,1.0,0.0,0.0,0.0,0.0,0.0,0.0,26.761480784023476,48.40889008453118,0
2026-08-24 16:00:00,4,0.0,0,16,0,24,8,0,-0.8660254037844384,-0.5000000000000004,0.0,1.0,0.0,0.0,22.65,0.0,0.0,0.0,26.062177826491073,49.607695154586736,0
2026-08-24 17:00:00,4,0.0,0,17,0,24,8,0,-0.9659258262890683,-0.25881904510252063,0.0,1.0,0.0,0.0,0.0,0.0,0.0,0.0,24.949747468305834,51.51471862576143,0
2026-08-24 18:00:00,4,0.0,0,18,0,24,8,0,-1.0,-1.8369701987210297e-16,0.0,1.0,0.0,0.0,0.0,0.0,0.0,0.0,23.5,54.0,0
2026-08-24 19:00:00,4,0.0,0,19,0,24,8,0,-0.9659258262890684,0.2588190451025203,0.0,1.0,0.0,0.0,0.0,0.0,0.0,0.0,21.811733315717646,56.89417145876975,0
2026-08-24 20:00:00,4,0.0,0,20,0,24,8,0,-0.8660254037844386,0.5000000000000001,0.0,1.0,0.0,0.0,31.71,0.0,0.0,0.0,20.0,60.0,0
2026-08-24 21:00:00,4,0.0,0,21,0,24,8,0,-0.7071067811865477,0.7071067811865474,0.0,1.0,0.0,0.0,0.0,0.0,0.0,0.0,18.188266684282354,63.10582854123025,0
2026-08-24 22:00:00,4,0.0,0,22,0,24,8,0,-0.5000000000000004,0.8660254037844384,0.0,1.0,0.0,0.0,0.0,0.0,0.0,0.0,16.5,66.0,0
2026-08-24 23:00:00,4,0.0,0,23,0,24,8,0,-0.25881904510252157,0.9659258262890681,0.0,1.0,0.0,0.0,0.0,0.0,0.0,0.0,15.05025253169417,68.48528137423857,0
2026-08-25 00:00:00,4,0.0,0,0,1,25,8,0,0.0,1.0,0.7818314824680298,0.6234898018587336,0.0,0.0,0.0,0.0,0.0,0.0,13.937822173508929,70.39230484541326,0
2026-08-25 01:00:00,4,0.0,0,1,1,25,8,0,0.25881904510252074,0.9659258262890683,0.7818314824680298,0.6234898018587336,0.0,0.0,0.0,0.0,0.0,0.0,13.238519215976522,71.59110991546882,0
2026-08-25 02:00:00,4,0.0,0,2,1,25,8,0,0.49999999999999994,0.8660254037844387,0.7818314824680298,0.6234898018587336,0.0,0.0,0.0,0.0,0.0,0.0,13.0,72.0,0
2026-08-25 03:00:00,4,0.0,0,3,1,25,8,0,0.7071067811865475,0.7071067811865476,0.7818314824680298,0.6234898018587336,0.0,0.0,0.0,0.0,0.0,0.0,13.238519215976522,71.59110991546882,0
2026-08-25 04:00:00,4,0.0,0,4,1,25,8,0,0.8660254037844386,0.5000000000000001,0.7818314824680298,0.6234898018587336,0.0,0.0,0.0,0.0,0.0,0.0,13.93782217350893,70.39230484541326,0
2026-08-25 05:00:00,4,0.0,0,5,1,25,8,0,0.9659258262890683,0.25881904510252074,0.7818314824680298,0.6234898018587336,0.0,0.0,0.0,0.0,0.0,0.0,15.050252531694168,68.48528137423857,0
2026-08-25 06:00:00,4,0.0,0,6,1,25,8,0,1.0,6.123233995736766e-17,0.7818314824680298,0.6234898018587336,0.0,0.0,0.0,0.0,0.0,0.0,16.5,66.0,0
2026-08-25 07:00:00,4,0.0,0,7,1,25,8,0,0.9659258262890683,-0.25881904510252063,0.7818314824680298,0.6234898018587336,0.0,0.0,0.0,0.0,0.0,0.0,18.188266684282354,63.10582854123025,0
2026-08-25 08:00:00,4,0.0,0,8,1,25,8,0,0.8660254037844387,-0.4999999999999998,0.7818314824680298,0.6234898018587336,0.0,0.0,0.0,0.0,0.0,0.0,20.0,60.0,0
2026-08-25 09:00:00,4,0.0,0,9,1,25,8,0,0.7071067811865476,-0.7071067811865475,0.7818314824680298,0.6234898018587336,0.0,0.0,0.0,0.0,0.0,0.0,21.811733315717646,56.89417145876975,0
2026-08-25 10:00:00,4,0.0,0,10,1,25,8,0,0.49999999999999994,-0.8660254037844387,0.7818314824680298,0.6234898018587336,0.0,0.0,0.0,0.0,0.0,0.0,23.5,54.0,0
2026-08-25 11:00:00,4,0.0,0,11,1,25,8,0,0.258819045102521,-0.9659258262890682,0.7818314824680298,0.6234898018587336,0.0,0.0,0.0,0.0,0.0,0.0,24.94974746830583,51.51471862576143,0
2026-08-25 12:00:00,4,0.0,0,12,1,25,8,0,1.2246467991473532e-16,-1.0,0.7818314824680298,0.6234898018587336,0.0,0.0,0.0,0.0,0.0,0.0,26.06217782649107,49.607695154586736,0
2026-08-25 13:00:00,4,0.0,0,13,1,25,8,0,-0.2588190451025208,-0.9659258262890683,0.7818314824680298,0.6234898018587336,0.0,0.0,0.0,0.0,0.0,0.0,26.761480784023476,48.40889008453118,0
2026-08-25 14:00:00,4,0.0,0,14,1,25,8,0,-0.4999999999999997,-0.8660254037844388,0.7818314824680298,0.6234898018587336,0.0,0.0,0.0,0.0,0.0,0.0,27.0,48.0,0
2026-08-25 15:00:00,4,0.0,0,15,1,25,8,0,-0.7071067811865471,-0.7071067811865479,0.7818314824680298,0.6234898018587336,0.0,0.0,0.0,0.0,0.0,0.0,26.761480784023476,48.40889008453118,0
2026-08-25 16:00:00,4,0.0,0,16,1,25,8,0,-0.8660254037844384,-0.5000000000000004,0.7818314824680298,0.6234898018587336,0.0,0.0,0.0,0.0,0.0,0.0,26.062177826491073,49.607695154586736,0
2026-08-25 17:00:00,4,0.0,0,17,1,25,8,0,-0.9659258262890683,-0.25881904510252063,0.7818314824680298,0.6234898018587336,0.0,0.0,0.0,0.0,0.0,0.0,24.949747468305834,51.51471862576143,0
2026-08-25 18:00:00,4,0.0,0,18,1,25,8,0,-1.0,-1.8369701987210297e-16,0.7818314824680298,0.6234898018587336,0.0,0.0,0.0,0.0,0.0,0.0,23.5,54.0,0
2026-08-25 19:00:00,4,0.0,0,19,1,25,8,0,-0.9659258262890684,0.2588190451025203,0.7818314824680298,0.6234898018587336,0.0,0.0,0.0,0.0,0.0,0.0,21.811733315717646,56.89417145876975,0
2026-08-25 20:00:00,4,0.0,0,20,1,25,8,0,-0.8660254037844386,0.5000000000000001,0.7818314824680298,0.6234898018587336,0.0,0.0,0.0,0.0,0.0,0.0,20.0,60.0,0
2026-08-25 21:00:00,4,19.57,1,21,1,25,8,0,-0.7071067811865477,0.7071067811865474,0.7818314824680298,0.6234898018587336,0.0,0.0,0.0,0.0,0.0,0.0,18.188266684282354,63.10582854123025,0
2026-08-25 22:00:00,4,0.0,0,22,1,25,8,0,-0.5000000000000004,0.8660254037844384,0.7818314824680298,0.6234898018587336,19.57,0.0,0.0,3.2616666666666667,0.8154166666666667,1.0,16.5,66.0,0
2026-08-25 23:00:00,4,0.0,0,23,1,25,8,0,-0.25881904510252157,0.9659258262890681,0.7818314824680298,0.6234898018587336,0.0,0.0,0.0,3.2616666666666667,0.8154166666666667,0.0,15.05025253169417,68.48528137423857,0
2026-08-26 00:00:00,4,0.0,0,0,2,26,8,0,0.0,1.0,0.9749279121818236,-0.22252093395631434,0.0,0.0,0.0,3.2616666666666667,0.8154166666666667,0.0,13.937822173508929,70.39230484541326,0
2026-08-26 01:00:00,4,0.0,0,1,2,26,8,0,0.25881904510252074,0.9659258262890683,0.9749279121818236,-0.22252093395631434,0.0,0.0,0.0,3.2616666666666667,0.8154166666666667,0.0,13.238519215976522,71.59110991546882,0
2026-08-26 02:00:00,4,0.0,0,2,2,26,8,0,0.49999999999999994,0.8660254037844387,0.9749279121818236,-0.22252093395631434,0.0,0.0,0.0,3.2616666666666667,0.8154166666666667,0.0,13.0,72.0,0
2026-08-26 03:00:00,4,0.0,0,3,2,26,8,0,0.7071067811865475,0.7071067811865476,0.9749279121818236,-0.22252093395631434,0.0,0.0,0.0,3.2616666666666667,0.8154166666666667,0.0,13.238519215976522,71.59110991546882,0
2026-08-26 04:00:00,4,0.0,0,4,2,26,8,0,0.8660254037844386,0.5000000000000001,0.9749279121818236,-0.22252093395631434,0.0,0.0,0.0,0.0,0.8154166666666667,0.0,13.93782217350893,70.39230484541326,0
2026-08-26 05:00:00,4,0.0,0,5,2,26,8,0,0.9659258262890683,0.25881904510252074,0.9749279121818236,-0.22252093395631434,0.0,0.0,0.0,0.0,0.8154166666666667,0.0,15.050252531694168,68.48528137423857,0
2026-08-26 06:00:00,4,0.0,0,6,2,26,8,0,1.0,6.123233995736766e-17,0.9749279121818236,-0.22252093395631434,0.0,0.0,0.0,0.0,0.8154166666666667,0.0,16.5,66.0,0
2026-08-26 07:00:00,4,0.0,0,7,2,26,8,0,0.9659258262890683,-0.25881904510252063,0.9749279121818236,-0.22252093395631434,0.0,0.0,0.0,0.0,0.8154166666666667,0.0,18.188266684282354,63.10582854123025,0
2026-08-26 08:00:00,4,0.0,0,8,2,26,8,0,0.8660254037844387,-0.4999999999999998,0.9749279121818236,-0.22252093395631434,0.0,0.0,0.0,0.0,0.8154166666666667,0.0,20.0,60.0,0
2026-08-26 09:00:00,4,0.0,0,9,2,26,8,0,0.7071067811865476,-0.7071067811865475,0.9749279121818236,-0.22252093395631434,0.0,0.0,0.0,0.0,0.8154166666666667,0.0,21.811733315717646,56.89417145876975,0
2026-08-26 10:00:00,4,0.0,0,10,2,26,8,0,0.49999999999999994,-0.8660254037844387,0.9749279121818236,-0.22252093395631434,0.0,0.0,0.0,0.0,0.8154166666666667,0.0,23.5,54.0,0
2026-08-26 11:00:00,4,0.0,0,11,2,26,8,0,0.258819045102521,-0.9659258262890682,0.9749279121818236,-0.22252093395631434,0.0,0.0,0.0,0.0,0.8154166666666667,0.0,24.94974746830583,51.51471862576143,0
2026-08-26 12:00:00,4,0.0,0,12,2,26,8,0,1.2246467991473532e-16,-1.0,0.9749279121818236,-0.22252093395631434,0.0,0.0,19.21,0.0,0.8154166666666667,0.0,26.06217782649107,49.607695154586736,0
2026-08-26 13:00:00,4,0.0,0,13,2,26,8,0,-0.2588190451025208,-0.9659258262890683,0.9749279121818236,-0.22252093395631434,0.0,0.0,0.0,0.0,0.8154166666666667,0.0,26.761480784023476,48.40889008453118,0
2026-08-26 14:00:00,4,0.0,0,14,2,26,8,0,-0.4999999999999997,-0.8660254037844388,0.9749279121818236,-0.22252093395631434,0.0,0.0,0.0,0.0,0.8154166666666667,0.0,27.0,48.0,0
2026-08-26 15:00:00,4,0.0,0,15,2,26,8,0,-0.7071067811865471,-0.7071067811865479,0.9749279121818236,-0.22252093395631434,0.0,0.0,0.0,0.0,0.8154166666666667,0.0,26.761480784023476,48.40889008453118,0
2026-08-26 16:00:00,4,0.0,0,16,2,26,8,0,-0.8660254037844384,-0.5000000000000004,0.9749279121818236,-0.22252093395631434,0.0,0.0,0.0,0.0,0.8154166666666667,0.0,26.062177826491073,49.607695154586736,0
2026-08-26 17:00:00,4,0.0,0,17,2,26,8,0,-0.9659258262890683,-0.25881904510252063,0.9749279121818236,-0.22252093395631434,0.0,0.0,0.0,0.0,0.8154166666666667,0.0,24.949747468305834,51.51471862576143,0
2026-08-26 18:00:00,4,0.0,0,18,2,26,8,0,-1.0,-1.8369701987210297e-16,0.9749279121818236,-0.22252093395631434,0.0,0.0,0.0,0.0,0.8154166666666667,0.0,23.5,54.0,0
2026-08-26 19:00:00,4,0.0,0,19,2,26,8,0,-0.9659258262890684,0.2588190451025203,0.9749279121818236,-0.22252093395631434,0.0,0.0,0.0,0.0,0.8154166666666667,0.0,21.811733315717646,56.89417145876975,0
2026-08-26 20:00:00,4,0.0,0,20,2,26,8,0,-0.8660254037844386,0.5000000000000001,0.9749279121818236,-0.22252093395631434,0.0,0.0,0.0,0.0,0.8154166666666667,0.0,20.0,60.0,0
2026-08-26 21:00:00,4,0.0,0,21,2,26,8,0,-0.7071067811865477,0.7071067811865474,0.9749279121818236,-0.22252093395631434,0.0,19.57,0.0,0.0,0.8154166666666667,0.0,18.188266684282354,63.10582854123025,0
2026-08-26 22:00:00,4,0.0,0,22,2,26,8,0,-0.5000000000000004,0.8660254037844384,0.9749279121818236,-0.22252093395631434,0.0,0.0,0.0,0.0,0.0,0.0,16.5,66.0,0
2026-08-26 23:00:00,4,0.0,0,23,2,26,8,0,-0.25881904510252157,0.9659258262890681,0.9749279121818236,-0.22252093395631434,0.0,0.0,0.0,0.0,0.0,0.0,15.05025253169417,68.48528137423857,0
2026-08-27 00:00:00,4,0.0,0,0,3,27,8,0,0.0,1.0,0.43388373911755823,-0.900968867902419,0.0,0.0,0.0,0.0,0.0,0.0,13.937822173508929,70.39230484541326,0
2026-08-27 01:00:00,4,0.0,0,1,3,27,8,0,0.25881904510252074,0.9659258262890683,0.43388373911755823,-0.900968867902419,0.0,0.0,0.0,0.0,0.0,0.0,13.238519215976522,71.59110991546882,0
2026-08-27 02:00:00,4,0.0,0,2,3,27,8,0,0.49999999999999994,0.8660254037844387,0.43388373911755823,-0.900968867902419,0.0,0.0,0.0,0.0,0.0,0.0,13.0,72.0,0
2026-08-27 03:00:00,4,0.0,0,3,3,27,8,0,0.7071067811865475,0.7071067811865476,0.43388373911755823,-0.900968867902419,0.0,0.0,0.0,0.0,0.0,0.0,13.238519215976522,71.59110991546882,0
2026-08-27 04:00:00,4,0.0,0,4,3,27,8,0,0.8660254037844386,0.5000000000000001,0.43388373911755823,-0.900968867902419,0.0,0.0,0.0,0.0,0.0,0.0,13.93782217350893,70.39230484541326,0
2026-08-27 05:00:00,4,0.0,0,5,3,27,8,0,0.9659258262890683,0.25881904510252074,0.43388373911755823,-0.900968867902419,0.0,0.0,0.0,0.0,0.0,0.0,15.050252531694168,68.48528137423857,0
2026-08-27 06:00:00,4,0.0,0,6,3,27,8,0,1.0,6.123233995736766e-17,0.43388373911755823,-0.900968867902419,0.0,0.0,0.0,0.0,0.0,0.0,16.5,66.0,0
2026-08-27 07:00:00,4,0.0,0,7,3,27,8,0,0.9659258262890683,-0.25881904510252063,0.43388373911755823,-0.900968867902419,0.0,0.0,0.0,0.0,0.0,0.0,18.188266684282354,63.10582854123025,0
2026-08-27 08:00:00,4,0.0,0,8,3,27,8,0,0.8660254037844387,-0.4999999999999998,0.43388373911755823,-0.900968867902419,0.0,0.0,0.0,0.0,0.0,0.0,20.0,60.0,0
2026-08-27 09:00:00,4,0.0,0,9,3,27,8,0,0.7071067811865476,-0.7071067811865475,0.43388373911755823,-0.900968867902419,0.0,0.0,0.0,0.0,0.0,0.0,21.811733315717646,56.89417145876975,0
2026-08-27 10:00:00,4,0.0,0,10,3,27,8,0,0.49999999999999994,-0.8660254037844387,0.43388373911755823,-0.900968867902419,0.0,0.0,0.0,0.0,0.0,0.0,23.5,54.0,0
2026-08-27 11:00:00,4,0.0,0,11,3,27,8,0,0.258819045102521,-0.9659258262890682,0.43388373911755823,-0.900968867902419,0.0,0.0,0.0,0.0,0.0,0.0,24.94974746830583,51.51471862576143,0
2026-08-27 12:00:00,4,0.0,0,12,3,27,8,0,1.2246467991473532e-16,-1.0,0.43388373911755823,-0.900968867902419,0.0,0.0,0.0,0.0,0.0,0.0,26.06217782649107,49.607695154586736,0
2026-08-27 13:00:00,4,0.0,0,13,3,27,8,0,-0.2588190451025208,-0.9659258262890683,0.43388373911755823,-0.900968867902419,0.0,0.0,31.91,0.0,0.0,0.0,26.761480784023476,48.40889008453118,0
2026-08-27 14:00:00,4,38.25,1,14,3,27,8,0,-0.4999999999999997,-0.8660254037844388,0.43388373911755823,-0.900968867902419,0.0,0.0,0.0,0.0,0.0,0.0,27.0,48.0,0
2026-08-27 15:00:00,4,0.0,0,15,3,27,8,0,-0.7071067811865471,-0.7071067811865479,0.43388373911755823,-0.900968867902419,38.25,0.0,0.0,6.375,1.59375,1.0,26.761480784023476,48.40889008453118,0
2026-08-27 16:00:00,4,0.0,0,16,3,27,8,0,-0.8660254037844384,-0.5000000000000004,0.43388373911755823,-0.900968867902419,0.0,0.0,0.0,6.375,1.59375,0.0,26.062177826491073,49.607695154586736,0
2026-08-27 17:00:00,4,0.0,0,17,3,27,8,0,-0.9659258262890683,-0.25881904510252063,0.43388373911755823,-0.900968867902419,0.0,0.0,0.0,6.375,1.59375,0.0,24.949747468305834,51.51471862576143,0
2026-08-27 18:00:00,4,0.0,0,18,3,27,8,0,-1.0,-1.8369701987210297e-16,0.43388373911755823,-0.900968867902419,0.0,0.0,0.0,6.375,1.59375,0.0,23.5,54.0,0
2026-08-27 19:00:00,4,0.0,0,19,3,27,8,0,-0.9659258262890684,0.2588190451025203,0.43388373911755823,-0.900968867902419,0.0,0.0,0.0,6.375,1.59375,0.0,21.811733315717646,56.89417145876975,0
2026-08-27 20:00:00,4,0.0,0,20,3,27,8,0,-0.8660254037844386,0.5000000000000001,0.43388373911755823,-0.900968867902419,0.0,0.0,0.0,6.375,1.59375,0.0,20.0,60.0,0
2026-08-27 21:00:00,4,0.0,0,21,3,27,8,0,-0.7071067811865477,0.7071067811865474,0.43388373911755823,-0.900968867902419,0.0,0.0,0.0,0.0,1.59375,0.0,18.188266684282354,63.10582854123025,0
2026-08-27 22:00:00,4,0.0,0,22,3,27,8,0,-0.5000000000000004,0.8660254037844384,0.43388373911755823,-0.900968867902419,0.0,0.0,0.0,0.0,1.59375,0.0,16.5,66.0,0
2026-08-27 23:00:00,4,0.0,0,23,3,27,8,0,-0.25881904510252157,0.9659258262890681,0.43388373911755823,-0.900968867902419,0.0,0.0,0.0,0.0,1.59375,0.0,15.05025253169417,68.48528137423857,0
2026-08-28 00:00:00,4,0.0,0,0,4,28,8,0,0.0,1.0,-0.433883739117558,-0.9009688679024191,0.0,0.0,0.0,0.0,1.59375,0.0,13.937822173508929,70.39230484541326,0
2026-08-28 01:00:00,4,0.0,0,1,4,28,8,0,0.25881904510252074,0.9659258262890683,-0.433883739117558,-0.9009688679024191,0.0,0.0,0.0,0.0,1.59375,0.0,13.238519215976522,71.59110991546882,0
2026-08-28 02:00:00,4,0.0,0,2,4,28,8,0,0.49999999999999994,0.8660254037844387,-0.433883739117558,-0.9009688679024191,0.0,0.0,0.0,0.0,1.59375,0.0,13.0,72.0,0
2026-08-28 03:00:00,4,0.0,0,3,4,28,8,0,0.7071067811865475,0.7071067811865476,-0.433883739117558,-0.9009688679024191,0.0,0.0,0.0,0.0,1.59375,0.0,13.238519215976522,71.59110991546882,0
2026-08-28 04:00:00,4,0.0,0,4,4,28,8,0,0.8660254037844386,0.5000000000000001,-0.433883739117558,-0.9009688679024191,0.0,0.0,0.0,0.0,1.59375,0.0,13.93782217350893,70.39230484541326,0
2026-08-28 05:00:00,4,0.0,0,5,4,28,8,0,0.9659258262890683,0.25881904510252074,-0.433883739117558,-0.9009688679024191,0.0,0.0,0.0,0.0,1.59375,0.0,15.050252531694168,68.48528137423857,0
2026-08-28 06:00:00,4,0.0,0,6,4,28,8,0,1.0,6.123233995736766e-17,-0.433883739117558,-0.9009688679024191,0.0,0.0,0.0,0.0,1.59375,0.0,16.5,66.0,0
2026-08-28 07:00:00,4,0.0,0,7,4,28,8,0,0.9659258262890683,-0.25881904510252063,-0.433883739117558,-0.9009688679024191,0.0,0.0,0.0,0.0,1.59375,0.0,18.188266684282354,63.10582854123025,0
2026-08-28 08:00:00,4,0.0,0,8,4,28,8,0,0.8660254037844387,-0.4999999999999998,-0.433883739117558,-0.9009688679024191,0.0,0.0,0.0,0.0,1.59375,0.0,20.0,60.0,0
2026-08-28 09:00:00,4,0.0,0,9,4,28,8,0,0.7071067811865476,-0.7071067811865475,-0.433883739117558,-0.9009688679024191,0.0,0.0,0.0,0.0,1.59375,0.0,21.811733315717646,56.89417145876975,0
2026-08-28 10:00:00,4,0.0,0,10,4,28,8,0,0.49999999999999994,-0.8660254037844387,-0.433883739117558,-0.9009688679024191,0.0,0.0,0.0,0.0,1.59375,0.0,23.5,54.0,0
2026-08-28 11:00:00,4,0.0,0,11,4,28,8,0,0.258819045102521,-0.9659258262890682,-0.433883739117558,-0.9009688679024191,0.0,0.0,0.0,0.0,1.59375,0.0,24.94974746830583,51.51471862576143,0
2026-08-28 12:00:00,4,0.0,0,12,4,28,8,0,1.2246467991473532e-16,-1.0,-0.433883739117558,-0.9009688679024191,0.0,0.0,0.0,0.0,1.59375,0.0,26.06217782649107,49.607695154586736,0
2026-08-28 13:00:00,4,0.0,0,13,4,28,8,0,-0.2588190451025208,-0.9659258262890683,-0.433883739117558,-0.9009688679024191,0.0,0.0,0.0,0.0,1.59375,0.0,26.761480784023476,48.40889008453118,0
2026-08-28 14:00:00,4,0.0,0,14,4,28,8,0,-0.4999999999999997,-0.8660254037844388,-0.433883739117558,-0.9009688679024191,0.0,38.25,0.0,0.0,1.59375,0.0,27.0,48.0,0
2026-08-28 15:00:00,4,0.0,0,15,4,28,8,0,-0.7071067811865471,-0.7071067811865479,-0.433883739117558,-0.9009688679024191,0.0,0.0,0.0,0.0,0.0,0.0,26.761480784023476,48.40889008453118,0
2026-08-28 16:00:00,4,0.0,0,16,4,28,8,0,-0.8660254037844384,-0.5000000000000004,-0.433883739117558,-0.9009688679024191,0.0,0.0,0.0,0.0,0.0,0.0,26.062177826491073,49.607695154586736,0
2026-08-28 17:00:00,4,0.0,0,17,4,28,8,0,-0.9659258262890683,-0.25881904510252063,-0.433883739117558,-0.9009688679024191,0.0,0.0,0.0,0.0,0.0,0.0,24.949747468305834,51.51471862576143,0
2026-08-28 18:00:00,4,0.0,0,18,4,28,8,0,-1.0,-1.8369701987210297e-16,-0.433883739117558,-0.9009688679024191,0.0,0.0,0.0,0.0,0.0,0.0,23.5,54.0,0
2026-08-28 19:00:00,4,0.0,0,19,4,28,8,0,-0.9659258262890684,0.2588190451025203,-0.433883739117558,-0.9009688679024191,0.0,0.0,0.0,0.0,0.0,0.0,21.811733315717646,56.89417145876975,0
2026-08-28 20:00:00,4,0.0,0,20,4,28,8,0,-0.8660254037844386,0.5000000000000001,-0.433883739117558,-0.9009688679024191,0.0,0.0,0.0,0.0,0.0,0.0,20.0,60.0,0
2026-08-28 21:00:00,4,0.0,0,21,4,28,8,0,-0.7071067811865477,0.7071067811865474,-0.433883739117558,-0.9009688679024191,0.0,0.0,0.0,0.0,0.0,0.0,18.188266684282354,63.10582854123025,0
2026-08-28 22:00:00,4,0.0,0,22,4,28,8,0,-0.5000000000000004,0.8660254037844384,-0.433883739117558,-0.9009688679024191,0.0,0.0,0.0,0.0,0.0,0.0,16.5,66.0,0
2026-08-28 23:00:00,4,0.0,0,23,4,28,8,0,-0.25881904510252157,0.9659258262890681,-0.433883739117558,-0.9009688679024191,0.0,0.0,0.0,0.0,0.0,0.0,15.05025253169417,68.48528137423857,0
2026-08-29 00:00:00,4,0.0,0,0,5,29,8,1,0.0,1.0,-0.9749279121818236,-0.2225209339563146,0.0,0.0,0.0,0.0,0.0,0.0,13.937822173508929,70.39230484541326,0
2026-08-29 01:00:00,4,0.0,0,1,5,29,8,1,0.25881904510252074,0.9659258262890683,-0.9749279121818236,-0.2225209339563146,0.0,0.0,0.0,0.0,0.0,0.0,13.238519215976522,71.59110991546882,0
2026-08-29 02:00:00,4,0.0,0,2,5,29,8,1,0.49999999999999994,0.8660254037844387,-0.9749279121818236,-0.2225209339563146,0.0,0.0,0.0,0.0,0.0,0.0,13.0,72.0,0
2026-08-29 03:00:00,4,0.0,0,3,5,29,8,1,0.7071067811865475,0.7071067811865476,-0.9749279121818236,-0.2225209339563146,0.0,0.0,0.0,0.0,0.0,0.0,13.238519215976522,71.59110991546882,0
2026-08-29 04:00:00,4,0.0,0,4,5,29,8,1,0.8660254037844386,0.5000000000000001,-0.9749279121818236,-0.2225209339563146,0.0,0.0,0.0,0.0,0.0,0.0,13.93782217350893,70.39230484541326,0
2026-08-29 05:00:00,4,0.0,0,5,5,29,8,1,0.9659258262890683,0.25881904510252074,-0.9749279121818236,-0.2225209339563146,0.0,0.0,0.0,0.0,0.0,0.0,15.050252531694168,68.48528137423857,0
2026-08-29 06:00:00,4,0.0,0,6,5,29,8,1,1.0,6.123233995736766e-17,-0.9749279121818236,-0.2225209339563146,0.0,0.0,0.0,0.0,0.0,0.0,16.5,66.0,0
2026-08-29 07:00:00,4,0.0,0,7,5,29,8,1,0.9659258262890683,-0.25881904510252063,-0.9749279121818236,-0.2225209339563146,0.0,0.0,0.0,0.0,0.0,0.0,18.188266684282354,63.10582854123025,0
2026-08-29 08:00:00,4,0.0,0,8,5,29,8,1,0.8660254037844387,-0.4999999999999998,-0.9749279121818236,-0.2225209339563146,0.0,0.0,0.0,0.0,0.0,0.0,20.0,60.0,0
2026-08-29 09:00:00,4,0.0,0,9,5,29,8,1,0.7071067811865476,-0.7071067811865475,-0.9749279121818236,-0.2225209339563146,0.0,0.0,0.0,0.0,0.0,0.0,21.811733315717646,56.89417145876975,0
2026-08-29 10:00:00,4,0.0,0,10,5,29,8,1,0.49999999999999994,-0.8660254037844387,-0.9749279121818236,-0.2225209339563146,0.0,0.0,0.0,0.0,0.0,0.0,23.5,54.0,0
2026-08-29 11:00:00,4,0.0,0,11,5,29,8,1,0.258819045102521,-0.9659258262890682,-0.9749279121818236,-0.2225209339563146,0.0,0.0,0.0,0.0,0.0,0.0,24.94974746830583,51.51471862576143,0
2026-08-29 12:00:00,4,0.0,0,12,5,29,8,1,1.2246467991473532e-16,-1.0,-0.9749279121818236,-0.2225209339563146,0.0,0.0,0.0,0.0,0.0,0.0,26.06217782649107,49.607695154586736,0
2026-08-29 13:00:00,4,0.0,0,13,5,29,8,1,-0.2588190451025208,-0.9659258262890683,-0.9749279121818236,-0.2225209339563146,0.0,0.0,0.0,0.0,0.0,0.0,26.761480784023476,48.40889008453118,0
2026-08-29 14:00:00,4,0.0,0,14,5,29,8,1,-0.4999999999999997,-0.8660254037844388,-0.9749279121818236,-0.2225209339563146,0.0,0.0,0.0,0.0,0.0,0.0,27.0,48.0,0
2026-08-29 15:00:00,4,0.0,0,15,5,29,8,1,-0.7071067811865471,-0.7071067811865479,-0.9749279121818236,-0.2225209339563146,0.0,0.0,0.0,0.0,0.0,0.0,26.761480784023476,48.40889008453118,0
2026-08-29 16:00:00,4,0.0,0,16,5,29,8,1,-0.8660254037844384,-0.5000000000000004,-0.9749279121818236,-0.2225209339563146,0.0,0.0,0.0,0.0,0.0,0.0,26.062177826491073,49.607695154586736,0
2026-08-29 17:00:00,4,0.0,0,17,5,29,8,1,-0.9659258262890683,-0.25881904510252063,-0.9749279121818236,-0.2225209339563146,0.0,0.0,0.0,0.0,0.0,0.0,24.949747468305834,51.51471862576143,0
2026-08-29 18:00:00,4,0.0,0,18,5,29,8,1,-1.0,-1.8369701987210297e-16,-0.9749279121818236,-0.2225209339563146,0.0,0.0,0.0,0.0,0.0,0.0,23.5,54.0,0
2026-08-29 19:00:00,4,0.0,0,19,5,29,8,1,-0.9659258262890684,0.2588190451025203,-0.9749279121818236,-0.2225209339563146,0.0,0.0,0.0,0.0,0.0,0.0,21.811733315717646,56.89417145876975,0
2026-08-29 20:00:00,4,0.0,0,20,5,29,8,1,-0.8660254037844386,0.5000000000000001,-0.9749279121818236,-0.2225209339563146,0.0,0.0,0.0,0.0,0.0,0.0,20.0,60.0,0
2026-08-29 21:00:00,4,0.0,0,21,5,29,8,1,-0.7071067811865477,0.7071067811865474,-0.9749279121818236,-0.2225209339563146,0.0,0.0,0.0,0.0,0.0,0.0,18.188266684282354,63.10582854123025,0
2026-08-29 22:00:00,4,0.0,0,22,5,29,8,1,-0.5000000000000004,0.8660254037844384,-0.9749279121818236,-0.2225209339563146,0.0,0.0,0.0,0.0,0.0,0.0,16.5,66.0,0
2026-08-29 23:00:00,4,0.0,0,23,5,29,8,1,-0.25881904510252157,0.9659258262890681,-0.9749279121818236,-0.2225209339563146,0.0,0.0,0.0,0.0,0.0,0.0,15.05025253169417,68.48528137423857,0
2026-08-30 00:00:00,4,0.0,0,0,6,30,8,1,0.0,1.0,-0.7818314824680299,0.6234898018587334,0.0,0.0,0.0,0.0,0.0,0.0,13.937822173508929,70.39230484541326,0
2026-08-30 01:00:00,4,0.0,0,1,6,30,8,1,0.25881904510252074,0.9659258262890683,-0.7818314824680299,0.6234898018587334,0.0,0.0,0.0,0.0,0.0,0.0,13.238519215976522,71.59110991546882,0
2026-08-30 02:00:00,4,0.0,0,2,6,30,8,1,0.49999999999999994,0.8660254037844387,-0.7818314824680299,0.6234898018587334,0.0,0.0,0.0,0.0,0.0,0.0,13.0,72.0,0
2026-08-30 03:00:00,4,0.0,0,3,6,30,8,1,0.7071067811865475,0.7071067811865476,-0.7818314824680299,0.6234898018587334,0.0,0.0,0.0,0.0,0.0,0.0,13.238519215976522,71.59110991546882,0
2026-08-30 04:00:00,4,0.0,0,4,6,30,8,1,0.8660254037844386,0.5000000000000001,-0.7818314824680299,0.6234898018587334,0.0,0.0,0.0,0.0,0.0,0.0,13.93782217350893,70.39230484541326,0
2026-08-30 05:00:00,4,0.0,0,5,6,30,8,1,0.9659258262890683,0.25881904510252074,-0.7818314824680299,0.6234898018587334,0.0,0.0,0.0,0.0,0.0,0.0,15.050252531694168,68.48528137423857,0
2026-08-30 06:00:00,4,0.0,0,6,6,30,8,1,1.0,6.123233995736766e-17,-0.7818314824680299,0.6234898018587334,0.0,0.0,0.0,0.0,0.0,0.0,16.5,66.0,0
2026-08-30 07:00:00,4,0.0,0,7,6,30,8,1,0.9659258262890683,-0.25881904510252063,-0.7818314824680299,0.6234898018587334,0.0,0.0,0.0,0.0,0.0,0.0,18.188266684282354,63.10582854123025,0
2026-08-30 08:00:00,4,0.0,0,8,6,30,8,1,0.8660254037844387,-0.4999999999999998,-0.7818314824680299,0.6234898018587334,0.0,0.0,0.0,0.0,0.0,0.0,20.0,60.0,0
2026-08-30 09:00:00,4,0.0,0,9,6,30,8,1,0.7071067811865476,-0.7071067811865475,-0.7818314824680299,0.6234898018587334,0.0,0.0,0.0,0.0,0.0,0.0,21.811733315717646,56.89417145876975,0
2026-08-30 10:00:00,4,0.0,0,10,6,30,8,1,0.49999999999999994,-0.8660254037844387,-0.7818314824680299,0.6234898018587334,0.0,0.0,0.0,0.0,0.0,0.0,23.5,54.0,0
2026-08-30 11:00:00,4,0.0,0,11,6,30,8,1,0.258819045102521,-0.9659258262890682,-0.7818314824680299,0.6234898018587334,0.0,0.0,0.0,0.0,0.0,0.0,24.94974746830583,51.51471862576143,0
2026-08-30 12:00:00,4,0.0,0,12,6,30,8,1,1.2246467991473532e-16,-1.0,-0.7818314824680299,0.6234898018587334,0.0,0.0,0.0,0.0,0.0,0.0,26.06217782649107,49.607695154586736,0
2026-08-30 13:00:00,4,48.16,1,13,6,30,8,1,-0.2588190451025208,-0.9659258262890683,-0.7818314824680299,0.6234898018587334,0.0,0.0,0.0,0.0,0.0,0.0,26.761480784023476,48.40889008453118,0
2026-08-30 14:00:00,4,0.0,0,14,6,30,8,1,-0.4999999999999997,-0.8660254037844388,-0.7818314824680299,0.6234898018587334,48.16,0.0,0.0,8.026666666666666,2.0066666666666664,1.0,27.0,48.0,0
2026-08-30 15:00:00,4,0.0,0,15,6,30,8,1,-0.7071067811865471,-0.7071067811865479,-0.7818314824680299,0.6234898018587334,0.0,0.0,0.0,8.026666666666666,2.0066666666666664,0.0,26.761480784023476,48.40889008453118,0
2026-08-30 16:00:00,4,28.56,1,16,6,30,8,1,-0.8660254037844384,-0.5000000000000004,-0.7818314824680299,0.6234898018587334,0.0,0.0,0.0,8.026666666666666,2.0066666666666664,0.0,26.062177826491073,49.607695154586736,0
2026-08-30 17:00:00,4,0.0,0,17,6,30,8,1,-0.9659258262890683,-0.25881904510252063,-0.7818314824680299,0.6234898018587334,28.56,0.0,0.0,12.786666666666667,3.1966666666666668,1.0,24.949747468305834,51.51471862576143,0
2026-08-30 18:00:00,4,0.0,0,18,6,30,8,1,-1.0,-1.8369701987210297e-16,-0.7818314824680299,0.6234898018587334,0.0,0.0,0.0,12.786666666666667,3.1966666666666668,0.0,23.5,54.0,0
2026-08-30 19:00:00,4,0.0,0,19,6,30,8,1,-0.9659258262890684,0.2588190451025203,-0.7818314824680299,0.6234898018587334,0.0,0.0,0.0,12.786666666666667,3.1966666666666668,0.0,21.811733315717646,56.89417145876975,0
2026-08-30 20:00:00,4,0.0,0,20,6,30,8,1,-0.8660254037844386,0.5000000000000001,-0.7818314824680299,0.6234898018587334,0.0,0.0,0.0,4.76,3.1966666666666668,0.0,20.0,60.0,0
2026-08-30 21:00:00,4,0.0,0,21,6,30,8,1,-0.7071067811865477,0.7071067811865474,-0.7818314824680299,0.6234898018587334,0.0,0.0,0.0,4.76,3.1966666666666668,0.0,18.188266684282354,63.10582854123025,0
2026-08-30 22:00:00,4,0.0,0,22,6,30,8,1,-0.5000000000000004,0.8660254037844384,-0.7818314824680299,0.6234898018587334,0.0,0.0,0.0,4.76,3.1966666666666668,0.0,16.5,66.0,0
2026-08-30 23:00:00,4,0.0,0,23,6,30,8,1,-0.25881904510252157,0.9659258262890681,-0.7818314824680299,0.6234898018587334,0.0,0.0,0.0,0.0,3.1966666666666668,0.0,15.05025253169417,68.48528137423857,0
2026-08-31 00:00:00,4,0.0,0,0,0,31,8,0,0.0,1.0,0.0,1.0,0.0,0.0,0.0,0.0,3.1966666666666668,0.0,13.937822173508929,70.39230484541326,0
2026-08-31 01:00:00,4,0.0,0,1,0,31,8,0,0.25881904510252074,0.9659258262890683,0.0,1.0,0.0,0.0,0.0,0.0,3.1966666666666668,0.0,13.238519215976522,71.59110991546882,0
2026-08-31 02:00:00,4,0.0,0,2,0,31,8,0,0.49999999999999994,0.8660254037844387,0.0,1.0,0.0,0.0,0.0,0.0,3.1966666666666668,0.0,13.0,72.0,0
2026-08-31 03:00:00,4,0.0,0,3,0,31,8,0,0.7071067811865475,0.7071067811865476,0.0,1.0,0.0,0.0,0.0,0.0,3.1966666666666668,0.0,13.238519215976522,71.59110991546882,0
2026-08-31 04:00:00,4,0.0,0,4,0,31,8,0,0.8660254037844386,0.5000000000000001,0.0,1.0,0.0,0.0,0.0,0.0,3.1966666666666668,0.0,13.93782217350893,70.39230484541326,0
2026-08-31 05:00:00,4,0.0,0,5,0,31,8,0,0.9659258262890683,0.25881904510252074,0.0,1.0,0.0,0.0,0.0,0.0,3.1966666666666668,0.0,15.050252531694168,68.48528137423857,0
2026-08-31 06:00:00,4,0.0,0,6,0,31,8,0,1.0,6.123233995736766e-17,0.0,1.0,0.0,0.0,0.0,0.0,3.1966666666666668,0.0,16.5,66.0,0
2026-08-31 07:00:00,4,0.0,0,7,0,31,8,0,0.9659258262890683,-0.25881904510252063,0.0,1.0,0.0,0.0,0.0,0.0,3.1966666666666668,0.0,18.188266684282354,63.10582854123025,0
2026-08-31 08:00:00,4,0.0,0,8,0,31,8,0,0.8660254037844387,-0.4999999999999998,0.0,1.0,0.0,0.0,0.0,0.0,3.1966666666666668,0.0,20.0,60.0,0
2026-08-31 09:00:00,4,0.0,0,9,0,31,8,0,0.7071067811865476,-0.7071067811865475,0.0,1.0,0.0,0.0,0.0,0.0,3.1966666666666668,0.0,21.811733315717646,56.89417145876975,0
2026-08-31 10:00:00,4,0.0,0,10,0,31,8,0,0.49999999999999994,-0.8660254037844387,0.0,1.0,0.0,0.0,0.0,0.0,3.1966666666666668,0.0,23.5,54.0,0
2026-08-31 11:00:00,4,0.0,0,11,0,31,8,0,0.258819045102521,-0.9659258262890682,0.0,1.0,0.0,0.0,0.0,0.0,3.1966666666666668,0.0,24.94974746830583,51.51471862576143,0
2026-08-31 12:00:00,4,0.0,0,12,0,31,8,0,1.2246467991473532e-16,-1.0,0.0,1.0,0.0,0.0,0.0,0.0,3.1966666666666668,0.0,26.06217782649107,49.607695154586736,0
2026-08-31 13:00:00,4,0.0,0,13,0,31,8,0,-0.2588190451025208,-0.9659258262890683,0.0,1.0,0.0,48.16,0.0,0.0,3.1966666666666668,0.0,26.761480784023476,48.40889008453118,0
2026-08-31 14:00:00,4,0.0,0,14,0,31,8,0,-0.4999999999999997,-0.8660254037844388,0.0,1.0,0.0,0.0,0.0,0.0,1.19,0.0,27.0,48.0,0
2026-08-31 15:00:00,4,0.0,0,15,0,31,8,0,-0.7071067811865471,-0.7071067811865479,0.0,1.0,0.0,0.0,0.0,0.0,1.19,0.0,26.761480784023476,48.40889008453118,0
2026-08-31 16:00:00,4,0.0,0,16,0,31,8,0,-0.8660254037844384,-0.5000000000000004,0.0,1.0,0.0,28.56,0.0,0.0,1.19,0.0,26.062177826491073,49.607695154586736,0
2026-08-31 17:00:00,4,0.0,0,17,0,31,8,0,-0.9659258262890683,-0.25881904510252063,0.0,1.0,0.0,0.0,0.0,0.0,0.0,0.0,24.949747468305834,51.51471862576143,0
2026-08-31 18:00:00,4,0.0,0,18,0,31,8,0,-1.0,-1.8369701987210297e-16,0.0,1.0,0.0,0.0,0.0,0.0,0.0,0.0,23.5,54.0,0
2026-08-31 19:00:00,4,0.0,0,19,0,31,8,0,-0.9659258262890684,0.2588190451025203,0.0,1.0,0.0,0.0,0.0,0.0,0.0,0.0,21.811733315717646,56.89417145876975,0
2026-08-31 20:00:00,4,0.0,0,20,0,31,8,0,-0.8660254037844386,0.5000000000000001,0.0,1.0,0.0,0.0,0.0,0.0,0.0,0.0,20.0,60.0,0
2026-08-31 21:00:00,4,0.0,0,21,0,31,8,0,-0.7071067811865477,0.7071067811865474,0.0,1.0,0.0,0.0,0.0,0.0,0.0,0.0,18.188266684282354,63.10582854123025,0
2026-08-31 22:00:00,4,0.0,0,22,0,31,8,0,-0.5000000000000004,0.8660254037844384,0.0,1.0,0.0,0.0,0.0,0.0,0.0,0.0,16.5,66.0,0
2026-08-31 23:00:00,4,0.0,0,23,0,31,8,0,-0.25881904510252157,0.9659258262890681,0.0,1.0,0.0,0.0,0.0,0.0,0.0,0.0,15.05025253169417,68.48528137423857,0
2026-09-01 00:00:00,4,0.0,0,0,1,1,9,0,0.0,1.0,0.7818314824680298,0.6234898018587336,0.0,0.0,0.0,0.0,0.0,0.0,13.937822173508929,70.39230484541326,0
2026-09-01 01:00:00,4,0.0,0,1,1,1,9,0,0.25881904510252074,0.9659258262890683,0.7818314824680298,0.6234898018587336,0.0,0.0,0.0,0.0,0.0,0.0,13.238519215976522,71.59110991546882,0
2026-09-01 02:00:00,4,0.0,0,2,1,1,9,0,0.49999999999999994,0.8660254037844387,0.7818314824680298,0.6234898018587336,0.0,0.0,0.0,0.0,0.0,0.0,13.0,72.0,0
2026-09-01 03:00:00,4,0.0,0,3,1,1,9,0,0.7071067811865475,0.7071067811865476,0.7818314824680298,0.6234898018587336,0.0,0.0,0.0,0.0,0.0,0.0,13.238519215976522,71.59110991546882,0
2026-09-01 04:00:00,4,0.0,0,4,1,1,9,0,0.8660254037844386,0.5000000000000001,0.7818314824680298,0.6234898018587336,0.0,0.0,0.0,0.0,0.0,0.0,13.93782217350893,70.39230484541326,0
2026-09-01 05:00:00,4,0.0,0,5,1,1,9,0,0.9659258262890683,0.25881904510252074,0.7818314824680298,0.6234898018587336,0.0,0.0,0.0,0.0,0.0,0.0,15.050252531694168,68.48528137423857,0
2026-09-01 06:00:00,4,0.0,0,6,1,1,9,0,1.0,6.123233995736766e-17,0.7818314824680298,0.6234898018587336,0.0,0.0,0.0,0.0,0.0,0.0,16.5,66.0,0
2026-09-01 07:00:00,4,0.0,0,7,1,1,9,0,0.9659258262890683,-0.25881904510252063,0.7818314824680298,0.6234898018587336,0.0,0.0,0.0,0.0,0.0,0.0,18.188266684282354,63.10582854123025,0
2026-09-01 08:00:00,4,0.0,0,8,1,1,9,0,0.8660254037844387,-0.4999999999999998,0.7818314824680298,0.6234898018587336,0.0,0.0,0.0,0.0,0.0,0.0,20.0,60.0,0
2026-09-01 09:00:00,4,0.0,0,9,1,1,9,0,0.7071067811865476,-0.7071067811865475,0.7818314824680298,0.6234898018587336,0.0,0.0,0.0,0.0,0.0,0.0,21.811733315717646,56.89417145876975,0
2026-09-01 10:00:00,4,0.0,0,10,1,1,9,0,0.49999999999999994,-0.8660254037844387,0.7818314824680298,0.6234898018587336,0.0,0.0,0.0,0.0,0.0,0.0,23.5,54.0,0
2026-09-01 11:00:00,4,0.0,0,11,1,1,9,0,0.258819045102521,-0.9659258262890682,0.7818314824680298,0.6234898018587336,0.0,0.0,0.0,0.0,0.0,0.0,24.94974746830583,51.51471862576143,0
2026-09-01 12:00:00,4,0.0,0,12,1,1,9,0,1.2246467991473532e-16,-1.0,0.7818314824680298,0.6234898018587336,0.0,0.0,0.0,0.0,0.0,0.0,26.06217782649107,49.607695154586736,0
2026-09-01 13:00:00,4,0.0,0,13,1,1,9,0,-0.2588190451025208,-0.9659258262890683,0.7818314824680298,0.6234898018587336,0.0,0.0,0.0,0.0,0.0,0.0,26.761480784023476,48.40889008453118,0
2026-09-01 14:00:00,4,0.0,0,14,1,1,9,0,-0.4999999999999997,-0.8660254037844388,0.7818314824680298,0.6234898018587336,0.0,0.0,0.0,0.0,0.0,0.0,27.0,48.0,0
2026-09-01 15:00:00,4,0.0,0,15,1,1,9,0,-0.7071067811865471,-0.7071067811865479,0.7818314824680298,0.6234898018587336,0.0,0.0,0.0,0.0,0.0,0.0,26.761480784023476,48.40889008453118,0
2026-09-01 16:00:00,4,0.0,0,16,1,1,9,0,-0.8660254037844384,-0.5000000000000004,0.7818314824680298,0.6234898018587336,0.0,0.0,0.0,0.0,0.0,0.0,26.062177826491073,49.607695154586736,0
2026-09-01 17:00:00,4,0.0,0,17,1,1,9,0,-0.9659258262890683,-0.25881904510252063,0.7818314824680298,0.6234898018587336,0.0,0.0,0.0,0.0,0.0,0.0,24.949747468305834,51.51471862576143,0
2026-09-01 18:00:00,4,0.0,0,18,1,1,9,0,-1.0,-1.8369701987210297e-16,0.7818314824680298,0.6234898018587336,0.0,0.0,0.0,0.0,0.0,0.0,23.5,54.0,0
2026-09-01 19:00:00,4,0.0,0,19,1,1,9,0,-0.9659258262890684,0.2588190451025203,0.7818314824680298,0.6234898018587336,0.0,0.0,0.0,0.0,0.0,0.0,21.811733315717646,56.89417145876975,0
2026-09-01 20:00:00,4,0.0,0,20,1,1,9,0,-0.8660254037844386,0.5000000000000001,0.7818314824680298,0.6234898018587336,0.0,0.0,0.0,0.0,0.0,0.0,20.0,60.0,0
2026-09-01 21:00:00,4,0.0,0,21,1,1,9,0,-0.7071067811865477,0.7071067811865474,0.7818314824680298,0.6234898018587336,0.0,0.0,19.57,0.0,0.0,0.0,18.188266684282354,63.10582854123025,0
2026-09-01 22:00:00,4,0.0,0,22,1,1,9,0,-0.5000000000000004,0.8660254037844384,0.7818314824680298,0.6234898018587336,0.0,0.0,0.0,0.0,0.0,0.0,16.5,66.0,0
2026-09-01 23:00:00,4,0.0,0,23,1,1,9,0,-0.25881904510252157,0.9659258262890681,0.7818314824680298,0.6234898018587336,0.0,0.0,0.0,0.0,0.0,0.0,15.05025253169417,68.48528137423857,0
2026-09-02 00:00:00,4,0.0,0,0,2,2,9,0,0.0,1.0,0.9749279121818236,-0.22252093395631434,0.0,0.0,0.0,0.0,0.0,0.0,13.937822173508929,70.39230484541326,0
2026-09-02 01:00:00,4,0.0,0,1,2,2,9,0,0.25881904510252074,0.9659258262890683,0.9749279121818236,-0.22252093395631434,0.0,0.0,0.0,0.0,0.0,0.0,13.238519215976522,71.59110991546882,0
2026-09-02 02:00:00,4,0.0,0,2,2,2,9,0,0.49999999999999994,0.8660254037844387,0.9749279121818236,-0.22252093395631434,0.0,0.0,0.0,0.0,0.0,0.0,13.0,72.0,0
2026-09-02 03:00:00,4,0.0,0,3,2,2,9,0,0.7071067811865475,0.7071067811865476,0.9749279121818236,-0.22252093395631434,0.0,0.0,0.0,0.0,0.0,0.0,13.238519215976522,71.59110991546882,0
2026-09-02 04:00:00,4,0.0,0,4,2,2,9,0,0.8660254037844386,0.5000000000000001,0.9749279121818236,-0.22252093395631434,0.0,0.0,0.0,0.0,0.0,0.0,13.93782217350893,70.39230484541326,0
2026-09-02 05:00:00,4,0.0,0,5,2,2,9,0,0.9659258262890683,0.25881904510252074,0.9749279121818236,-0.22252093395631434,0.0,0.0,0.0,0.0,0.0,0.0,15.050252531694168,68.48528137423857,0
2026-09-02 06:00:00,4,0.0,0,6,2,2,9,0,1.0,6.123233995736766e-17,0.9749279121818236,-0.22252093395631434,0.0,0.0,0.0,0.0,0.0,0.0,16.5,66.0,0
2026-09-02 07:00:00,4,0.0,0,7,2,2,9,0,0.9659258262890683,-0.25881904510252063,0.9749279121818236,-0.22252093395631434,0.0,0.0,0.0,0.0,0.0,0.0,18.188266684282354,63.10582854123025,0
2026-09-02 08:00:00,4,0.0,0,8,2,2,9,0,0.8660254037844387,-0.4999999999999998,0.9749279121818236,-0.22252093395631434,0.0,0.0,0.0,0.0,0.0,0.0,20.0,60.0,0
2026-09-02 09:00:00,4,0.0,0,9,2,2,9,0,0.7071067811865476,-0.7071067811865475,0.9749279121818236,-0.22252093395631434,0.0,0.0,0.0,0.0,0.0,0.0,21.811733315717646,56.89417145876975,0
2026-09-02 10:00:00,4,0.0,0,10,2,2,9,0,0.49999999999999994,-0.8660254037844387,0.9749279121818236,-0.22252093395631434,0.0,0.0,0.0,0.0,0.0,0.0,23.5,54.0,0
2026-09-02 11:00:00,4,34.79,1,11,2,2,9,0,0.258819045102521,-0.9659258262890682,0.9749279121818236,-0.22252093395631434,0.0,0.0,0.0,0.0,0.0,0.0,24.94974746830583,51.51471862576143,0
2026-09-02 12:00:00,4,0.0,0,12,2,2,9,0,1.2246467991473532e-16,-1.0,0.9749279121818236,-0.22252093395631434,34.79,0.0,0.0,5.798333333333333,1.4495833333333332,1.0,26.06217782649107,49.607695154586736,0
2026-09-02 13:00:00,4,0.0,0,13,2,2,9,0,-0.2588190451025208,-0.9659258262890683,0.9749279121818236,-0.22252093395631434,0.0,0.0,0.0,5.798333333333333,1.4495833333333332,0.0,26.761480784023476,48.40889008453118,0
2026-09-02 14:00:00,4,0.0,0,14,2,2,9,0,-0.4999999999999997,-0.8660254037844388,0.9749279121818236,-0.22252093395631434,0.0,0.0,0.0,5.798333333333333,1.4495833333333332,0.0,27.0,48.0,0
2026-09-02 15:00:00,4,0.0,0,15,2,2,9,0,-0.7071067811865471,-0.7071067811865479,0.9749279121818236,-0.22252093395631434,0.0,0.0,0.0,5.798333333333333,1.4495833333333332,0.0,26.761480784023476,48.40889008453118,0
2026-09-02 16:00:00,4,0.0,0,16,2,2,9,0,-0.8660254037844384,-0.5000000000000004,0.9749279121818236,-0.22252093395631434,0.0,0.0,0.0,5.798333333333333,1.4495833333333332,0.0,26.062177826491073,49.607695154586736,0
2026-09-02 17:00:00,4,0.0,0,17,2,2,9,0,-0.9659258262890683,-0.25881904510252063,0.9749279121818236,-0.22252093395631434,0.0,0.0,0.0,5.798333333333333,1.4495833333333332,0.0,24.949747468305834,51.51471862576143,0
2026-09-02 18:00:00,4,0.0,0,18,2,2,9,0,-1.0,-1.8369701987210297e-16,0.9749279121818236,-0.22252093395631434,0.0,0.0,0.0,0.0,1.4495833333333332,0.0,23.5,54.0,0
2026-09-02 19:00:00,4,0.0,0,19,2,2,9,0,-0.9659258262890684,0.2588190451025203,0.9749279121818236,-0.22252093395631434,0.0,0.0,0.0,0.0,1.4495833333333332,0.0,21.811733315717646,56.89417145876975,0
2026-09-02 20:00:00,4,0.0,0,20,2,2,9,0,-0.8660254037844386,0.5000000000000001,0.9749279121818236,-0.22252093395631434,0.0,0.0,0.0,0.0,1.4495833333333332,0.0,20.0,60.0,0
2026-09-02 21:00:00,4,0.0,0,21,2,2,9,0,-0.7071067811865477,0.7071067811865474,0.9749279121818236,-0.22252093395631434,0.0,0.0,0.0,0.0,1.4495833333333332,0.0,18.188266684282354,63.10582854123025,0
2026-09-02 22:00:00,4,0.0,0,22,2,2,9,0,-0.5000000000000004,0.8660254037844384,0.9749279121818236,-0.22252093395631434,0.0,0.0,0.0,0.0,1.4495833333333332,0.0,16.5,66.0,0
2026-09-02 23:00:00,4,0.0,0,23,2,2,9,0,-0.25881904510252157,0.9659258262890681,0.9749279121818236,-0.22252093395631434,0.0,0.0,0.0,0.0,1.4495833333333332,0.0,15.05025253169417,68.48528137423857,0
2026-09-03 00:00:00,4,0.0,0,0,3,3,9,0,0.0,1.0,0.43388373911755823,-0.900968867902419,0.0,0.0,0.0,0.0,1.4495833333333332,0.0,13.937822173508929,70.39230484541326,0
2026-09-03 01:00:00,4,0.0,0,1,3,3,9,0,0.25881904510252074,0.9659258262890683,0.43388373911755823,-0.900968867902419,0.0,0.0,0.0,0.0,1.4495833333333332,0.0,13.238519215976522,71.59110991546882,0
2026-09-03 02:00:00,4,0.0,0,2,3,3,9,0,0.49999999999999994,0.8660254037844387,0.43388373911755823,-0.900968867902419,0.0,0.0,0.0,0.0,1.4495833333333332,0.0,13.0,72.0,0
2026-09-03 03:00:00,4,0.0,0,3,3,3,9,0,0.7071067811865475,0.7071067811865476,0.43388373911755823,-0.900968867902419,0.0,0.0,0.0,0.0,1.4495833333333332,0.0,13.238519215976522,71.59110991546882,0
2026-09-03 04:00:00,4,0.0,0,4,3,3,9,0,0.8660254037844386,0.5000000000000001,0.43388373911755823,-0.900968867902419,0.0,0.0,0.0,0.0,1.4495833333333332,0.0,13.93782217350893,70.39230484541326,0
2026-09-03 05:00:00,4,0.0,0,5,3,3,9,0,0.9659258262890683,0.25881904510252074,0.43388373911755823,-0.900968867902419,0.0,0.0,0.0,0.0,1.4495833333333332,0.0,15.050252531694168,68.48528137423857,0
2026-09-03 06:00:00,4,0.0,0,6,3,3,9,0,1.0,6.123233995736766e-17,0.43388373911755823,-0.900968867902419,0.0,0.0,0.0,0.0,1.4495833333333332,0.0,16.5,66.0,0
2026-09-03 07:00:00,4,0.0,0,7,3,3,9,0,0.9659258262890683,-0.25881904510252063,0.43388373911755823,-0.900968867902419,0.0,0.0,0.0,0.0,1.4495833333333332,0.0,18.188266684282354,63.10582854123025,0
2026-09-03 08:00:00,4,0.0,0,8,3,3,9,0,0.8660254037844387,-0.4999999999999998,0.43388373911755823,-0.900968867902419,0.0,0.0,0.0,0.0,1.4495833333333332,0.0,20.0,60.0,0
2026-09-03 09:00:00,4,0.0,0,9,3,3,9,0,0.7071067811865476,-0.7071067811865475,0.43388373911755823,-0.900968867902419,0.0,0.0,0.0,0.0,1.4495833333333332,0.0,21.811733315717646,56.89417145876975,0
2026-09-03 10:00:00,4,0.0,0,10,3,3,9,0,0.49999999999999994,-0.8660254037844387,0.43388373911755823,-0.900968867902419,0.0,0.0,0.0,0.0,1.4495833333333332,0.0,23.5,54.0,0
2026-09-03 11:00:00,4,0.0,0,11,3,3,9,0,0.258819045102521,-0.9659258262890682,0.43388373911755823,-0.900968867902419,0.0,34.79,0.0,0.0,1.4495833333333332,0.0,24.94974746830583,51.51471862576143,0
2026-09-03 12:00:00,4,0.0,0,12,3,3,9,0,1.2246467991473532e-16,-1.0,0.43388373911755823,-0.900968867902419,0.0,0.0,0.0,0.0,0.0,0.0,26.06217782649107,49.607695154586736,0
2026-09-03 13:00:00,4,0.0,0,13,3,3,9,0,-0.2588190451025208,-0.9659258262890683,0.43388373911755823,-0.900968867902419,0.0,0.0,0.0,0.0,0.0,0.0,26.761480784023476,48.40889008453118,0
2026-09-03 14:00:00,4,0.0,0,14,3,3,9,0,-0.4999999999999997,-0.8660254037844388,0.43388373911755823,-0.900968867902419,0.0,0.0,38.25,0.0,0.0,0.0,27.0,48.0,0
2026-09-03 15:00:00,4,0.0,0,15,3,3,9,0,-0.7071067811865471,-0.7071067811865479,0.43388373911755823,-0.900968867902419,0.0,0.0,0.0,0.0,0.0,0.0,26.761480784023476,48.40889008453118,0
2026-09-03 16:00:00,4,0.0,0,16,3,3,9,0,-0.8660254037844384,-0.5000000000000004,0.43388373911755823,-0.900968867902419,0.0,0.0,0.0,0.0,0.0,0.0,26.062177826491073,49.607695154586736,0
2026-09-03 17:00:00,4,0.0,0,17,3,3,9,0,-0.9659258262890683,-0.25881904510252063,0.43388373911755823,-0.900968867902419,0.0,0.0,0.0,0.0,0.0,0.0,24.949747468305834,51.51471862576143,0
2026-09-03 18:00:00,4,0.0,0,18,3,3,9,0,-1.0,-1.8369701987210297e-16,0.43388373911755823,-0.900968867902419,0.0,0.0,0.0,0.0,0.0,0.0,23.5,54.0,0
2026-09-03 19:00:00,4,0.0,0,19,3,3,9,0,-0.9659258262890684,0.2588190451025203,0.43388373911755823,-0.900968867902419,0.0,0.0,0.0,0.0,0.0,0.0,21.811733315717646,56.89417145876975,0
2026-09-03 20:00:00,4,0.0,0,20,3,3,9,0,-0.8660254037844386,0.5000000000000001,0.43388373911755823,-0.900968867902419,0.0,0.0,0.0,0.0,0.0,0.0,20.0,60.0,0
2026-09-03 21:00:00,4,0.0,0,21,3,3,9,0,-0.7071067811865477,0.7071067811865474,0.43388373911755823,-0.900968867902419,0.0,0.0,0.0,0.0,0.0,0.0,18.188266684282354,63.10582854123025,0
2026-09-03 22:00:00,4,0.0,0,22,3,3,9,0,-0.5000000000000004,0.8660254037844384,0.43388373911755823,-0.900968867902419,0.0,0.0,0.0,0.0,0.0,0.0,16.5,66.0,0
2026-09-03 23:00:00,4,0.0,0,23,3,3,9,0,-0.25881904510252157,0.9659258262890681,0.43388373911755823,-0.900968867902419,0.0,0.0,0.0,0.0,0.0,0.0,15.05025253169417,68.48528137423857,0
2026-09-04 00:00:00,4,0.0,0,0,4,4,9,0,0.0,1.0,-0.433883739117558,-0.9009688679024191,0.0,0.0,0.0,0.0,0.0,0.0,13.937822173508929,70.39230484541326,0
2026-09-04 01:00:00,4,0.0,0,1,4,4,9,0,0.25881904510252074,0.9659258262890683,-0.433883739117558,-0.9009688679024191,0.0,0.0,0.0,0.0,0.0,0.0,13.238519215976522,71.59110991546882,0
2026-09-04 02:00:00,4,0.0,0,2,4,4,9,0,0.49999999999999994,0.8660254037844387,-0.433883739117558,-0.9009688679024191,0.0,0.0,0.0,0.0,0.0,0.0,13.0,72.0,0
2026-09-04 03:00:00,4,0.0,0,3,4,4,9,0,0.7071067811865475,0.7071067811865476,-0.433883739117558,-0.9009688679024191,0.0,0.0,0.0,0.0,0.0,0.0,13.238519215976522,71.59110991546882,0
2026-09-04 04:00:00,4,0.0,0,4,4,4,9,0,0.8660254037844386,0.5000000000000001,-0.433883739117558,-0.9009688679024191,0.0,0.0,0.0,0.0,0.0,0.0,13.93782217350893,70.39230484541326,0
2026-09-04 05:00:00,4,0.0,0,5,4,4,9,0,0.9659258262890683,0.25881904510252074,-0.433883739117558,-0.9009688679024191,0.0,0.0,0.0,0.0,0.0,0.0,15.050252531694168,68.48528137423857,0
2026-09-04 06:00:00,4,0.0,0,6,4,4,9,0,1.0,6.123233995736766e-17,-0.433883739117558,-0.9009688679024191,0.0,0.0,0.0,0.0,0.0,0.0,16.5,66.0,0
2026-09-04 07:00:00,4,0.0,0,7,4,4,9,0,0.9659258262890683,-0.25881904510252063,-0.433883739117558,-0.9009688679024191,0.0,0.0,0.0,0.0,0.0,0.0,18.188266684282354,63.10582854123025,0
2026-09-04 08:00:00,4,0.0,0,8,4,4,9,0,0.8660254037844387,-0.4999999999999998,-0.433883739117558,-0.9009688679024191,0.0,0.0,0.0,0.0,0.0,0.0,20.0,60.0,0
2026-09-04 09:00:00,4,0.0,0,9,4,4,9,0,0.7071067811865476,-0.7071067811865475,-0.433883739117558,-0.9009688679024191,0.0,0.0,0.0,0.0,0.0,0.0,21.811733315717646,56.89417145876975,0
2026-09-04 10:00:00,4,52.22,1,10,4,4,9,0,0.49999999999999994,-0.8660254037844387,-0.433883739117558,-0.9009688679024191,0.0,0.0,0.0,0.0,0.0,0.0,23.5,54.0,0
2026-09-04 11:00:00,4,0.0,0,11,4,4,9,0,0.258819045102521,-0.9659258262890682,-0.433883739117558,-0.9009688679024191,52.22,0.0,0.0,8.703333333333333,2.1758333333333333,1.0,24.94974746830583,51.51471862576143,0
2026-09-04 12:00:00,4,0.0,0,12,4,4,9,0,1.2246467991473532e-16,-1.0,-0.433883739117558,-0.9009688679024191,0.0,0.0,0.0,8.703333333333333,2.1758333333333333,0.0,26.06217782649107,49.607695154586736,0
2026-09-04 13:00:00,4,0.0,0,13,4,4,9,0,-0.2588190451025208,-0.9659258262890683,-0.433883739117558,-0.9009688679024191,0.0,0.0,0.0,8.703333333333333,2.1758333333333333,0.0,26.761480784023476,48.40889008453118,0
2026-09-04 14:00:00,4,0.0,0,14,4,4,9,0,-0.4999999999999997,-0.8660254037844388,-0.433883739117558,-0.9009688679024191,0.0,0.0,0.0,8.703333333333333,2.1758333333333333,0.0,27.0,48.0,0
2026-09-04 15:00:00,4,0.0,0,15,4,4,9,0,-0.7071067811865471,-0.7071067811865479,-0.433883739117558,-0.9009688679024191,0.0,0.0,0.0,8.703333333333333,2.1758333333333333,0.0,26.761480784023476,48.40889008453118,0
2026-09-04 16:00:00,4,0.0,0,16,4,4,9,0,-0.8660254037844384,-0.5000000000000004,-0.433883739117558,-0.9009688679024191,0.0,0.0,0.0,8.703333333333333,2.1758333333333333,0.0,26.062177826491073,49.607695154586736,0
2026-09-04 17:00:00,4,0.0,0,17,4,4,9,0,-0.9659258262890683,-0.25881904510252063,-0.433883739117558,-0.9009688679024191,0.0,0.0,0.0,0.0,2.1758333333333333,0.0,24.949747468305834,51.51471862576143,0
2026-09-04 18:00:00,4,0.0,0,18,4,4,9,0,-1.0,-1.8369701987210297e-16,-0.433883739117558,-0.9009688679024191,0.0,0.0,0.0,0.0,2.1758333333333333,0.0,23.5,54.0,0
2026-09-04 19:00:00,4,0.0,0,19,4,4,9,0,-0.9659258262890684,0.2588190451025203,-0.433883739117558,-0.9009688679024191,0.0,0.0,0.0,0.0,2.1758333333333333,0.0,21.811733315717646,56.89417145876975,0
2026-09-04 20:00:00,4,0.0,0,20,4,4,9,0,-0.8660254037844386,0.5000000000000001,-0.433883739117558,-0.9009688679024191,0.0,0.0,0.0,0.0,2.1758333333333333,0.0,20.0,60.0,0
2026-09-04 21:00:00,4,0.0,0,21,4,4,9,0,-0.7071067811865477,0.7071067811865474,-0.433883739117558,-0.9009688679024191,0.0,0.0,0.0,0.0,2.1758333333333333,0.0,18.188266684282354,63.10582854123025,0
2026-09-04 22:00:00,4,0.0,0,22,4,4,9,0,-0.5000000000000004,0.8660254037844384,-0.433883739117558,-0.9009688679024191,0.0,0.0,0.0,0.0,2.1758333333333333,0.0,16.5,66.0,0
2026-09-04 23:00:00,4,0.0,0,23,4,4,9,0,-0.25881904510252157,0.9659258262890681,-0.433883739117558,-0.9009688679024191,0.0,0.0,0.0,0.0,2.1758333333333333,0.0,15.05025253169417,68.48528137423857,0
2026-09-05 00:00:00,4,0.0,0,0,5,5,9,1,0.0,1.0,-0.9749279121818236,-0.2225209339563146,0.0,0.0,0.0,0.0,2.1758333333333333,0.0,13.937822173508929,70.39230484541326,1
2026-09-05 01:00:00,4,0.0,0,1,5,5,9,1,0.25881904510252074,0.9659258262890683,-0.9749279121818236,-0.2225209339563146,0.0,0.0,0.0,0.0,2.1758333333333333,0.0,13.238519215976522,71.59110991546882,1
2026-09-05 02:00:00,4,0.0,0,2,5,5,9,1,0.49999999999999994,0.8660254037844387,-0.9749279121818236,-0.2225209339563146,0.0,0.0,0.0,0.0,2.1758333333333333,0.0,13.0,72.0,1
2026-09-05 03:00:00,4,0.0,0,3,5,5,9,1,0.7071067811865475,0.7071067811865476,-0.9749279121818236,-0.2225209339563146,0.0,0.0,0.0,0.0,2.1758333333333333,0.0,13.238519215976522,71.59110991546882,1
2026-09-05 04:00:00,4,0.0,0,4,5,5,9,1,0.8660254037844386,0.5000000000000001,-0.9749279121818236,-0.2225209339563146,0.0,0.0,0.0,0.0,2.1758333333333333,0.0,13.93782217350893,70.39230484541326,1
2026-09-05 05:00:00,4,0.0,0,5,5,5,9,1,0.9659258262890683,0.25881904510252074,-0.9749279121818236,-0.2225209339563146,0.0,0.0,0.0,0.0,2.1758333333333333,0.0,15.050252531694168,68.48528137423857,1
2026-09-05 06:00:00,4,0.0,0,6,5,5,9,1,1.0,6.123233995736766e-17,-0.9749279121818236,-0.2225209339563146,0.0,0.0,0.0,0.0,2.1758333333333333,0.0,16.5,66.0,1
2026-09-05 07:00:00,4,0.0,0,7,5,5,9,1,0.9659258262890683,-0.25881904510252063,-0.9749279121818236,-0.2225209339563146,0.0,0.0,0.0,0.0,2.1758333333333333,0.0,18.188266684282354,63.10582854123025,1
2026-09-05 08:00:00,4,0.0,0,8,5,5,9,1,0.8660254037844387,-0.4999999999999998,-0.9749279121818236,-0.2225209339563146,0.0,0.0,0.0,0.0,2.1758333333333333,0.0,20.0,60.0,1
2026-09-05 09:00:00,4,0.0,0,9,5,5,9,1,0.7071067811865476,-0.7071067811865475,-0.9749279121818236,-0.2225209339563146,0.0,0.0,0.0,0.0,2.1758333333333333,0.0,21.811733315717646,56.89417145876975,1
2026-09-05 10:00:00,4,0.0,0,10,5,5,9,1,0.49999999999999994,-0.8660254037844387,-0.9749279121818236,-0.2225209339563146,0.0,52.22,0.0,0.0,2.1758333333333333,0.0,23.5,54.0,1
2026-09-05 11:00:00,4,0.0,0,11,5,5,9,1,0.258819045102521,-0.9659258262890682,-0.9749279121818236,-0.2225209339563146,0.0,0.0,0.0,0.0,0.0,0.0,24.94974746830583,51.51471862576143,1
2026-09-05 12:00:00,4,0.0,0,12,5,5,9,1,1.2246467991473532e-16,-1.0,-0.9749279121818236,-0.2225209339563146,0.0,0.0,0.0,0.0,0.0,0.0,26.06217782649107,49.607695154586736,1
2026-09-05 13:00:00,4,0.0,0,13,5,5,9,1,-0.2588190451025208,-0.9659258262890683,-0.9749279121818236,-0.2225209339563146,0.0,0.0,0.0,0.0,0.0,0.0,26.761480784023476,48.40889008453118,1
2026-09-05 14:00:00,4,0.0,0,14,5,5,9,1,-0.4999999999999997,-0.8660254037844388,-0.9749279121818236,-0.2225209339563146,0.0,0.0,0.0,0.0,0.0,0.0,27.0,48.0,1
2026-09-05 15:00:00,4,0.0,0,15,5,5,9,1,-0.7071067811865471,-0.7071067811865479,-0.9749279121818236,-0.2225209339563146,0.0,0.0,0.0,0.0,0.0,0.0,26.761480784023476,48.40889008453118,1
2026-09-05 16:00:00,4,0.0,0,16,5,5,9,1,-0.8660254037844384,-0.5000000000000004,-0.9749279121818236,-0.2225209339563146,0.0,0.0,0.0,0.0,0.0,0.0,26.062177826491073,49.607695154586736,1
2026-09-05 17:00:00,4,0.0,0,17,5,5,9,1,-0.9659258262890683,-0.25881904510252063,-0.9749279121818236,-0.2225209339563146,0.0,0.0,0.0,0.0,0.0,0.0,24.949747468305834,51.51471862576143,1
2026-09-05 18:00:00,4,0.0,0,18,5,5,9,1,-1.0,-1.8369701987210297e-16,-0.9749279121818236,-0.2225209339563146,0.0,0.0,0.0,0.0,0.0,0.0,23.5,54.0,1
2026-09-05 19:00:00,4,0.0,0,19,5,5,9,1,-0.9659258262890684,0.2588190451025203,-0.9749279121818236,-0.2225209339563146,0.0,0.0,0.0,0.0,0.0,0.0,21.811733315717646,56.89417145876975,1
2026-09-05 20:00:00,4,0.0,0,20,5,5,9,1,-0.8660254037844386,0.5000000000000001,-0.9749279121818236,-0.2225209339563146,0.0,0.0,0.0,0.0,0.0,0.0,20.0,60.0,1
2026-09-05 21:00:00,4,0.0,0,21,5,5,9,1,-0.7071067811865477,0.7071067811865474,-0.9749279121818236,-0.2225209339563146,0.0,0.0,0.0,0.0,0.0,0.0,18.188266684282354,63.10582854123025,1
2026-09-05 22:00:00,4,0.0,0,22,5,5,9,1,-0.5000000000000004,0.8660254037844384,-0.9749279121818236,-0.2225209339563146,0.0,0.0,0.0,0.0,0.0,0.0,16.5,66.0,1
2026-09-05 23:00:00,4,0.0,0,23,5,5,9,1,-0.25881904510252157,0.9659258262890681,-0.9749279121818236,-0.2225209339563146,0.0,0.0,0.0,0.0,0.0,0.0,15.05025253169417,68.48528137423857,1
2026-09-06 00:00:00,4,0.0,0,0,6,6,9,1,0.0,1.0,-0.7818314824680299,0.6234898018587334,0.0,0.0,0.0,0.0,0.0,0.0,13.937822173508929,70.39230484541326,0
2026-09-06 01:00:00,4,0.0,0,1,6,6,9,1,0.25881904510252074,0.9659258262890683,-0.7818314824680299,0.6234898018587334,0.0,0.0,0.0,0.0,0.0,0.0,13.238519215976522,71.59110991546882,0
2026-09-06 02:00:00,4,0.0,0,2,6,6,9,1,0.49999999999999994,0.8660254037844387,-0.7818314824680299,0.6234898018587334,0.0,0.0,0.0,0.0,0.0,0.0,13.0,72.0,0
2026-09-06 03:00:00,4,0.0,0,3,6,6,9,1,0.7071067811865475,0.7071067811865476,-0.7818314824680299,0.6234898018587334,0.0,0.0,0.0,0.0,0.0,0.0,13.238519215976522,71.59110991546882,0
2026-09-06 04:00:00,4,0.0,0,4,6,6,9,1,0.8660254037844386,0.5000000000000001,-0.7818314824680299,0.6234898018587334,0.0,0.0,0.0,0.0,0.0,0.0,13.93782217350893,70.39230484541326,0
2026-09-06 05:00:00,4,0.0,0,5,6,6,9,1,0.9659258262890683,0.25881904510252074,-0.7818314824680299,0.6234898018587334,0.0,0.0,0.0,0.0,0.0,0.0,15.050252531694168,68.48528137423857,0
2026-09-06 06:00:00,4,0.0,0,6,6,6,9,1,1.0,6.123233995736766e-17,-0.7818314824680299,0.6234898018587334,0.0,0.0,0.0,0.0,0.0,0.0,16.5,66.0,0
2026-09-06 07:00:00,4,0.0,0,7,6,6,9,1,0.9659258262890683,-0.25881904510252063,-0.7818314824680299,0.6234898018587334,0.0,0.0,0.0,0.0,0.0,0.0,18.188266684282354,63.10582854123025,0
2026-09-06 08:00:00,4,0.0,0,8,6,6,9,1,0.8660254037844387,-0.4999999999999998,-0.7818314824680299,0.6234898018587334,0.0,0.0,0.0,0.0,0.0,0.0,20.0,60.0,0
2026-09-06 09:00:00,4,0.0,0,9,6,6,9,1,0.7071067811865476,-0.7071067811865475,-0.7818314824680299,0.6234898018587334,0.0,0.0,0.0,0.0,0.0,0.0,21.811733315717646,56.89417145876975,0
2026-09-06 10:00:00,4,0.0,0,10,6,6,9,1,0.49999999999999994,-0.8660254037844387,-0.7818314824680299,0.6234898018587334,0.0,0.0,0.0,0.0,0.0,0.0,23.5,54.0,0
2026-09-06 11:00:00,4,0.0,0,11,6,6,9,1,0.258819045102521,-0.9659258262890682,-0.7818314824680299,0.6234898018587334,0.0,0.0,0.0,0.0,0.0,0.0,24.94974746830583,51.51471862576143,0
2026-09-06 12:00:00,4,0.0,0,12,6,6,9,1,1.2246467991473532e-16,-1.0,-0.7818314824680299,0.6234898018587334,0.0,0.0,0.0,0.0,0.0,0.0,26.06217782649107,49.607695154586736,0
2026-09-06 13:00:00,4,0.0,0,13,6,6,9,1,-0.2588190451025208,-0.9659258262890683,-0.7818314824680299,0.6234898018587334,0.0,0.0,48.16,0.0,0.0,0.0,26.761480784023476,48.40889008453118,0
2026-09-06 14:00:00,4,0.0,0,14,6,6,9,1,-0.4999999999999997,-0.8660254037844388,-0.7818314824680299,0.6234898018587334,0.0,0.0,0.0,0.0,0.0,0.0,27.0,48.0,0
2026-09-06 15:00:00,4,0.0,0,15,6,6,9,1,-0.7071067811865471,-0.7071067811865479,-0.7818314824680299,0.6234898018587334,0.0,0.0,0.0,0.0,0.0,0.0,26.761480784023476,48.40889008453118,0
2026-09-06 16:00:00,4,0.0,0,16,6,6,9,1,-0.8660254037844384,-0.5000000000000004,-0.7818314824680299,0.6234898018587334,0.0,0.0,28.56,0.0,0.0,0.0,26.062177826491073,49.607695154586736,0
2026-09-06 17:00:00,4,0.0,0,17,6,6,9,1,-0.9659258262890683,-0.25881904510252063,-0.7818314824680299,0.6234898018587334,0.0,0.0,0.0,0.0,0.0,0.0,24.949747468305834,51.51471862576143,0
2026-09-06 18:00:00,4,0.0,0,18,6,6,9,1,-1.0,-1.8369701987210297e-16,-0.7818314824680299,0.6234898018587334,0.0,0.0,0.0,0.0,0.0,0.0,23.5,54.0,0
2026-09-06 19:00:00,4,0.0,0,19,6,6,9,1,-0.9659258262890684,0.2588190451025203,-0.7818314824680299,0.6234898018587334,0.0,0.0,0.0,0.0,0.0,0.0,21.811733315717646,56.89417145876975,0
2026-09-06 20:00:00,4,0.0,0,20,6,6,9,1,-0.8660254037844386,0.5000000000000001,-0.7818314824680299,0.6234898018587334,0.0,0.0,0.0,0.0,0.0,0.0,20.0,60.0,0
2026-09-06 21:00:00,4,0.0,0,21,6,6,9,1,-0.7071067811865477,0.7071067811865474,-0.7818314824680299,0.6234898018587334,0.0,0.0,0.0,0.0,0.0,0.0,18.188266684282354,63.10582854123025,0
2026-09-06 22:00:00,4,0.0,0,22,6,6,9,1,-0.5000000000000004,0.8660254037844384,-0.7818314824680299,0.6234898018587334,0.0,0.0,0.0,0.0,0.0,0.0,16.5,66.0,0
2026-09-06 23:00:00,4,0.0,0,23,6,6,9,1,-0.25881904510252157,0.9659258262890681,-0.7818314824680299,0.6234898018587334,0.0,0.0,0.0,0.0,0.0,0.0,15.05025253169417,68.48528137423857,0
2026-09-07 00:00:00,4,0.0,0,0,0,7,9,0,0.0,1.0,0.0,1.0,0.0,0.0,0.0,0.0,0.0,0.0,13.937822173508929,70.39230484541326,0
2026-09-07 01:00:00,4,0.0,0,1,0,7,9,0,0.25881904510252074,0.9659258262890683,0.0,1.0,0.0,0.0,0.0,0.0,0.0,0.0,13.238519215976522,71.59110991546882,0
2026-09-07 02:00:00,4,0.0,0,2,0,7,9,0,0.49999999999999994,0.8660254037844387,0.0,1.0,0.0,0.0,0.0,0.0,0.0,0.0,13.0,72.0,0
2026-09-07 03:00:00,4,0.0,0,3,0,7,9,0,0.7071067811865475,0.7071067811865476,0.0,1.0,0.0,0.0,0.0,0.0,0.0,0.0,13.238519215976522,71.59110991546882,0
2026-09-07 04:00:00,4,0.0,0,4,0,7,9,0,0.8660254037844386,0.5000000000000001,0.0,1.0,0.0,0.0,0.0,0.0,0.0,0.0,13.93782217350893,70.39230484541326,0
2026-09-07 05:00:00,4,0.0,0,5,0,7,9,0,0.9659258262890683,0.25881904510252074,0.0,1.0,0.0,0.0,0.0,0.0,0.0,0.0,15.050252531694168,68.48528137423857,0
2026-09-07 06:00:00,4,0.0,0,6,0,7,9,0,1.0,6.123233995736766e-17,0.0,1.0,0.0,0.0,0.0,0.0,0.0,0.0,16.5,66.0,0
2026-09-07 07:00:00,4,0.0,0,7,0,7,9,0,0.9659258262890683,-0.25881904510252063,0.0,1.0,0.0,0.0,0.0,0.0,0.0,0.0,18.188266684282354,63.10582854123025,0
2026-09-07 08:00:00,4,0.0,0,8,0,7,9,0,0.8660254037844387,-0.4999999999999998,0.0,1.0,0.0,0.0,0.0,0.0,0.0,0.0,20.0,60.0,0
2026-09-07 09:00:00,4,0.0,0,9,0,7,9,0,0.7071067811865476,-0.7071067811865475,0.0,1.0,0.0,0.0,0.0,0.0,0.0,0.0,21.811733315717646,56.89417145876975,0
2026-09-07 10:00:00,4,0.0,0,10,0,7,9,0,0.49999999999999994,-0.8660254037844387,0.0,1.0,0.0,0.0,0.0,0.0,0.0,0.0,23.5,54.0,0
2026-09-07 11:00:00,4,0.0,0,11,0,7,9,0,0.258819045102521,-0.9659258262890682,0.0,1.0,0.0,0.0,0.0,0.0,0.0,0.0,24.94974746830583,51.51471862576143,0
2026-09-07 12:00:00,4,0.0,0,12,0,7,9,0,1.2246467991473532e-16,-1.0,0.0,1.0,0.0,0.0,0.0,0.0,0.0,0.0,26.06217782649107,49.607695154586736,0
2026-09-07 13:00:00,4,0.0,0,13,0,7,9,0,-0.2588190451025208,-0.9659258262890683,0.0,1.0,0.0,0.0,0.0,0.0,0.0,0.0,26.761480784023476,48.40889008453118,0
2026-09-07 14:00:00,4,0.0,0,14,0,7,9,0,-0.4999999999999997,-0.8660254037844388,0.0,1.0,0.0,0.0,0.0,0.0,0.0,0.0,27.0,48.0,0
2026-09-07 15:00:00,4,0.0,0,15,0,7,9,0,-0.7071067811865471,-0.7071067811865479,0.0,1.0,0.0,0.0,0.0,0.0,0.0,0.0,26.761480784023476,48.40889008453118,0
2026-09-07 16:00:00,4,0.0,0,16,0,7,9,0,-0.8660254037844384,-0.5000000000000004,0.0,1.0,0.0,0.0,0.0,0.0,0.0,0.0,26.062177826491073,49.607695154586736,0
2026-09-07 17:00:00,4,0.0,0,17,0,7,9,0,-0.9659258262890683,-0.25881904510252063,0.0,1.0,0.0,0.0,0.0,0.0,0.0,0.0,24.949747468305834,51.51471862576143,0
2026-09-07 18:00:00,4,0.0,0,18,0,7,9,0,-1.0,-1.8369701987210297e-16,0.0,1.0,0.0,0.0,0.0,0.0,0.0,0.0,23.5,54.0,0
2026-09-07 19:00:00,4,0.0,0,19,0,7,9,0,-0.9659258262890684,0.2588190451025203,0.0,1.0,0.0,0.0,0.0,0.0,0.0,0.0,21.811733315717646,56.89417145876975,0
2026-09-07 20:00:00,4,0.0,0,20,0,7,9,0,-0.8660254037844386,0.5000000000000001,0.0,1.0,0.0,0.0,0.0,0.0,0.0,0.0,20.0,60.0,0
2026-09-07 21:00:00,4,0.0,0,21,0,7,9,0,-0.7071067811865477,0.7071067811865474,0.0,1.0,0.0,0.0,0.0,0.0,0.0,0.0,18.188266684282354,63.10582854123025,0
2026-09-07 22:00:00,4,0.0,0,22,0,7,9,0,-0.5000000000000004,0.8660254037844384,0.0,1.0,0.0,0.0,0.0,0.0,0.0,0.0,16.5,66.0,0
2026-09-07 23:00:00,4,0.0,0,23,0,7,9,0,-0.25881904510252157,0.9659258262890681,0.0,1.0,0.0,0.0,0.0,0.0,0.0,0.0,15.05025253169417,68.48528137423857,0
2026-09-08 00:00:00,4,0.0,0,0,1,8,9,0,0.0,1.0,0.7818314824680298,0.6234898018587336,0.0,0.0,0.0,0.0,0.0,0.0,13.937822173508929,70.39230484541326,0
2026-09-08 01:00:00,4,0.0,0,1,1,8,9,0,0.25881904510252074,0.9659258262890683,0.7818314824680298,0.6234898018587336,0.0,0.0,0.0,0.0,0.0,0.0,13.238519215976522,71.59110991546882,0
2026-09-08 02:00:00,4,0.0,0,2,1,8,9,0,0.49999999999999994,0.8660254037844387,0.7818314824680298,0.6234898018587336,0.0,0.0,0.0,0.0,0.0,0.0,13.0,72.0,0
2026-09-08 03:00:00,4,0.0,0,3,1,8,9,0,0.7071067811865475,0.7071067811865476,0.7818314824680298,0.6234898018587336,0.0,0.0,0.0,0.0,0.0,0.0,13.238519215976522,71.59110991546882,0
2026-09-08 04:00:00,4,0.0,0,4,1,8,9,0,0.8660254037844386,0.5000000000000001,0.7818314824680298,0.6234898018587336,0.0,0.0,0.0,0.0,0.0,0.0,13.93782217350893,70.39230484541326,0
2026-09-08 05:00:00,4,0.0,0,5,1,8,9,0,0.9659258262890683,0.25881904510252074,0.7818314824680298,0.6234898018587336,0.0,0.0,0.0,0.0,0.0,0.0,15.050252531694168,68.48528137423857,0
2026-09-08 06:00:00,4,0.0,0,6,1,8,9,0,1.0,6.123233995736766e-17,0.7818314824680298,0.6234898018587336,0.0,0.0,0.0,0.0,0.0,0.0,16.5,66.0,0
2026-09-08 07:00:00,4,0.0,0,7,1,8,9,0,0.9659258262890683,-0.25881904510252063,0.7818314824680298,0.6234898018587336,0.0,0.0,0.0,0.0,0.0,0.0,18.188266684282354,63.10582854123025,0
2026-09-08 08:00:00,4,0.0,0,8,1,8,9,0,0.8660254037844387,-0.4999999999999998,0.7818314824680298,0.6234898018587336,0.0,0.0,0.0,0.0,0.0,0.0,20.0,60.0,0
2026-09-08 09:00:00,4,0.0,0,9,1,8,9,0,0.7071067811865476,-0.7071067811865475,0.7818314824680298,0.6234898018587336,0.0,0.0,0.0,0.0,0.0,0.0,21.811733315717646,56.89417145876975,0
2026-09-08 10:00:00,4,0.0,0,10,1,8,9,0,0.49999999999999994,-0.8660254037844387,0.7818314824680298,0.6234898018587336,0.0,0.0,0.0,0.0,0.0,0.0,23.5,54.0,0
2026-09-08 11:00:00,4,0.0,0,11,1,8,9,0,0.258819045102521,-0.9659258262890682,0.7818314824680298,0.6234898018587336,0.0,0.0,0.0,0.0,0.0,0.0,24.94974746830583,51.51471862576143,0
2026-09-08 12:00:00,4,0.0,0,12,1,8,9,0,1.2246467991473532e-16,-1.0,0.7818314824680298,0.6234898018587336,0.0,0.0,0.0,0.0,0.0,0.0,26.06217782649107,49.607695154586736,0
2026-09-08 13:00:00,4,0.0,0,13,1,8,9,0,-0.2588190451025208,-0.9659258262890683,0.7818314824680298,0.6234898018587336,0.0,0.0,0.0,0.0,0.0,0.0,26.761480784023476,48.40889008453118,0
2026-09-08 14:00:00,4,0.0,0,14,1,8,9,0,-0.4999999999999997,-0.8660254037844388,0.7818314824680298,0.6234898018587336,0.0,0.0,0.0,0.0,0.0,0.0,27.0,48.0,0
2026-09-08 15:00:00,4,0.0,0,15,1,8,9,0,-0.7071067811865471,-0.7071067811865479,0.7818314824680298,0.6234898018587336,0.0,0.0,0.0,0.0,0.0,0.0,26.761480784023476,48.40889008453118,0
2026-09-08 16:00:00,4,0.0,0,16,1,8,9,0,-0.8660254037844384,-0.5000000000000004,0.7818314824680298,0.6234898018587336,0.0,0.0,0.0,0.0,0.0,0.0,26.062177826491073,49.607695154586736,0
2026-09-08 17:00:00,4,0.0,0,17,1,8,9,0,-0.9659258262890683,-0.25881904510252063,0.7818314824680298,0.6234898018587336,0.0,0.0,0.0,0.0,0.0,0.0,24.949747468305834,51.51471862576143,0
2026-09-08 18:00:00,4,0.0,0,18,1,8,9,0,-1.0,-1.8369701987210297e-16,0.7818314824680298,0.6234898018587336,0.0,0.0,0.0,0.0,0.0,0.0,23.5,54.0,0
2026-09-08 19:00:00,4,0.0,0,19,1,8,9,0,-0.9659258262890684,0.2588190451025203,0.7818314824680298,0.6234898018587336,0.0,0.0,0.0,0.0,0.0,0.0,21.811733315717646,56.89417145876975,0
2026-09-08 20:00:00,4,0.0,0,20,1,8,9,0,-0.8660254037844386,0.5000000000000001,0.7818314824680298,0.6234898018587336,0.0,0.0,0.0,0.0,0.0,0.0,20.0,60.0,0
2026-09-08 21:00:00,4,0.0,0,21,1,8,9,0,-0.7071067811865477,0.7071067811865474,0.7818314824680298,0.6234898018587336,0.0,0.0,0.0,0.0,0.0,0.0,18.188266684282354,63.10582854123025,0
2026-09-08 22:00:00,4,0.0,0,22,1,8,9,0,-0.5000000000000004,0.8660254037844384,0.7818314824680298,0.6234898018587336,0.0,0.0,0.0,0.0,0.0,0.0,16.5,66.0,0
2026-09-08 23:00:00,4,0.0,0,23,1,8,9,0,-0.25881904510252157,0.9659258262890681,0.7818314824680298,0.6234898018587336,0.0,0.0,0.0,0.0,0.0,0.0,15.05025253169417,68.48528137423857,0
2026-09-09 00:00:00,4,0.0,0,0,2,9,9,0,0.0,1.0,0.9749279121818236,-0.22252093395631434,0.0,0.0,0.0,0.0,0.0,0.0,13.937822173508929,70.39230484541326,0
2026-09-09 01:00:00,4,0.0,0,1,2,9,9,0,0.25881904510252074,0.9659258262890683,0.9749279121818236,-0.22252093395631434,0.0,0.0,0.0,0.0,0.0,0.0,13.238519215976522,71.59110991546882,0
2026-09-09 02:00:00,4,10.0,1,2,2,9,9,0,0.49999999999999994,0.8660254037844387,0.9749279121818236,-0.22252093395631434,0.0,0.0,0.0,0.0,0.0,0.0,13.0,72.0,0
2026-09-09 03:00:00,4,0.0,0,3,2,9,9,0,0.7071067811865475,0.7071067811865476,0.9749279121818236,-0.22252093395631434,10.0,0.0,0.0,1.6666666666666667,0.4166666666666667,1.0,13.238519215976522,71.59110991546882,0
2026-09-09 04:00:00,4,0.0,0,4,2,9,9,0,0.8660254037844386,0.5000000000000001,0.9749279121818236,-0.22252093395631434,0.0,0.0,0.0,1.6666666666666667,0.4166666666666667,0.0,13.93782217350893,70.39230484541326,0
2026-09-09 05:00:00,4,0.0,0,5,2,9,9,0,0.9659258262890683,0.25881904510252074,0.9749279121818236,-0.22252093395631434,0.0,0.0,0.0,1.6666666666666667,0.4166666666666667,0.0,15.050252531694168,68.48528137423857,0
2026-09-09 06:00:00,4,0.0,0,6,2,9,9,0,1.0,6.123233995736766e-17,0.9749279121818236,-0.22252093395631434,0.0,0.0,0.0,1.6666666666666667,0.4166666666666667,0.0,16.5,66.0,0
2026-09-09 07:00:00,4,0.0,0,7,2,9,9,0,0.9659258262890683,-0.25881904510252063,0.9749279121818236,-0.22252093395631434,0.0,0.0,0.0,1.6666666666666667,0.4166666666666667,0.0,18.188266684282354,63.10582854123025,0
2026-09-09 08:00:00,4,0.0,0,8,2,9,9,0,0.8660254037844387,-0.4999999999999998,0.9749279121818236,-0.22252093395631434,0.0,0.0,0.0,1.6666666666666667,0.4166666666666667,0.0,20.0,60.0,0
2026-09-09 09:00:00,4,0.0,0,9,2,9,9,0,0.7071067811865476,-0.7071067811865475,0.9749279121818236,-0.22252093395631434,0.0,0.0,0.0,0.0,0.4166666666666667,0.0,21.811733315717646,56.89417145876975,0
2026-09-09 10:00:00,4,10.0,1,10,2,9,9,0,0.49999999999999994,-0.8660254037844387,0.9749279121818236,-0.22252093395631434,0.0,0.0,0.0,0.0,0.4166666666666667,0.0,23.5,54.0,0
2026-09-09 11:00:00,4,0.0,0,11,2,9,9,0,0.258819045102521,-0.9659258262890682,0.9749279121818236,-0.22252093395631434,10.0,0.0,34.79,1.6666666666666667,0.8333333333333334,1.0,24.94974746830583,51.51471862576143,0
2026-09-09 12:00:00,4,0.0,0,12,2,9,9,0,1.2246467991473532e-16,-1.0,0.9749279121818236,-0.22252093395631434,0.0,0.0,0.0,1.6666666666666667,0.8333333333333334,0.0,26.06217782649107,49.607695154586736,0
2026-09-09 13:00:00,4,0.0,0,13,2,9,9,0,-0.2588190451025208,-0.9659258262890683,0.9749279121818236,-0.22252093395631434,0.0,0.0,0.0,1.6666666666666667,0.8333333333333334,0.0,26.761480784023476,48.40889008453118,0
2026-09-09 14:00:00,4,0.0,0,14,2,9,9,0,-0.4999999999999997,-0.8660254037844388,0.9749279121818236,-0.22252093395631434,0.0,0.0,0.0,1.6666666666666667,0.8333333333333334,0.0,27.0,48.0,0
2026-09-09 15:00:00,4,76.0,1,15,2,9,9,0,-0.7071067811865471,-0.7071067811865479,0.9749279121818236,-0.22252093395631434,0.0,0.0,0.0,1.6666666666666667,0.8333333333333334,0.0,26.761480784023476,48.40889008453118,0
2026-09-09 16:00:00,4,0.0,0,16,2,9,9,0,-0.8660254037844384,-0.5000000000000004,0.9749279121818236,-0.22252093395631434,76.0,0.0,0.0,14.333333333333334,4.0,1.0,26.062177826491073,49.607695154586736,0
2026-09-09 17:00:00,4,0.0,0,17,2,9,9,0,-0.9659258262890683,-0.25881904510252063,0.9749279121818236,-0.22252093395631434,0.0,0.0,0.0,12.666666666666666,4.0,0.0,24.949747468305834,51.51471862576143,0
2026-09-09 18:00:00,4,0.0,0,18,2,9,9,0,-1.0,-1.8369701987210297e-16,0.9749279121818236,-0.22252093395631434,0.0,0.0,0.0,12.666666666666666,4.0,0.0,23.5,54.0,0
2026-09-09 19:00:00,4,0.0,0,19,2,9,9,0,-0.9659258262890684,0.2588190451025203,0.9749279121818236,-0.22252093395631434,0.0,0.0,0.0,12.666666666666666,4.0,0.0,21.811733315717646,56.89417145876975,0
2026-09-09 20:00:00,4,0.0,0,20,2,9,9,0,-0.8660254037844386,0.5000000000000001,0.9749279121818236,-0.22252093395631434,0.0,0.0,0.0,12.666666666666666,4.0,0.0,20.0,60.0,0
2026-09-09 21:00:00,4,0.0,0,21,2,9,9,0,-0.7071067811865477,0.7071067811865474,0.9749279121818236,-0.22252093395631434,0.0,0.0,0.0,12.666666666666666,4.0,0.0,18.188266684282354,63.10582854123025,0
2026-09-09 22:00:00,4,0.0,0,22,2,9,9,0,-0.5000000000000004,0.8660254037844384,0.9749279121818236,-0.22252093395631434,0.0,0.0,0.0,0.0,4.0,0.0,16.5,66.0,0
2026-09-09 23:00:00,4,0.0,0,23,2,9,9,0,-0.25881904510252157,0.9659258262890681,0.9749279121818236,-0.22252093395631434,0.0,0.0,0.0,0.0,4.0,0.0,15.05025253169417,68.48528137423857,0
2026-08-13 00:00:00,5,0.0,0,0,3,13,8,0,0.0,1.0,0.43388373911755823,-0.900968867902419,0.0,0.0,0.0,0.0,2.3370833333333336,0.0,13.937822173508929,70.39230484541326,1
2026-08-13 01:00:00,5,0.0,0,1,3,13,8,0,0.25881904510252074,0.9659258262890683,0.43388373911755823,-0.900968867902419,0.0,0.0,0.0,0.0,2.3370833333333336,0.0,13.238519215976522,71.59110991546882,1
2026-08-13 02:00:00,5,0.0,0,2,3,13,8,0,0.49999999999999994,0.8660254037844387,0.43388373911755823,-0.900968867902419,0.0,0.0,0.0,0.0,2.3370833333333336,0.0,13.0,72.0,1
2026-08-13 03:00:00,5,0.0,0,3,3,13,8,0,0.7071067811865475,0.7071067811865476,0.43388373911755823,-0.900968867902419,0.0,0.0,0.0,0.0,2.3370833333333336,0.0,13.238519215976522,71.59110991546882,1
2026-08-13 04:00:00,5,0.0,0,4,3,13,8,0,0.8660254037844386,0.5000000000000001,0.43388373911755823,-0.900968867902419,0.0,0.0,0.0,0.0,2.3370833333333336,0.0,13.93782217350893,70.39230484541326,1
2026-08-13 05:00:00,5,0.0,0,5,3,13,8,0,0.9659258262890683,0.25881904510252074,0.43388373911755823,-0.900968867902419,0.0,0.0,0.0,0.0,2.3370833333333336,0.0,15.050252531694168,68.48528137423857,1
2026-08-13 06:00:00,5,0.0,0,6,3,13,8,0,1.0,6.123233995736766e-17,0.43388373911755823,-0.900968867902419,0.0,0.0,0.0,0.0,2.3370833333333336,0.0,16.5,66.0,1
2026-08-13 07:00:00,5,0.0,0,7,3,13,8,0,0.9659258262890683,-0.25881904510252063,0.43388373911755823,-0.900968867902419,0.0,0.0,0.0,0.0,2.3370833333333336,0.0,18.188266684282354,63.10582854123025,1
2026-08-13 08:00:00,5,0.0,0,8,3,13,8,0,0.8660254037844387,-0.4999999999999998,0.43388373911755823,-0.900968867902419,0.0,0.0,0.0,0.0,2.3370833333333336,0.0,20.0,60.0,1
2026-08-13 09:00:00,5,0.0,0,9,3,13,8,0,0.7071067811865476,-0.7071067811865475,0.43388373911755823,-0.900968867902419,0.0,0.0,0.0,0.0,2.3370833333333336,0.0,21.811733315717646,56.89417145876975,1
2026-08-13 10:00:00,5,0.0,0,10,3,13,8,0,0.49999999999999994,-0.8660254037844387,0.43388373911755823,-0.900968867902419,0.0,0.0,0.0,0.0,2.3370833333333336,0.0,23.5,54.0,1
2026-08-13 11:00:00,5,0.0,0,11,3,13,8,0,0.258819045102521,-0.9659258262890682,0.43388373911755823,-0.900968867902419,0.0,0.0,0.0,0.0,2.3370833333333336,0.0,24.94974746830583,51.51471862576143,1
2026-08-13 12:00:00,5,0.0,0,12,3,13,8,0,1.2246467991473532e-16,-1.0,0.43388373911755823,-0.900968867902419,0.0,0.0,0.0,0.0,2.3370833333333336,0.0,26.06217782649107,49.607695154586736,1
2026-08-13 13:00:00,5,0.0,0,13,3,13,8,0,-0.2588190451025208,-0.9659258262890683,0.43388373911755823,-0.900968867902419,0.0,0.0,0.0,0.0,2.3370833333333336,0.0,26.761480784023476,48.40889008453118,1
2026-08-13 14:00:00,5,0.0,0,14,3,13,8,0,-0.4999999999999997,-0.8660254037844388,0.43388373911755823,-0.900968867902419,0.0,56.09,0.0,0.0,2.3370833333333336,0.0,27.0,48.0,1
2026-08-13 15:00:00,5,0.0,0,15,3,13,8,0,-0.7071067811865471,-0.7071067811865479,0.43388373911755823,-0.900968867902419,0.0,0.0,35.27,0.0,0.0,0.0,26.761480784023476,48.40889008453118,1
2026-08-13 16:00:00,5,0.0,0,16,3,13,8,0,-0.8660254037844384,-0.5000000000000004,0.43388373911755823,-0.900968867902419,0.0,0.0,0.0,0.0,0.0,0.0,26.062177826491073,49.607695154586736,1
2026-08-13 17:00:00,5,0.0,0,17,3,13,8,0,-0.9659258262890683,-0.25881904510252063,0.43388373911755823,-0.900968867902419,0.0,0.0,0.0,0.0,0.0,0.0,24.949747468305834,51.51471862576143,1
2026-08-13 18:00:00,5,0.0,0,18,3,13,8,0,-1.0,-1.8369701987210297e-16,0.43388373911755823,-0.900968867902419,0.0,0.0,0.0,0.0,0.0,0.0,23.5,54.0,1
2026-08-13 19:00:00,5,0.0,0,19,3,13,8,0,-0.9659258262890684,0.2588190451025203,0.43388373911755823,-0.900968867902419,0.0,0.0,0.0,0.0,0.0,0.0,21.811733315717646,56.89417145876975,1
2026-08-13 20:00:00,5,0.0,0,20,3,13,8,0,-0.8660254037844386,0.5000000000000001,0.43388373911755823,-0.900968867902419,0.0,0.0,0.0,0.0,0.0,0.0,20.0,60.0,1
2026-08-13 21:00:00,5,0.0,0,21,3,13,8,0,-0.7071067811865477,0.7071067811865474,0.43388373911755823,-0.900968867902419,0.0,0.0,0.0,0.0,0.0,0.0,18.188266684282354,63.10582854123025,1
2026-08-13 22:00:00,5,0.0,0,22,3,13,8,0,-0.5000000000000004,0.8660254037844384,0.43388373911755823,-0.900968867902419,0.0,0.0,0.0,0.0,0.0,0.0,16.5,66.0,1
2026-08-13 23:00:00,5,0.0,0,23,3,13,8,0,-0.25881904510252157,0.9659258262890681,0.43388373911755823,-0.900968867902419,0.0,0.0,0.0,0.0,0.0,0.0,15.05025253169417,68.48528137423857,1
2026-08-14 00:00:00,5,0.0,0,0,4,14,8,0,0.0,1.0,-0.433883739117558,-0.9009688679024191,0.0,0.0,0.0,0.0,0.0,0.0,13.937822173508929,70.39230484541326,0
2026-08-14 01:00:00,5,0.0,0,1,4,14,8,0,0.25881904510252074,0.9659258262890683,-0.433883739117558,-0.9009688679024191,0.0,0.0,0.0,0.0,0.0,0.0,13.238519215976522,71.59110991546882,0
2026-08-14 02:00:00,5,0.0,0,2,4,14,8,0,0.49999999999999994,0.8660254037844387,-0.433883739117558,-0.9009688679024191,0.0,0.0,0.0,0.0,0.0,0.0,13.0,72.0,0
2026-08-14 03:00:00,5,0.0,0,3,4,14,8,0,0.7071067811865475,0.7071067811865476,-0.433883739117558,-0.9009688679024191,0.0,0.0,0.0,0.0,0.0,0.0,13.238519215976522,71.59110991546882,0
2026-08-14 04:00:00,5,0.0,0,4,4,14,8,0,0.8660254037844386,0.5000000000000001,-0.433883739117558,-0.9009688679024191,0.0,0.0,0.0,0.0,0.0,0.0,13.93782217350893,70.39230484541326,0
2026-08-14 05:00:00,5,0.0,0,5,4,14,8,0,0.9659258262890683,0.25881904510252074,-0.433883739117558,-0.9009688679024191,0.0,0.0,0.0,0.0,0.0,0.0,15.050252531694168,68.48528137423857,0
2026-08-14 06:00:00,5,0.0,0,6,4,14,8,0,1.0,6.123233995736766e-17,-0.433883739117558,-0.9009688679024191,0.0,0.0,0.0,0.0,0.0,0.0,16.5,66.0,0
2026-08-14 07:00:00,5,0.0,0,7,4,14,8,0,0.9659258262890683,-0.25881904510252063,-0.433883739117558,-0.9009688679024191,0.0,0.0,0.0,0.0,0.0,0.0,18.188266684282354,63.10582854123025,0
2026-08-14 08:00:00,5,0.0,0,8,4,14,8,0,0.8660254037844387,-0.4999999999999998,-0.433883739117558,-0.9009688679024191,0.0,0.0,0.0,0.0,0.0,0.0,20.0,60.0,0
2026-08-14 09:00:00,5,0.0,0,9,4,14,8,0,0.7071067811865476,-0.7071067811865475,-0.433883739117558,-0.9009688679024191,0.0,0.0,0.0,0.0,0.0,0.0,21.811733315717646,56.89417145876975,0
2026-08-14 10:00:00,5,0.0,0,10,4,14,8,0,0.49999999999999994,-0.8660254037844387,-0.433883739117558,-0.9009688679024191,0.0,0.0,0.0,0.0,0.0,0.0,23.5,54.0,0
2026-08-14 11:00:00,5,0.0,0,11,4,14,8,0,0.258819045102521,-0.9659258262890682,-0.433883739117558,-0.9009688679024191,0.0,0.0,0.0,0.0,0.0,0.0,24.94974746830583,51.51471862576143,0
2026-08-14 12:00:00,5,0.0,0,12,4,14,8,0,1.2246467991473532e-16,-1.0,-0.433883739117558,-0.9009688679024191,0.0,0.0,0.0,0.0,0.0,0.0,26.06217782649107,49.607695154586736,0
2026-08-14 13:00:00,5,0.0,0,13,4,14,8,0,-0.2588190451025208,-0.9659258262890683,-0.433883739117558,-0.9009688679024191,0.0,0.0,0.0,0.0,0.0,0.0,26.761480784023476,48.40889008453118,0
2026-08-14 14:00:00,5,0.0,0,14,4,14,8,0,-0.4999999999999997,-0.8660254037844388,-0.433883739117558,-0.9009688679024191,0.0,0.0,0.0,0.0,0.0,0.0,27.0,48.0,0
2026-08-14 15:00:00,5,0.0,0,15,4,14,8,0,-0.7071067811865471,-0.7071067811865479,-0.433883739117558,-0.9009688679024191,0.0,0.0,0.0,0.0,0.0,0.0,26.761480784023476,48.40889008453118,0
2026-08-14 16:00:00,5,0.0,0,16,4,14,8,0,-0.8660254037844384,-0.5000000000000004,-0.433883739117558,-0.9009688679024191,0.0,0.0,0.0,0.0,0.0,0.0,26.062177826491073,49.607695154586736,0
2026-08-14 17:00:00,5,0.0,0,17,4,14,8,0,-0.9659258262890683,-0.25881904510252063,-0.433883739117558,-0.9009688679024191,0.0,0.0,0.0,0.0,0.0,0.0,24.949747468305834,51.51471862576143,0
2026-08-14 18:00:00,5,0.0,0,18,4,14,8,0,-1.0,-1.8369701987210297e-16,-0.433883739117558,-0.9009688679024191,0.0,0.0,0.0,0.0,0.0,0.0,23.5,54.0,0
2026-08-14 19:00:00,5,0.0,0,19,4,14,8,0,-0.9659258262890684,0.2588190451025203,-0.433883739117558,-0.9009688679024191,0.0,0.0,0.0,0.0,0.0,0.0,21.811733315717646,56.89417145876975,0
2026-08-14 20:00:00,5,0.0,0,20,4,14,8,0,-0.8660254037844386,0.5000000000000001,-0.433883739117558,-0.9009688679024191,0.0,0.0,0.0,0.0,0.0,0.0,20.0,60.0,0
2026-08-14 21:00:00,5,0.0,0,21,4,14,8,0,-0.7071067811865477,0.7071067811865474,-0.433883739117558,-0.9009688679024191,0.0,0.0,0.0,0.0,0.0,0.0,18.188266684282354,63.10582854123025,0
2026-08-14 22:00:00,5,0.0,0,22,4,14,8,0,-0.5000000000000004,0.8660254037844384,-0.433883739117558,-0.9009688679024191,0.0,0.0,0.0,0.0,0.0,0.0,16.5,66.0,0
2026-08-14 23:00:00,5,0.0,0,23,4,14,8,0,-0.25881904510252157,0.9659258262890681,-0.433883739117558,-0.9009688679024191,0.0,0.0,0.0,0.0,0.0,0.0,15.05025253169417,68.48528137423857,0
2026-08-15 00:00:00,5,0.0,0,0,5,15,8,1,0.0,1.0,-0.9749279121818236,-0.2225209339563146,0.0,0.0,0.0,0.0,0.0,0.0,13.937822173508929,70.39230484541326,0
2026-08-15 01:00:00,5,0.0,0,1,5,15,8,1,0.25881904510252074,0.9659258262890683,-0.9749279121818236,-0.2225209339563146,0.0,0.0,0.0,0.0,0.0,0.0,13.238519215976522,71.59110991546882,0
2026-08-15 02:00:00,5,0.0,0,2,5,15,8,1,0.49999999999999994,0.8660254037844387,-0.9749279121818236,-0.2225209339563146,0.0,0.0,0.0,0.0,0.0,0.0,13.0,72.0,0
2026-08-15 03:00:00,5,0.0,0,3,5,15,8,1,0.7071067811865475,0.7071067811865476,-0.9749279121818236,-0.2225209339563146,0.0,0.0,0.0,0.0,0.0,0.0,13.238519215976522,71.59110991546882,0
2026-08-15 04:00:00,5,0.0,0,4,5,15,8,1,0.8660254037844386,0.5000000000000001,-0.9749279121818236,-0.2225209339563146,0.0,0.0,0.0,0.0,0.0,0.0,13.93782217350893,70.39230484541326,0
2026-08-15 05:00:00,5,0.0,0,5,5,15,8,1,0.9659258262890683,0.25881904510252074,-0.9749279121818236,-0.2225209339563146,0.0,0.0,0.0,0.0,0.0,0.0,15.050252531694168,68.48528137423857,0
2026-08-15 06:00:00,5,0.0,0,6,5,15,8,1,1.0,6.123233995736766e-17,-0.9749279121818236,-0.2225209339563146,0.0,0.0,0.0,0.0,0.0,0.0,16.5,66.0,0
2026-08-15 07:00:00,5,0.0,0,7,5,15,8,1,0.9659258262890683,-0.25881904510252063,-0.9749279121818236,-0.2225209339563146,0.0,0.0,0.0,0.0,0.0,0.0,18.188266684282354,63.10582854123025,0
2026-08-15 08:00:00,5,0.0,0,8,5,15,8,1,0.8660254037844387,-0.4999999999999998,-0.9749279121818236,-0.2225209339563146,0.0,0.0,0.0,0.0,0.0,0.0,20.0,60.0,0
2026-08-15 09:00:00,5,0.0,0,9,5,15,8,1,0.7071067811865476,-0.7071067811865475,-0.9749279121818236,-0.2225209339563146,0.0,0.0,0.0,0.0,0.0,0.0,21.811733315717646,56.89417145876975,0
2026-08-15 10:00:00,5,0.0,0,10,5,15,8,1,0.49999999999999994,-0.8660254037844387,-0.9749279121818236,-0.2225209339563146,0.0,0.0,0.0,0.0,0.0,0.0,23.5,54.0,0
2026-08-15 11:00:00,5,0.0,0,11,5,15,8,1,0.258819045102521,-0.9659258262890682,-0.9749279121818236,-0.2225209339563146,0.0,0.0,0.0,0.0,0.0,0.0,24.94974746830583,51.51471862576143,0
2026-08-15 12:00:00,5,0.0,0,12,5,15,8,1,1.2246467991473532e-16,-1.0,-0.9749279121818236,-0.2225209339563146,0.0,0.0,26.55,0.0,0.0,0.0,26.06217782649107,49.607695154586736,0
2026-08-15 13:00:00,5,0.0,0,13,5,15,8,1,-0.2588190451025208,-0.9659258262890683,-0.9749279121818236,-0.2225209339563146,0.0,0.0,0.0,0.0,0.0,0.0,26.761480784023476,48.40889008453118,0
2026-08-15 14:00:00,5,0.0,0,14,5,15,8,1,-0.4999999999999997,-0.8660254037844388,-0.9749279121818236,-0.2225209339563146,0.0,0.0,0.0,0.0,0.0,0.0,27.0,48.0,0
2026-08-15 15:00:00,5,0.0,0,15,5,15,8,1,-0.7071067811865471,-0.7071067811865479,-0.9749279121818236,-0.2225209339563146,0.0,0.0,53.4,0.0,0.0,0.0,26.761480784023476,48.40889008453118,0
2026-08-15 16:00:00,5,0.0,0,16,5,15,8,1,-0.8660254037844384,-0.5000000000000004,-0.9749279121818236,-0.2225209339563146,0.0,0.0,0.0,0.0,0.0,0.0,26.062177826491073,49.607695154586736,0
2026-08-15 17:00:00,5,0.0,0,17,5,15,8,1,-0.9659258262890683,-0.25881904510252063,-0.9749279121818236,-0.2225209339563146,0.0,0.0,0.0,0.0,0.0,0.0,24.949747468305834,51.51471862576143,0
2026-08-15 18:00:00,5,0.0,0,18,5,15,8,1,-1.0,-1.8369701987210297e-16,-0.9749279121818236,-0.2225209339563146,0.0,0.0,0.0,0.0,0.0,0.0,23.5,54.0,0
2026-08-15 19:00:00,5,21.38,1,19,5,15,8,1,-0.9659258262890684,0.2588190451025203,-0.9749279121818236,-0.2225209339563146,0.0,0.0,0.0,0.0,0.0,0.0,21.811733315717646,56.89417145876975,0
2026-08-15 20:00:00,5,0.0,0,20,5,15,8,1,-0.8660254037844386,0.5000000000000001,-0.9749279121818236,-0.2225209339563146,21.38,0.0,0.0,3.563333333333333,0.8908333333333333,1.0,20.0,60.0,0
2026-08-15 21:00:00,5,0.0,0,21,5,15,8,1,-0.7071067811865477,0.7071067811865474,-0.9749279121818236,-0.2225209339563146,0.0,0.0,0.0,3.563333333333333,0.8908333333333333,0.0,18.188266684282354,63.10582854123025,0
2026-08-15 22:00:00,5,0.0,0,22,5,15,8,1,-0.5000000000000004,0.8660254037844384,-0.9749279121818236,-0.2225209339563146,0.0,0.0,0.0,3.563333333333333,0.8908333333333333,0.0,16.5,66.0,0
2026-08-15 23:00:00,5,0.0,0,23,5,15,8,1,-0.25881904510252157,0.9659258262890681,-0.9749279121818236,-0.2225209339563146,0.0,0.0,0.0,3.563333333333333,0.8908333333333333,0.0,15.05025253169417,68.48528137423857,0
2026-08-16 00:00:00,5,0.0,0,0,6,16,8,1,0.0,1.0,-0.7818314824680299,0.6234898018587334,0.0,0.0,0.0,3.563333333333333,0.8908333333333333,0.0,13.937822173508929,70.39230484541326,0
2026-08-16 01:00:00,5,0.0,0,1,6,16,8,1,0.25881904510252074,0.9659258262890683,-0.7818314824680299,0.6234898018587334,0.0,0.0,0.0,3.563333333333333,0.8908333333333333,0.0,13.238519215976522,71.59110991546882,0
2026-08-16 02:00:00,5,0.0,0,2,6,16,8,1,0.49999999999999994,0.8660254037844387,-0.7818314824680299,0.6234898018587334,0.0,0.0,0.0,0.0,0.8908333333333333,0.0,13.0,72.0,0
2026-08-16 03:00:00,5,0.0,0,3,6,16,8,1,0.7071067811865475,0.7071067811865476,-0.7818314824680299,0.6234898018587334,0.0,0.0,0.0,0.0,0.8908333333333333,0.0,13.238519215976522,71.59110991546882,0
2026-08-16 04:00:00,5,0.0,0,4,6,16,8,1,0.8660254037844386,0.5000000000000001,-0.7818314824680299,0.6234898018587334,0.0,0.0,0.0,0.0,0.8908333333333333,0.0,13.93782217350893,70.39230484541326,0
2026-08-16 05:00:00,5,0.0,0,5,6,16,8,1,0.9659258262890683,0.25881904510252074,-0.7818314824680299,0.6234898018587334,0.0,0.0,0.0,0.0,0.8908333333333333,0.0,15.050252531694168,68.48528137423857,0
2026-08-16 06:00:00,5,0.0,0,6,6,16,8,1,1.0,6.123233995736766e-17,-0.7818314824680299,0.6234898018587334,0.0,0.0,0.0,0.0,0.8908333333333333,0.0,16.5,66.0,0
2026-08-16 07:00:00,5,0.0,0,7,6,16,8,1,0.9659258262890683,-0.25881904510252063,-0.7818314824680299,0.6234898018587334,0.0,0.0,0.0,0.0,0.8908333333333333,0.0,18.188266684282354,63.10582854123025,0
2026-08-16 08:00:00,5,0.0,0,8,6,16,8,1,0.8660254037844387,-0.4999999999999998,-0.7818314824680299,0.6234898018587334,0.0,0.0,0.0,0.0,0.8908333333333333,0.0,20.0,60.0,0
2026-08-16 09:00:00,5,0.0,0,9,6,16,8,1,0.7071067811865476,-0.7071067811865475,-0.7818314824680299,0.6234898018587334,0.0,0.0,0.0,0.0,0.8908333333333333,0.0,21.811733315717646,56.89417145876975,0
2026-08-16 10:00:00,5,0.0,0,10,6,16,8,1,0.49999999999999994,-0.8660254037844387,-0.7818314824680299,0.6234898018587334,0.0,0.0,0.0,0.0,0.8908333333333333,0.0,23.5,54.0,0
2026-08-16 11:00:00,5,0.0,0,11,6,16,8,1,0.258819045102521,-0.9659258262890682,-0.7818314824680299,0.6234898018587334,0.0,0.0,0.0,0.0,0.8908333333333333,0.0,24.94974746830583,51.51471862576143,0
2026-08-16 12:00:00,5,37.61,1,12,6,16,8,1,1.2246467991473532e-16,-1.0,-0.7818314824680299,0.6234898018587334,0.0,0.0,0.0,0.0,0.8908333333333333,0.0,26.06217782649107,49.607695154586736,0
2026-08-16 13:00:00,5,0.0,0,13,6,16,8,1,-0.2588190451025208,-0.9659258262890683,-0.7818314824680299,0.6234898018587334,37.61,0.0,0.0,6.2683333333333335,2.4579166666666663,1.0,26.761480784023476,48.40889008453118,0
2026-08-16 14:00:00,5,0.0,0,14,6,16,8,1,-0.4999999999999997,-0.8660254037844388,-0.7818314824680299,0.6234898018587334,0.0,0.0,0.0,6.2683333333333335,2.4579166666666663,0.0,27.0,48.0,0
2026-08-16 15:00:00,5,58.15,1,15,6,16,8,1,-0.7071067811865471,-0.7071067811865479,-0.7818314824680299,0.6234898018587334,0.0,0.0,0.0,6.2683333333333335,2.4579166666666663,0.0,26.761480784023476,48.40889008453118,0
2026-08-16 16:00:00,5,0.0,0,16,6,16,8,1,-0.8660254037844384,-0.5000000000000004,-0.7818314824680299,0.6234898018587334,58.15,0.0,0.0,15.959999999999999,4.8808333333333325,1.0,26.062177826491073,49.607695154586736,0
2026-08-16 17:00:00,5,0.0,0,17,6,16,8,1,-0.9659258262890683,-0.25881904510252063,-0.7818314824680299,0.6234898018587334,0.0,0.0,0.0,15.959999999999999,4.8808333333333325,0.0,24.949747468305834,51.51471862576143,0
2026-08-16 18:00:00,5,0.0,0,18,6,16,8,1,-1.0,-1.8369701987210297e-16,-0.7818314824680299,0.6234898018587334,0.0,0.0,0.0,15.959999999999999,4.8808333333333325,0.0,23.5,54.0,0
2026-08-16 19:00:00,5,0.0,0,19,6,16,8,1,-0.9659258262890684,0.2588190451025203,-0.7818314824680299,0.6234898018587334,0.0,21.38,0.0,9.691666666666666,4.8808333333333325,0.0,21.811733315717646,56.89417145876975,0
2026-08-16 20:00:00,5,0.0,0,20,6,16,8,1,-0.8660254037844386,0.5000000000000001,-0.7818314824680299,0.6234898018587334,0.0,0.0,14.65,9.691666666666666,3.9899999999999998,0.0,20.0,60.0,0
2026-08-16 21:00:00,5,0.0,0,21,6,16,8,1,-0.7071067811865477,0.7071067811865474,-0.7818314824680299,0.6234898018587334,0.0,0.0,0.0,9.691666666666666,3.9899999999999998,0.0,18.188266684282354,63.10582854123025,0
2026-08-16 22:00:00,5,0.0,0,22,6,16,8,1,-0.5000000000000004,0.8660254037844384,-0.7818314824680299,0.6234898018587334,0.0,0.0,0.0,0.0,3.9899999999999998,0.0,16.5,66.0,0
2026-08-16 23:00:00,5,0.0,0,23,6,16,8,1,-0.25881904510252157,0.9659258262890681,-0.7818314824680299,0.6234898018587334,0.0,0.0,0.0,0.0,3.9899999999999998,0.0,15.05025253169417,68.48528137423857,0
2026-08-17 00:00:00,5,0.0,0,0,0,17,8,0,0.0,1.0,0.0,1.0,0.0,0.0,0.0,0.0,3.9899999999999998,0.0,13.937822173508929,70.39230484541326,0
2026-08-17 01:00:00,5,0.0,0,1,0,17,8,0,0.25881904510252074,0.9659258262890683,0.0,1.0,0.0,0.0,0.0,0.0,3.9899999999999998,0.0,13.238519215976522,71.59110991546882,0
2026-08-17 02:00:00,5,0.0,0,2,0,17,8,0,0.49999999999999994,0.8660254037844387,0.0,1.0,0.0,0.0,0.0,0.0,3.9899999999999998,0.0,13.0,72.0,0
2026-08-17 03:00:00,5,0.0,0,3,0,17,8,0,0.7071067811865475,0.7071067811865476,0.0,1.0,0.0,0.0,0.0,0.0,3.9899999999999998,0.0,13.238519215976522,71.59110991546882,0
2026-08-17 04:00:00,5,0.0,0,4,0,17,8,0,0.8660254037844386,0.5000000000000001,0.0,1.0,0.0,0.0,0.0,0.0,3.9899999999999998,0.0,13.93782217350893,70.39230484541326,0
2026-08-17 05:00:00,5,0.0,0,5,0,17,8,0,0.9659258262890683,0.25881904510252074,0.0,1.0,0.0,0.0,0.0,0.0,3.9899999999999998,0.0,15.050252531694168,68.48528137423857,0
2026-08-17 06:00:00,5,0.0,0,6,0,17,8,0,1.0,6.123233995736766e-17,0.0,1.0,0.0,0.0,0.0,0.0,3.9899999999999998,0.0,16.5,66.0,0
2026-08-17 07:00:00,5,0.0,0,7,0,17,8,0,0.9659258262890683,-0.25881904510252063,0.0,1.0,0.0,0.0,44.99,0.0,3.9899999999999998,0.0,18.188266684282354,63.10582854123025,0
2026-08-17 08:00:00,5,58.45,1,8,0,17,8,0,0.8660254037844387,-0.4999999999999998,0.0,1.0,0.0,0.0,0.0,0.0,3.9899999999999998,0.0,20.0,60.0,0
2026-08-17 09:00:00,5,0.0,0,9,0,17,8,0,0.7071067811865476,-0.7071067811865475,0.0,1.0,58.45,0.0,0.0,9.741666666666667,6.425416666666667,1.0,21.811733315717646,56.89417145876975,0
2026-08-17 10:00:00,5,0.0,0,10,0,17,8,0,0.49999999999999994,-0.8660254037844387,0.0,1.0,0.0,0.0,0.0,9.741666666666667,6.425416666666667,0.0,23.5,54.0,0
2026-08-17 11:00:00,5,0.0,0,11,0,17,8,0,0.258819045102521,-0.9659258262890682,0.0,1.0,0.0,0.0,0.0,9.741666666666667,6.425416666666667,0.0,24.94974746830583,51.51471862576143,0
2026-08-17 12:00:00,5,0.0,0,12,0,17,8,0,1.2246467991473532e-16,-1.0,0.0,1.0,0.0,37.61,0.0,9.741666666666667,6.425416666666667,0.0,26.06217782649107,49.607695154586736,0
2026-08-17 13:00:00,5,0.0,0,13,0,17,8,0,-0.2588190451025208,-0.9659258262890683,0.0,1.0,0.0,0.0,0.0,9.741666666666667,4.858333333333333,0.0,26.761480784023476,48.40889008453118,0
2026-08-17 14:00:00,5,0.0,0,14,0,17,8,0,-0.4999999999999997,-0.8660254037844388,0.0,1.0,0.0,0.0,0.0,9.741666666666667,4.858333333333333,0.0,27.0,48.0,0
2026-08-17 15:00:00,5,0.0,0,15,0,17,8,0,-0.7071067811865471,-0.7071067811865479,0.0,1.0,0.0,58.15,0.0,0.0,4.858333333333333,0.0,26.761480784023476,48.40889008453118,0
2026-08-17 16:00:00,5,0.0,0,16,0,17,8,0,-0.8660254037844384,-0.5000000000000004,0.0,1.0,0.0,0.0,0.0,0.0,2.435416666666667,0.0,26.062177826491073,49.607695154586736,0
2026-08-17 17:00:00,5,0.0,0,17,0,17,8,0,-0.9659258262890683,-0.25881904510252063,0.0,1.0,0.0,0.0,0.0,0.0,2.435416666666667,0.0,24.949747468305834,51.51471862576143,0
2026-08-17 18:00:00,5,0.0,0,18,0,17,8,0,-1.0,-1.8369701987210297e-16,0.0,1.0,0.0,0.0,0.0,0.0,2.435416666666667,0.0,23.5,54.0,0
2026-08-17 19:00:00,5,0.0,0,19,0,17,8,0,-0.9659258262890684,0.2588190451025203,0.0,1.0,0.0,0.0,0.0,0.0,2.435416666666667,0.0,21.811733315717646,56.89417145876975,0
2026-08-17 20:00:00,5,0.0,0,20,0,17,8,0,-0.8660254037844386,0.5000000000000001,0.0,1.0,0.0,0.0,0.0,0.0,2.435416666666667,0.0,20.0,60.0,0
2026-08-17 21:00:00,5,0.0,0,21,0,17,8,0,-0.7071067811865477,0.7071067811865474,0.0,1.0,0.0,0.0,0.0,0.0,2.435416666666667,0.0,18.188266684282354,63.10582854123025,0
2026-08-17 22:00:00,5,0.0,0,22,0,17,8,0,-0.5000000000000004,0.8660254037844384,0.0,1.0,0.0,0.0,0.0,0.0,2.435416666666667,0.0,16.5,66.0,0
2026-08-17 23:00:00,5,0.0,0,23,0,17,8,0,-0.25881904510252157,0.9659258262890681,0.0,1.0,0.0,0.0,0.0,0.0,2.435416666666667,0.0,15.05025253169417,68.48528137423857,0
2026-08-18 00:00:00,5,0.0,0,0,1,18,8,0,0.0,1.0,0.7818314824680298,0.6234898018587336,0.0,0.0,0.0,0.0,2.435416666666667,0.0,13.937822173508929,70.39230484541326,0
2026-08-18 01:00:00,5,0.0,0,1,1,18,8,0,0.25881904510252074,0.9659258262890683,0.7818314824680298,0.6234898018587336,0.0,0.0,0.0,0.0,2.435416666666667,0.0,13.238519215976522,71.59110991546882,0
2026-08-18 02:00:00,5,0.0,0,2,1,18,8,0,0.49999999999999994,0.8660254037844387,0.7818314824680298,0.6234898018587336,0.0,0.0,0.0,0.0,2.435416666666667,0.0,13.0,72.0,0
2026-08-18 03:00:00,5,0.0,0,3,1,18,8,0,0.7071067811865475,0.7071067811865476,0.7818314824680298,0.6234898018587336,0.0,0.0,0.0,0.0,2.435416666666667,0.0,13.238519215976522,71.59110991546882,0
2026-08-18 04:00:00,5,0.0,0,4,1,18,8,0,0.8660254037844386,0.5000000000000001,0.7818314824680298,0.6234898018587336,0.0,0.0,0.0,0.0,2.435416666666667,0.0,13.93782217350893,70.39230484541326,0
2026-08-18 05:00:00,5,0.0,0,5,1,18,8,0,0.9659258262890683,0.25881904510252074,0.7818314824680298,0.6234898018587336,0.0,0.0,0.0,0.0,2.435416666666667,0.0,15.050252531694168,68.48528137423857,0
2026-08-18 06:00:00,5,0.0,0,6,1,18,8,0,1.0,6.123233995736766e-17,0.7818314824680298,0.6234898018587336,0.0,0.0,0.0,0.0,2.435416666666667,0.0,16.5,66.0,0
2026-08-18 07:00:00,5,0.0,0,7,1,18,8,0,0.9659258262890683,-0.25881904510252063,0.7818314824680298,0.6234898018587336,0.0,0.0,0.0,0.0,2.435416666666667,0.0,18.188266684282354,63.10582854123025,0
2026-08-18 08:00:00,5,0.0,0,8,1,18,8,0,0.8660254037844387,-0.4999999999999998,0.7818314824680298,0.6234898018587336,0.0,58.45,0.0,0.0,2.435416666666667,0.0,20.0,60.0,0
2026-08-18 09:00:00,5,0.0,0,9,1,18,8,0,0.7071067811865476,-0.7071067811865475,0.7818314824680298,0.6234898018587336,0.0,0.0,0.0,0.0,0.0,0.0,21.811733315717646,56.89417145876975,0
2026-08-18 10:00:00,5,0.0,0,10,1,18,8,0,0.49999999999999994,-0.8660254037844387,0.7818314824680298,0.6234898018587336,0.0,0.0,0.0,0.0,0.0,0.0,23.5,54.0,0
2026-08-18 11:00:00,5,11.54,1,11,1,18,8,0,0.258819045102521,-0.9659258262890682,0.7818314824680298,0.6234898018587336,0.0,0.0,0.0,0.0,0.0,0.0,24.94974746830583,51.51471862576143,0
2026-08-18 12:00:00,5,0.0,0,12,1,18,8,0,1.2246467991473532e-16,-1.0,0.7818314824680298,0.6234898018587336,11.54,0.0,0.0,1.9233333333333331,0.4808333333333333,1.0,26.06217782649107,49.607695154586736,0
2026-08-18 13:00:00,5,0.0,0,13,1,18,8,0,-0.2588190451025208,-0.9659258262890683,0.7818314824680298,0.6234898018587336,0.0,0.0,0.0,1.9233333333333331,0.4808333333333333,0.0,26.761480784023476,48.40889008453118,0
2026-08-18 14:00:00,5,0.0,0,14,1,18,8,0,-0.4999999999999997,-0.8660254037844388,0.7818314824680298,0.6234898018587336,0.0,0.0,0.0,1.9233333333333331,0.4808333333333333,0.0,27.0,48.0,0
2026-08-18 15:00:00,5,0.0,0,15,1,18,8,0,-0.7071067811865471,-0.7071067811865479,0.7818314824680298,0.6234898018587336,0.0,0.0,0.0,1.9233333333333331,0.4808333333333333,0.0,26.761480784023476,48.40889008453118,0
2026-08-18 16:00:00,5,0.0,0,16,1,18,8,0,-0.8660254037844384,-0.5000000000000004,0.7818314824680298,0.6234898018587336,0.0,0.0,0.0,1.9233333333333331,0.4808333333333333,0.0,26.062177826491073,49.607695154586736,0
2026-08-18 17:00:00,5,0.0,0,17,1,18,8,0,-0.9659258262890683,-0.25881904510252063,0.7818314824680298,0.6234898018587336,0.0,0.0,0.0,1.9233333333333331,0.4808333333333333,0.0,24.949747468305834,51.51471862576143,0
2026-08-18 18:00:00,5,0.0,0,18,1,18,8,0,-1.0,-1.8369701987210297e-16,0.7818314824680298,0.6234898018587336,0.0,0.0,0.0,0.0,0.4808333333333333,0.0,23.5,54.0,0
2026-08-18 19:00:00,5,0.0,0,19,1,18,8,0,-0.9659258262890684,0.2588190451025203,0.7818314824680298,0.6234898018587336,0.0,0.0,0.0,0.0,0.4808333333333333,0.0,21.811733315717646,56.89417145876975,0
2026-08-18 20:00:00,5,0.0,0,20,1,18,8,0,-0.8660254037844386,0.5000000000000001,0.7818314824680298,0.6234898018587336,0.0,0.0,0.0,0.0,0.4808333333333333,0.0,20.0,60.0,0
2026-08-18 21:00:00,5,0.0,0,21,1,18,8,0,-0.7071067811865477,0.7071067811865474,0.7818314824680298,0.6234898018587336,0.0,0.0,0.0,0.0,0.4808333333333333,0.0,18.188266684282354,63.10582854123025,0
2026-08-18 22:00:00,5,0.0,0,22,1,18,8,0,-0.5000000000000004,0.8660254037844384,0.7818314824680298,0.6234898018587336,0.0,0.0,0.0,0.0,0.4808333333333333,0.0,16.5,66.0,0
2026-08-18 23:00:00,5,0.0,0,23,1,18,8,0,-0.25881904510252157,0.9659258262890681,0.7818314824680298,0.6234898018587336,0.0,0.0,0.0,0.0,0.4808333333333333,0.0,15.05025253169417,68.48528137423857,0
2026-08-19 00:00:00,5,0.0,0,0,2,19,8,0,0.0,1.0,0.9749279121818236,-0.22252093395631434,0.0,0.0,0.0,0.0,0.4808333333333333,0.0,13.937822173508929,70.39230484541326,0
2026-08-19 01:00:00,5,0.0,0,1,2,19,8,0,0.25881904510252074,0.9659258262890683,0.9749279121818236,-0.22252093395631434,0.0,0.0,0.0,0.0,0.4808333333333333,0.0,13.238519215976522,71.59110991546882,0
2026-08-19 02:00:00,5,0.0,0,2,2,19,8,0,0.49999999999999994,0.8660254037844387,0.9749279121818236,-0.22252093395631434,0.0,0.0,0.0,0.0,0.4808333333333333,0.0,13.0,72.0,0
2026-08-19 03:00:00,5,0.0,0,3,2,19,8,0,0.7071067811865475,0.7071067811865476,0.9749279121818236,-0.22252093395631434,0.0,0.0,0.0,0.0,0.4808333333333333,0.0,13.238519215976522,71.59110991546882,0
2026-08-19 04:00:00,5,0.0,0,4,2,19,8,0,0.8660254037844386,0.5000000000000001,0.9749279121818236,-0.22252093395631434,0.0,0.0,0.0,0.0,0.4808333333333333,0.0,13.93782217350893,70.39230484541326,0
2026-08-19 05:00:00,5,0.0,0,5,2,19,8,0,0.9659258262890683,0.25881904510252074,0.9749279121818236,-0.22252093395631434,0.0,0.0,0.0,0.0,0.4808333333333333,0.0,15.050252531694168,68.48528137423857,0
2026-08-19 06:00:00,5,0.0,0,6,2,19,8,0,1.0,6.123233995736766e-17,0.9749279121818236,-0.22252093395631434,0.0,0.0,0.0,0.0,0.4808333333333333,0.0,16.5,66.0,0
2026-08-19 07:00:00,5,0.0,0,7,2,19,8,0,0.9659258262890683,-0.25881904510252063,0.9749279121818236,-0.22252093395631434,0.0,0.0,0.0,0.0,0.4808333333333333,0.0,18.188266684282354,63.10582854123025,0
2026-08-19 08:00:00,5,0.0,0,8,2,19,8,0,0.8660254037844387,-0.4999999999999998,0.9749279121818236,-0.22252093395631434,0.0,0.0,0.0,0.0,0.4808333333333333,0.0,20.0,60.0,0
2026-08-19 09:00:00,5,0.0,0,9,2,19,8,0,0.7071067811865476,-0.7071067811865475,0.9749279121818236,-0.22252093395631434,0.0,0.0,0.0,0.0,0.4808333333333333,0.0,21.811733315717646,56.89417145876975,0
2026-08-19 10:00:00,5,0.0,0,10,2,19,8,0,0.49999999999999994,-0.8660254037844387,0.9749279121818236,-0.22252093395631434,0.0,0.0,0.0,0.0,0.4808333333333333,0.0,23.5,54.0,0
2026-08-19 11:00:00,5,0.0,0,11,2,19,8,0,0.258819045102521,-0.9659258262890682,0.9749279121818236,-0.22252093395631434,0.0,11.54,0.0,0.0,0.4808333333333333,0.0,24.94974746830583,51.51471862576143,0
2026-08-19 12:00:00,5,0.0,0,12,2,19,8,0,1.2246467991473532e-16,-1.0,0.9749279121818236,-0.22252093395631434,0.0,0.0,0.0,0.0,0.0,0.0,26.06217782649107,49.607695154586736,0
2026-08-19 13:00:00,5,0.0,0,13,2,19,8,0,-0.2588190451025208,-0.9659258262890683,0.9749279121818236,-0.22252093395631434,0.0,0.0,0.0,0.0,0.0,0.0,26.761480784023476,48.40889008453118,0
2026-08-19 14:00:00,5,27.83,1,14,2,19,8,0,-0.4999999999999997,-0.8660254037844388,0.9749279121818236,-0.22252093395631434,0.0,0.0,56.09,0.0,0.0,0.0,27.0,48.0,0
2026-08-19 15:00:00,5,0.0,0,15,2,19,8,0,-0.7071067811865471,-0.7071067811865479,0.9749279121818236,-0.22252093395631434,27.83,0.0,0.0,4.638333333333333,1.1595833333333332,1.0,26.761480784023476,48.40889008453118,0
2026-08-19 16:00:00,5,0.0,0,16,2,19,8,0,-0.8660254037844384,-0.5000000000000004,0.9749279121818236,-0.22252093395631434,0.0,0.0,0.0,4.638333333333333,1.1595833333333332,0.0,26.062177826491073,49.607695154586736,0
2026-08-19 17:00:00,5,0.0,0,17,2,19,8,0,-0.9659258262890683,-0.25881904510252063,0.9749279121818236,-0.22252093395631434,0.0,0.0,0.0,4.638333333333333,1.1595833333333332,0.0,24.949747468305834,51.51471862576143,0
2026-08-19 18:00:00,5,0.0,0,18,2,19,8,0,-1.0,-1.8369701987210297e-16,0.9749279121818236,-0.22252093395631434,0.0,0.0,0.0,4.638333333333333,1.1595833333333332,0.0,23.5,54.0,0
2026-08-19 19:00:00,5,0.0,0,19,2,19,8,0,-0.9659258262890684,0.2588190451025203,0.9749279121818236,-0.22252093395631434,0.0,0.0,0.0,4.638333333333333,1.1595833333333332,0.0,21.811733315717646,56.89417145876975,0
2026-08-19 20:00:00,5,0.0,0,20,2,19,8,0,-0.8660254037844386,0.5000000000000001,0.9749279121818236,-0.22252093395631434,0.0,0.0,0.0,4.638333333333333,1.1595833333333332,0.0,20.0,60.0,0
2026-08-19 21:00:00,5,0.0,0,21,2,19,8,0,-0.7071067811865477,0.7071067811865474,0.9749279121818236,-0.22252093395631434,0.0,0.0,0.0,0.0,1.1595833333333332,0.0,18.188266684282354,63.10582854123025,0
2026-08-19 22:00:00,5,0.0,0,22,2,19,8,0,-0.5000000000000004,0.8660254037844384,0.9749279121818236,-0.22252093395631434,0.0,0.0,0.0,0.0,1.1595833333333332,0.0,16.5,66.0,0
2026-08-19 23:00:00,5,0.0,0,23,2,19,8,0,-0.25881904510252157,0.9659258262890681,0.9749279121818236,-0.22252093395631434,0.0,0.0,0.0,0.0,1.1595833333333332,0.0,15.05025253169417,68.48528137423857,0
2026-08-20 00:00:00,5,0.0,0,0,3,20,8,0,0.0,1.0,0.43388373911755823,-0.900968867902419,0.0,0.0,0.0,0.0,1.1595833333333332,0.0,13.937822173508929,70.39230484541326,0
2026-08-20 01:00:00,5,0.0,0,1,3,20,8,0,0.25881904510252074,0.9659258262890683,0.43388373911755823,-0.900968867902419,0.0,0.0,0.0,0.0,1.1595833333333332,0.0,13.238519215976522,71.59110991546882,0
2026-08-20 02:00:00,5,0.0,0,2,3,20,8,0,0.49999999999999994,0.8660254037844387,0.43388373911755823,-0.900968867902419,0.0,0.0,0.0,0.0,1.1595833333333332,0.0,13.0,72.0,0
2026-08-20 03:00:00,5,0.0,0,3,3,20,8,0,0.7071067811865475,0.7071067811865476,0.43388373911755823,-0.900968867902419,0.0,0.0,0.0,0.0,1.1595833333333332,0.0,13.238519215976522,71.59110991546882,0
2026-08-20 04:00:00,5,0.0,0,4,3,20,8,0,0.8660254037844386,0.5000000000000001,0.43388373911755823,-0.900968867902419,0.0,0.0,0.0,0.0,1.1595833333333332,0.0,13.93782217350893,70.39230484541326,0
2026-08-20 05:00:00,5,0.0,0,5,3,20,8,0,0.9659258262890683,0.25881904510252074,0.43388373911755823,-0.900968867902419,0.0,0.0,0.0,0.0,1.1595833333333332,0.0,15.050252531694168,68.48528137423857,0
2026-08-20 06:00:00,5,0.0,0,6,3,20,8,0,1.0,6.123233995736766e-17,0.43388373911755823,-0.900968867902419,0.0,0.0,0.0,0.0,1.1595833333333332,0.0,16.5,66.0,0
2026-08-20 07:00:00,5,0.0,0,7,3,20,8,0,0.9659258262890683,-0.25881904510252063,0.43388373911755823,-0.900968867902419,0.0,0.0,0.0,0.0,1.1595833333333332,0.0,18.188266684282354,63.10582854123025,0
2026-08-20 08:00:00,5,0.0,0,8,3,20,8,0,0.8660254037844387,-0.4999999999999998,0.43388373911755823,-0.900968867902419,0.0,0.0,0.0,0.0,1.1595833333333332,0.0,20.0,60.0,0
2026-08-20 09:00:00,5,0.0,0,9,3,20,8,0,0.7071067811865476,-0.7071067811865475,0.43388373911755823,-0.900968867902419,0.0,0.0,0.0,0.0,1.1595833333333332,0.0,21.811733315717646,56.89417145876975,0
2026-08-20 10:00:00,5,0.0,0,10,3,20,8,0,0.49999999999999994,-0.8660254037844387,0.43388373911755823,-0.900968867902419,0.0,0.0,0.0,0.0,1.1595833333333332,0.0,23.5,54.0,0
2026-08-20 11:00:00,5,0.0,0,11,3,20,8,0,0.258819045102521,-0.9659258262890682,0.43388373911755823,-0.900968867902419,0.0,0.0,0.0,0.0,1.1595833333333332,0.0,24.94974746830583,51.51471862576143,0
2026-08-20 12:00:00,5,0.0,0,12,3,20,8,0,1.2246467991473532e-16,-1.0,0.43388373911755823,-0.900968867902419,0.0,0.0,0.0,0.0,1.1595833333333332,0.0,26.06217782649107,49.607695154586736,0
2026-08-20 13:00:00,5,0.0,0,13,3,20,8,0,-0.2588190451025208,-0.9659258262890683,0.43388373911755823,-0.900968867902419,0.0,0.0,0.0,0.0,1.1595833333333332,0.0,26.761480784023476,48.40889008453118,0
2026-08-20 14:00:00,5,0.0,0,14,3,20,8,0,-0.4999999999999997,-0.8660254037844388,0.43388373911755823,-0.900968867902419,0.0,27.83,0.0,0.0,1.1595833333333332,0.0,27.0,48.0,0
2026-08-20 15:00:00,5,0.0,0,15,3,20,8,0,-0.7071067811865471,-0.7071067811865479,0.43388373911755823,-0.900968867902419,0.0,0.0,0.0,0.0,0.0,0.0,26.761480784023476,48.40889008453118,0
2026-08-20 16:00:00,5,0.0,0,16,3,20,8,0,-0.8660254037844384,-0.5000000000000004,0.43388373911755823,-0.900968867902419,0.0,0.0,0.0,0.0,0.0,0.0,26.062177826491073,49.607695154586736,0
2026-08-20 17:00:00,5,0.0,0,17,3,20,8,0,-0.9659258262890683,-0.25881904510252063,0.43388373911755823,-0.900968867902419,0.0,0.0,0.0,0.0,0.0,0.0,24.949747468305834,51.51471862576143,0
2026-08-20 18:00:00,5,0.0,0,18,3,20,8,0,-1.0,-1.8369701987210297e-16,0.43388373911755823,-0.900968867902419,0.0,0.0,0.0,0.0,0.0,0.0,23.5,54.0,0
2026-08-20 19:00:00,5,0.0,0,19,3,20,8,0,-0.9659258262890684,0.2588190451025203,0.43388373911755823,-0.900968867902419,0.0,0.0,0.0,0.0,0.0,0.0,21.811733315717646,56.89417145876975,0
2026-08-20 20:00:00,5,0.0,0,20,3,20,8,0,-0.8660254037844386,0.5000000000000001,0.43388373911755823,-0.900968867902419,0.0,0.0,0.0,0.0,0.0,0.0,20.0,60.0,0
2026-08-20 21:00:00,5,0.0,0,21,3,20,8,0,-0.7071067811865477,0.7071067811865474,0.43388373911755823,-0.900968867902419,0.0,0.0,0.0,0.0,0.0,0.0,18.188266684282354,63.10582854123025,0
2026-08-20 22:00:00,5,0.0,0,22,3,20,8,0,-0.5000000000000004,0.8660254037844384,0.43388373911755823,-0.900968867902419,0.0,0.0,0.0,0.0,0.0,0.0,16.5,66.0,0
2026-08-20 23:00:00,5,0.0,0,23,3,20,8,0,-0.25881904510252157,0.9659258262890681,0.43388373911755823,-0.900968867902419,0.0,0.0,0.0,0.0,0.0,0.0,15.05025253169417,68.48528137423857,0
2026-08-21 00:00:00,5,0.0,0,0,4,21,8,0,0.0,1.0,-0.433883739117558,-0.9009688679024191,0.0,0.0,0.0,0.0,0.0,0.0,13.937822173508929,70.39230484541326,0
2026-08-21 01:00:00,5,0.0,0,1,4,21,8,0,0.25881904510252074,0.9659258262890683,-0.433883739117558,-0.9009688679024191,0.0,0.0,0.0,0.0,0.0,0.0,13.238519215976522,71.59110991546882,0
2026-08-21 02:00:00,5,0.0,0,2,4,21,8,0,0.49999999999999994,0.8660254037844387,-0.433883739117558,-0.9009688679024191,0.0,0.0,0.0,0.0,0.0,0.0,13.0,72.0,0
2026-08-21 03:00:00,5,0.0,0,3,4,21,8,0,0.7071067811865475,0.7071067811865476,-0.433883739117558,-0.9009688679024191,0.0,0.0,0.0,0.0,0.0,0.0,13.238519215976522,71.59110991546882,0
2026-08-21 04:00:00,5,0.0,0,4,4,21,8,0,0.8660254037844386,0.5000000000000001,-0.433883739117558,-0.9009688679024191,0.0,0.0,0.0,0.0,0.0,0.0,13.93782217350893,70.39230484541326,0
2026-08-21 05:00:00,5,0.0,0,5,4,21,8,0,0.9659258262890683,0.25881904510252074,-0.433883739117558,-0.9009688679024191,0.0,0.0,0.0,0.0,0.0,0.0,15.050252531694168,68.48528137423857,0
2026-08-21 06:00:00,5,0.0,0,6,4,21,8,0,1.0,6.123233995736766e-17,-0.433883739117558,-0.9009688679024191,0.0,0.0,0.0,0.0,0.0,0.0,16.5,66.0,0
2026-08-21 07:00:00,5,0.0,0,7,4,21,8,0,0.9659258262890683,-0.25881904510252063,-0.433883739117558,-0.9009688679024191,0.0,0.0,0.0,0.0,0.0,0.0,18.188266684282354,63.10582854123025,0
2026-08-21 08:00:00,5,0.0,0,8,4,21,8,0,0.8660254037844387,-0.4999999999999998,-0.433883739117558,-0.9009688679024191,0.0,0.0,0.0,0.0,0.0,0.0,20.0,60.0,0
2026-08-21 09:00:00,5,0.0,0,9,4,21,8,0,0.7071067811865476,-0.7071067811865475,-0.433883739117558,-0.9009688679024191,0.0,0.0,0.0,0.0,0.0,0.0,21.811733315717646,56.89417145876975,0
2026-08-21 10:00:00,5,0.0,0,10,4,21,8,0,0.49999999999999994,-0.8660254037844387,-0.433883739117558,-0.9009688679024191,0.0,0.0,0.0,0.0,0.0,0.0,23.5,54.0,0
2026-08-21 11:00:00,5,0.0,0,11,4,21,8,0,0.258819045102521,-0.9659258262890682,-0.433883739117558,-0.9009688679024191,0.0,0.0,0.0,0.0,0.0,0.0,24.94974746830583,51.51471862576143,0
2026-08-21 12:00:00,5,0.0,0,12,4,21,8,0,1.2246467991473532e-16,-1.0,-0.433883739117558,-0.9009688679024191,0.0,0.0,0.0,0.0,0.0,0.0,26.06217782649107,49.607695154586736,0
2026-08-21 13:00:00,5,0.0,0,13,4,21,8,0,-0.2588190451025208,-0.9659258262890683,-0.433883739117558,-0.9009688679024191,0.0,0.0,0.0,0.0,0.0,0.0,26.761480784023476,48.40889008453118,0
2026-08-21 14:00:00,5,0.0,0,14,4,21,8,0,-0.4999999999999997,-0.8660254037844388,-0.433883739117558,-0.9009688679024191,0.0,0.0,0.0,0.0,0.0,0.0,27.0,48.0,0
2026-08-21 15:00:00,5,0.0,0,15,4,21,8,0,-0.7071067811865471,-0.7071067811865479,-0.433883739117558,-0.9009688679024191,0.0,0.0,0.0,0.0,0.0,0.0,26.761480784023476,48.40889008453118,0
2026-08-21 16:00:00,5,0.0,0,16,4,21,8,0,-0.8660254037844384,-0.5000000000000004,-0.433883739117558,-0.9009688679024191,0.0,0.0,0.0,0.0,0.0,0.0,26.062177826491073,49.607695154586736,0
2026-08-21 17:00:00,5,0.0,0,17,4,21,8,0,-0.9659258262890683,-0.25881904510252063,-0.433883739117558,-0.9009688679024191,0.0,0.0,0.0,0.0,0.0,0.0,24.949747468305834,51.51471862576143,0
2026-08-21 18:00:00,5,0.0,0,18,4,21,8,0,-1.0,-1.8369701987210297e-16,-0.433883739117558,-0.9009688679024191,0.0,0.0,0.0,0.0,0.0,0.0,23.5,54.0,0
2026-08-21 19:00:00,5,0.0,0,19,4,21,8,0,-0.9659258262890684,0.2588190451025203,-0.433883739117558,-0.9009688679024191,0.0,0.0,0.0,0.0,0.0,0.0,21.811733315717646,56.89417145876975,0
2026-08-21 20:00:00,5,0.0,0,20,4,21,8,0,-0.8660254037844386,0.5000000000000001,-0.433883739117558,-0.9009688679024191,0.0,0.0,0.0,0.0,0.0,0.0,20.0,60.0,0
2026-08-21 21:00:00,5,0.0,0,21,4,21,8,0,-0.7071067811865477,0.7071067811865474,-0.433883739117558,-0.9009688679024191,0.0,0.0,0.0,0.0,0.0,0.0,18.188266684282354,63.10582854123025,0
2026-08-21 22:00:00,5,0.0,0,22,4,21,8,0,-0.5000000000000004,0.8660254037844384,-0.433883739117558,-0.9009688679024191,0.0,0.0,0.0,0.0,0.0,0.0,16.5,66.0,0
2026-08-21 23:00:00,5,0.0,0,23,4,21,8,0,-0.25881904510252157,0.9659258262890681,-0.433883739117558,-0.9009688679024191,0.0,0.0,0.0,0.0,0.0,0.0,15.05025253169417,68.48528137423857,0
2026-08-22 00:00:00,5,0.0,0,0,5,22,8,1,0.0,1.0,-0.9749279121818236,-0.2225209339563146,0.0,0.0,0.0,0.0,0.0,0.0,13.937822173508929,70.39230484541326,1
2026-08-22 01:00:00,5,0.0,0,1,5,22,8,1,0.25881904510252074,0.9659258262890683,-0.9749279121818236,-0.2225209339563146,0.0,0.0,0.0,0.0,0.0,0.0,13.238519215976522,71.59110991546882,1
2026-08-22 02:00:00,5,0.0,0,2,5,22,8,1,0.49999999999999994,0.8660254037844387,-0.9749279121818236,-0.2225209339563146,0.0,0.0,0.0,0.0,0.0,0.0,13.0,72.0,1
2026-08-22 03:00:00,5,0.0,0,3,5,22,8,1,0.7071067811865475,0.7071067811865476,-0.9749279121818236,-0.2225209339563146,0.0,0.0,0.0,0.0,0.0,0.0,13.238519215976522,71.59110991546882,1
2026-08-22 04:00:00,5,0.0,0,4,5,22,8,1,0.8660254037844386,0.5000000000000001,-0.9749279121818236,-0.2225209339563146,0.0,0.0,0.0,0.0,0.0,0.0,13.93782217350893,70.39230484541326,1
2026-08-22 05:00:00,5,0.0,0,5,5,22,8,1,0.9659258262890683,0.25881904510252074,-0.9749279121818236,-0.2225209339563146,0.0,0.0,0.0,0.0,0.0,0.0,15.050252531694168,68.48528137423857,1
2026-08-22 06:00:00,5,0.0,0,6,5,22,8,1,1.0,6.123233995736766e-17,-0.9749279121818236,-0.2225209339563146,0.0,0.0,0.0,0.0,0.0,0.0,16.5,66.0,1
2026-08-22 07:00:00,5,0.0,0,7,5,22,8,1,0.9659258262890683,-0.25881904510252063,-0.9749279121818236,-0.2225209339563146,0.0,0.0,0.0,0.0,0.0,0.0,18.188266684282354,63.10582854123025,1
2026-08-22 08:00:00,5,0.0,0,8,5,22,8,1,0.8660254037844387,-0.4999999999999998,-0.9749279121818236,-0.2225209339563146,0.0,0.0,0.0,0.0,0.0,0.0,20.0,60.0,1
2026-08-22 09:00:00,5,0.0,0,9,5,22,8,1,0.7071067811865476,-0.7071067811865475,-0.9749279121818236,-0.2225209339563146,0.0,0.0,0.0,0.0,0.0,0.0,21.811733315717646,56.89417145876975,1
2026-08-22 10:00:00,5,0.0,0,10,5,22,8,1,0.49999999999999994,-0.8660254037844387,-0.9749279121818236,-0.2225209339563146,0.0,0.0,0.0,0.0,0.0,0.0,23.5,54.0,1
2026-08-22 11:00:00,5,0.0,0,11,5,22,8,1,0.258819045102521,-0.9659258262890682,-0.9749279121818236,-0.2225209339563146,0.0,0.0,0.0,0.0,0.0,0.0,24.94974746830583,51.51471862576143,1
2026-08-22 12:00:00,5,0.0,0,12,5,22,8,1,1.2246467991473532e-16,-1.0,-0.9749279121818236,-0.2225209339563146,0.0,0.0,0.0,0.0,0.0,0.0,26.06217782649107,49.607695154586736,1
2026-08-22 13:00:00,5,0.0,0,13,5,22,8,1,-0.2588190451025208,-0.9659258262890683,-0.9749279121818236,-0.2225209339563146,0.0,0.0,0.0,0.0,0.0,0.0,26.761480784023476,48.40889008453118,1
2026-08-22 14:00:00,5,0.0,0,14,5,22,8,1,-0.4999999999999997,-0.8660254037844388,-0.9749279121818236,-0.2225209339563146,0.0,0.0,0.0,0.0,0.0,0.0,27.0,48.0,1
2026-08-22 15:00:00,5,0.0,0,15,5,22,8,1,-0.7071067811865471,-0.7071067811865479,-0.9749279121818236,-0.2225209339563146,0.0,0.0,0.0,0.0,0.0,0.0,26.761480784023476,48.40889008453118,1
2026-08-22 16:00:00,5,0.0,0,16,5,22,8,1,-0.8660254037844384,-0.5000000000000004,-0.9749279121818236,-0.2225209339563146,0.0,0.0,0.0,0.0,0.0,0.0,26.062177826491073,49.607695154586736,1
2026-08-22 17:00:00,5,0.0,0,17,5,22,8,1,-0.9659258262890683,-0.25881904510252063,-0.9749279121818236,-0.2225209339563146,0.0,0.0,0.0,0.0,0.0,0.0,24.949747468305834,51.51471862576143,1
2026-08-22 18:00:00,5,0.0,0,18,5,22,8,1,-1.0,-1.8369701987210297e-16,-0.9749279121818236,-0.2225209339563146,0.0,0.0,0.0,0.0,0.0,0.0,23.5,54.0,1
2026-08-22 19:00:00,5,0.0,0,19,5,22,8,1,-0.9659258262890684,0.2588190451025203,-0.9749279121818236,-0.2225209339563146,0.0,0.0,21.38,0.0,0.0,0.0,21.811733315717646,56.89417145876975,1
2026-08-22 20:00:00,5,0.0,0,20,5,22,8,1,-0.8660254037844386,0.5000000000000001,-0.9749279121818236,-0.2225209339563146,0.0,0.0,0.0,0.0,0.0,0.0,20.0,60.0,1
2026-08-22 21:00:00,5,0.0,0,21,5,22,8,1,-0.7071067811865477,0.7071067811865474,-0.9749279121818236,-0.2225209339563146,0.0,0.0,0.0,0.0,0.0,0.0,18.188266684282354,63.10582854123025,1
2026-08-22 22:00:00,5,0.0,0,22,5,22,8,1,-0.5000000000000004,0.8660254037844384,-0.9749279121818236,-0.2225209339563146,0.0,0.0,0.0,0.0,0.0,0.0,16.5,66.0,1
2026-08-22 23:00:00,5,0.0,0,23,5,22,8,1,-0.25881904510252157,0.9659258262890681,-0.9749279121818236,-0.2225209339563146,0.0,0.0,0.0,0.0,0.0,0.0,15.05025253169417,68.48528137423857,1
2026-08-23 00:00:00,5,0.0,0,0,6,23,8,1,0.0,1.0,-0.7818314824680299,0.6234898018587334,0.0,0.0,0.0,0.0,0.0,0.0,13.937822173508929,70.39230484541326,0
2026-08-23 01:00:00,5,0.0,0,1,6,23,8,1,0.25881904510252074,0.9659258262890683,-0.7818314824680299,0.6234898018587334,0.0,0.0,0.0,0.0,0.0,0.0,13.238519215976522,71.59110991546882,0
2026-08-23 02:00:00,5,0.0,0,2,6,23,8,1,0.49999999999999994,0.8660254037844387,-0.7818314824680299,0.6234898018587334,0.0,0.0,0.0,0.0,0.0,0.0,13.0,72.0,0
2026-08-23 03:00:00,5,0.0,0,3,6,23,8,1,0.7071067811865475,0.7071067811865476,-0.7818314824680299,0.6234898018587334,0.0,0.0,0.0,0.0,0.0,0.0,13.238519215976522,71.59110991546882,0
2026-08-23 04:00:00,5,0.0,0,4,6,23,8,1,0.8660254037844386,0.5000000000000001,-0.7818314824680299,0.6234898018587334,0.0,0.0,0.0,0.0,0.0,0.0,13.93782217350893,70.39230484541326,0
2026-08-23 05:00:00,5,0.0,0,5,6,23,8,1,0.9659258262890683,0.25881904510252074,-0.7818314824680299,0.6234898018587334,0.0,0.0,0.0,0.0,0.0,0.0,15.050252531694168,68.48528137423857,0
2026-08-23 06:00:00,5,0.0,0,6,6,23,8,1,1.0,6.123233995736766e-17,-0.7818314824680299,0.6234898018587334,0.0,0.0,0.0,0.0,0.0,0.0,16.5,66.0,0
2026-08-23 07:00:00,5,26.75,1,7,6,23,8,1,0.9659258262890683,-0.25881904510252063,-0.7818314824680299,0.6234898018587334,0.0,0.0,0.0,0.0,0.0,0.0,18.188266684282354,63.10582854123025,0
2026-08-23 08:00:00,5,0.0,0,8,6,23,8,1,0.8660254037844387,-0.4999999999999998,-0.7818314824680299,0.6234898018587334,26.75,0.0,0.0,4.458333333333333,1.1145833333333333,1.0,20.0,60.0,0
2026-08-23 09:00:00,5,0.0,0,9,6,23,8,1,0.7071067811865476,-0.7071067811865475,-0.7818314824680299,0.6234898018587334,0.0,0.0,0.0,4.458333333333333,1.1145833333333333,0.0,21.811733315717646,56.89417145876975,0
2026-08-23 10:00:00,5,0.0,0,10,6,23,8,1,0.49999999999999994,-0.8660254037844387,-0.7818314824680299,0.6234898018587334,0.0,0.0,0.0,4.458333333333333,1.1145833333333333,0.0,23.5,54.0,0
2026-08-23 11:00:00,5,0.0,0,11,6,23,8,1,0.258819045102521,-0.9659258262890682,-0.7818314824680299,0.6234898018587334,0.0,0.0,0.0,4.458333333333333,1.1145833333333333,0.0,24.94974746830583,51.51471862576143,0
2026-08-23 12:00:00,5,0.0,0,12,6,23,8,1,1.2246467991473532e-16,-1.0,-0.7818314824680299,0.6234898018587334,0.0,0.0,37.61,4.458333333333333,1.1145833333333333,0.0,26.06217782649107,49.607695154586736,0
2026-08-23 13:00:00,5,0.0,0,13,6,23,8,1,-0.2588190451025208,-0.9659258262890683,-0.7818314824680299,0.6234898018587334,0.0,0.0,0.0,4.458333333333333,1.1145833333333333,0.0,26.761480784023476,48.40889008453118,0
2026-08-23 14:00:00,5,0.0,0,14,6,23,8,1,-0.4999999999999997,-0.8660254037844388,-0.7818314824680299,0.6234898018587334,0.0,0.0,0.0,0.0,1.1145833333333333,0.0,27.0,48.0,0
2026-08-23 15:00:00,5,0.0,0,15,6,23,8,1,-0.7071067811865471,-0.7071067811865479,-0.7818314824680299,0.6234898018587334,0.0,0.0,58.15,0.0,1.1145833333333333,0.0,26.761480784023476,48.40889008453118,0
2026-08-23 16:00:00,5,0.0,0,16,6,23,8,1,-0.8660254037844384,-0.5000000000000004,-0.7818314824680299,0.6234898018587334,0.0,0.0,0.0,0.0,1.1145833333333333,0.0,26.062177826491073,49.607695154586736,0
2026-08-23 17:00:00,5,0.0,0,17,6,23,8,1,-0.9659258262890683,-0.25881904510252063,-0.7818314824680299,0.6234898018587334,0.0,0.0,0.0,0.0,1.1145833333333333,0.0,24.949747468305834,51.51471862576143,0
2026-08-23 18:00:00,5,0.0,0,18,6,23,8,1,-1.0,-1.8369701987210297e-16,-0.7818314824680299,0.6234898018587334,0.0,0.0,0.0,0.0,1.1145833333333333,0.0,23.5,54.0,0
2026-08-23 19:00:00,5,0.0,0,19,6,23,8,1,-0.9659258262890684,0.2588190451025203,-0.7818314824680299,0.6234898018587334,0.0,0.0,0.0,0.0,1.1145833333333333,0.0,21.811733315717646,56.89417145876975,0
2026-08-23 20:00:00,5,0.0,0,20,6,23,8,1,-0.8660254037844386,0.5000000000000001,-0.7818314824680299,0.6234898018587334,0.0,0.0,0.0,0.0,1.1145833333333333,0.0,20.0,60.0,0
2026-08-23 21:00:00,5,0.0,0,21,6,23,8,1,-0.7071067811865477,0.7071067811865474,-0.7818314824680299,0.6234898018587334,0.0,0.0,0.0,0.0,1.1145833333333333,0.0,18.188266684282354,63.10582854123025,0
2026-08-23 22:00:00,5,0.0,0,22,6,23,8,1,-0.5000000000000004,0.8660254037844384,-0.7818314824680299,0.6234898018587334,0.0,0.0,0.0,0.0,1.1145833333333333,0.0,16.5,66.0,0
2026-08-23 23:00:00,5,0.0,0,23,6,23,8,1,-0.25881904510252157,0.9659258262890681,-0.7818314824680299,0.6234898018587334,0.0,0.0,0.0,0.0,1.1145833333333333,0.0,15.05025253169417,68.48528137423857,0
2026-08-24 00:00:00,5,0.0,0,0,0,24,8,0,0.0,1.0,0.0,1.0,0.0,0.0,0.0,0.0,1.1145833333333333,0.0,13.937822173508929,70.39230484541326,0
2026-08-24 01:00:00,5,0.0,0,1,0,24,8,0,0.25881904510252074,0.9659258262890683,0.0,1.0,0.0,0.0,0.0,0.0,1.1145833333333333,0.0,13.238519215976522,71.59110991546882,0
2026-08-24 02:00:00,5,0.0,0,2,0,24,8,0,0.49999999999999994,0.8660254037844387,0.0,1.0,0.0,0.0,0.0,0.0,1.1145833333333333,0.0,13.0,72.0,0
2026-08-24 03:00:00,5,0.0,0,3,0,24,8,0,0.7071067811865475,0.7071067811865476,0.0,1.0,0.0,0.0,0.0,0.0,1.1145833333333333,0.0,13.238519215976522,71.59110991546882,0
2026-08-24 04:00:00,5,0.0,0,4,0,24,8,0,0.8660254037844386,0.5000000000000001,0.0,1.0,0.0,0.0,0.0,0.0,1.1145833333333333,0.0,13.93782217350893,70.39230484541326,0
2026-08-24 05:00:00,5,0.0,0,5,0,24,8,0,0.9659258262890683,0.25881904510252074,0.0,1.0,0.0,0.0,0.0,0.0,1.1145833333333333,0.0,15.050252531694168,68.48528137423857,0
2026-08-24 06:00:00,5,0.0,0,6,0,24,8,0,1.0,6.123233995736766e-17,0.0,1.0,0.0,0.0,0.0,0.0,1.1145833333333333,0.0,16.5,66.0,0
2026-08-24 07:00:00,5,0.0,0,7,0,24,8,0,0.9659258262890683,-0.25881904510252063,0.0,1.0,0.0,26.75,0.0,0.0,1.1145833333333333,0.0,18.188266684282354,63.10582854123025,0
2026-08-24 08:00:00,5,0.0,0,8,0,24,8,0,0.8660254037844387,-0.4999999999999998,0.0,1.0,0.0,0.0,58.45,0.0,0.0,0.0,20.0,60.0,0
2026-08-24 09:00:00,5,0.0,0,9,0,24,8,0,0.7071067811865476,-0.7071067811865475,0.0,1.0,0.0,0.0,0.0,0.0,0.0,0.0,21.811733315717646,56.89417145876975,0
2026-08-24 10:00:00,5,0.0,0,10,0,24,8,0,0.49999999999999994,-0.8660254037844387,0.0,1.0,0.0,0.0,0.0,0.0,0.0,0.0,23.5,54.0,0
2026-08-24 11:00:00,5,0.0,0,11,0,24,8,0,0.258819045102521,-0.9659258262890682,0.0,1.0,0.0,0.0,0.0,0.0,0.0,0.0,24.94974746830583,51.51471862576143,0
2026-08-24 12:00:00,5,45.84,1,12,0,24,8,0,1.2246467991473532e-16,-1.0,0.0,1.0,0.0,0.0,0.0,0.0,0.0,0.0,26.06217782649107,49.607695154586736,0
2026-08-24 13:00:00,5,0.0,0,13,0,24,8,0,-0.2588190451025208,-0.9659258262890683,0.0,1.0,45.84,0.0,0.0,7.640000000000001,1.9100000000000001,1.0,26.761480784023476,48.40889008453118,0
2026-08-24 14:00:00,5,0.0,0,14,0,24,8,0,-0.4999999999999997,-0.8660254037844388,0.0,1.0,0.0,0.0,0.0,7.640000000000001,1.9100000000000001,0.0,27.0,48.0,0
2026-08-24 15:00:00,5,0.0,0,15,0,24,8,0,-0.7071067811865471,-0.7071067811865479,0.0,1.0,0.0,0.0,0.0,7.640000000000001,1.9100000000000001,0.0,26.761480784023476,48.40889008453118,0
2026-08-24 16:00:00,5,0.0,0,16,0,24,8,0,-0.8660254037844384,-0.5000000000000004,0.0,1.0,0.0,0.0,0.0,7.640000000000001,1.9100000000000001,0.0,26.062177826491073,49.607695154586736,0
2026-08-24 17:00:00,5,0.0,0,17,0,24,8,0,-0.9659258262890683,-0.25881904510252063,0.0,1.0,0.0,0.0,0.0,7.640000000000001,1.9100000000000001,0.0,24.949747468305834,51.51471862576143,0
2026-08-24 18:00:00,5,0.0,0,18,0,24,8,0,-1.0,-1.8369701987210297e-16,0.0,1.0,0.0,0.0,0.0,7.640000000000001,1.9100000000000001,0.0,23.5,54.0,0
2026-08-24 19:00:00,5,0.0,0,19,0,24,8,0,-0.9659258262890684,0.2588190451025203,0.0,1.0,0.0,0.0,0.0,0.0,1.9100000000000001,0.0,21.811733315717646,56.89417145876975,0
2026-08-24 20:00:00,5,0.0,0,20,0,24,8,0,-0.8660254037844386,0.5000000000000001,0.0,1.0,0.0,0.0,0.0,0.0,1.9100000000000001,0.0,20.0,60.0,0
2026-08-24 21:00:00,5,0.0,0,21,0,24,8,0,-0.7071067811865477,0.7071067811865474,0.0,1.0,0.0,0.0,0.0,0.0,1.9100000000000001,0.0,18.188266684282354,63.10582854123025,0
2026-08-24 22:00:00,5,0.0,0,22,0,24,8,0,-0.5000000000000004,0.8660254037844384,0.0,1.0,0.0,0.0,0.0,0.0,1.9100000000000001,0.0,16.5,66.0,0
2026-08-24 23:00:00,5,0.0,0,23,0,24,8,0,-0.25881904510252157,0.9659258262890681,0.0,1.0,0.0,0.0,0.0,0.0,1.9100000000000001,0.0,15.05025253169417,68.48528137423857,0
2026-08-25 00:00:00,5,0.0,0,0,1,25,8,0,0.0,1.0,0.7818314824680298,0.6234898018587336,0.0,0.0,0.0,0.0,1.9100000000000001,0.0,13.937822173508929,70.39230484541326,0
2026-08-25 01:00:00,5,0.0,0,1,1,25,8,0,0.25881904510252074,0.9659258262890683,0.7818314824680298,0.6234898018587336,0.0,0.0,0.0,0.0,1.9100000000000001,0.0,13.238519215976522,71.59110991546882,0
2026-08-25 02:00:00,5,0.0,0,2,1,25,8,0,0.49999999999999994,0.8660254037844387,0.7818314824680298,0.6234898018587336,0.0,0.0,0.0,0.0,1.9100000000000001,0.0,13.0,72.0,0
2026-08-25 03:00:00,5,0.0,0,3,1,25,8,0,0.7071067811865475,0.7071067811865476,0.7818314824680298,0.6234898018587336,0.0,0.0,0.0,0.0,1.9100000000000001,0.0,13.238519215976522,71.59110991546882,0
2026-08-25 04:00:00,5,0.0,0,4,1,25,8,0,0.8660254037844386,0.5000000000000001,0.7818314824680298,0.6234898018587336,0.0,0.0,0.0,0.0,1.9100000000000001,0.0,13.93782217350893,70.39230484541326,0
2026-08-25 05:00:00,5,0.0,0,5,1,25,8,0,0.9659258262890683,0.25881904510252074,0.7818314824680298,0.6234898018587336,0.0,0.0,0.0,0.0,1.9100000000000001,0.0,15.050252531694168,68.48528137423857,0
2026-08-25 06:00:00,5,0.0,0,6,1,25,8,0,1.0,6.123233995736766e-17,0.7818314824680298,0.6234898018587336,0.0,0.0,0.0,0.0,1.9100000000000001,0.0,16.5,66.0,0
2026-08-25 07:00:00,5,0.0,0,7,1,25,8,0,0.9659258262890683,-0.25881904510252063,0.7818314824680298,0.6234898018587336,0.0,0.0,0.0,0.0,1.9100000000000001,0.0,18.188266684282354,63.10582854123025,0
2026-08-25 08:00:00,5,0.0,0,8,1,25,8,0,0.8660254037844387,-0.4999999999999998,0.7818314824680298,0.6234898018587336,0.0,0.0,0.0,0.0,1.9100000000000001,0.0,20.0,60.0,0
2026-08-25 09:00:00,5,0.0,0,9,1,25,8,0,0.7071067811865476,-0.7071067811865475,0.7818314824680298,0.6234898018587336,0.0,0.0,0.0,0.0,1.9100000000000001,0.0,21.811733315717646,56.89417145876975,0
2026-08-25 10:00:00,5,0.0,0,10,1,25,8,0,0.49999999999999994,-0.8660254037844387,0.7818314824680298,0.6234898018587336,0.0,0.0,0.0,0.0,1.9100000000000001,0.0,23.5,54.0,0
2026-08-25 11:00:00,5,0.0,0,11,1,25,8,0,0.258819045102521,-0.9659258262890682,0.7818314824680298,0.6234898018587336,0.0,0.0,11.54,0.0,1.9100000000000001,0.0,24.94974746830583,51.51471862576143,0
2026-08-25 12:00:00,5,0.0,0,12,1,25,8,0,1.2246467991473532e-16,-1.0,0.7818314824680298,0.6234898018587336,0.0,45.84,0.0,0.0,1.9100000000000001,0.0,26.06217782649107,49.607695154586736,0
2026-08-25 13:00:00,5,0.0,0,13,1,25,8,0,-0.2588190451025208,-0.9659258262890683,0.7818314824680298,0.6234898018587336,0.0,0.0,0.0,0.0,0.0,0.0,26.761480784023476,48.40889008453118,0
2026-08-25 14:00:00,5,0.0,0,14,1,25,8,0,-0.4999999999999997,-0.8660254037844388,0.7818314824680298,0.6234898018587336,0.0,0.0,0.0,0.0,0.0,0.0,27.0,48.0,0
2026-08-25 15:00:00,5,0.0,0,15,1,25,8,0,-0.7071067811865471,-0.7071067811865479,0.7818314824680298,0.6234898018587336,0.0,0.0,0.0,0.0,0.0,0.0,26.761480784023476,48.40889008453118,0
2026-08-25 16:00:00,5,0.0,0,16,1,25,8,0,-0.8660254037844384,-0.5000000000000004,0.7818314824680298,0.6234898018587336,0.0,0.0,0.0,0.0,0.0,0.0,26.062177826491073,49.607695154586736,0
2026-08-25 17:00:00,5,0.0,0,17,1,25,8,0,-0.9659258262890683,-0.25881904510252063,0.7818314824680298,0.6234898018587336,0.0,0.0,0.0,0.0,0.0,0.0,24.949747468305834,51.51471862576143,0
2026-08-25 18:00:00,5,0.0,0,18,1,25,8,0,-1.0,-1.8369701987210297e-16,0.7818314824680298,0.6234898018587336,0.0,0.0,0.0,0.0,0.0,0.0,23.5,54.0,0
2026-08-25 19:00:00,5,0.0,0,19,1,25,8,0,-0.9659258262890684,0.2588190451025203,0.7818314824680298,0.6234898018587336,0.0,0.0,0.0,0.0,0.0,0.0,21.811733315717646,56.89417145876975,0
2026-08-25 20:00:00,5,0.0,0,20,1,25,8,0,-0.8660254037844386,0.5000000000000001,0.7818314824680298,0.6234898018587336,0.0,0.0,0.0,0.0,0.0,0.0,20.0,60.0,0
2026-08-25 21:00:00,5,0.0,0,21,1,25,8,0,-0.7071067811865477,0.7071067811865474,0.7818314824680298,0.6234898018587336,0.0,0.0,0.0,0.0,0.0,0.0,18.188266684282354,63.10582854123025,0
2026-08-25 22:00:00,5,0.0,0,22,1,25,8,0,-0.5000000000000004,0.8660254037844384,0.7818314824680298,0.6234898018587336,0.0,0.0,0.0,0.0,0.0,0.0,16.5,66.0,0
2026-08-25 23:00:00,5,0.0,0,23,1,25,8,0,-0.25881904510252157,0.9659258262890681,0.7818314824680298,0.6234898018587336,0.0,0.0,0.0,0.0,0.0,0.0,15.05025253169417,68.48528137423857,0
2026-08-26 00:00:00,5,0.0,0,0,2,26,8,0,0.0,1.0,0.9749279121818236,-0.22252093395631434,0.0,0.0,0.0,0.0,0.0,0.0,13.937822173508929,70.39230484541326,0
2026-08-26 01:00:00,5,0.0,0,1,2,26,8,0,0.25881904510252074,0.9659258262890683,0.9749279121818236,-0.22252093395631434,0.0,0.0,0.0,0.0,0.0,0.0,13.238519215976522,71.59110991546882,0
2026-08-26 02:00:00,5,0.0,0,2,2,26,8,0,0.49999999999999994,0.8660254037844387,0.9749279121818236,-0.22252093395631434,0.0,0.0,0.0,0.0,0.0,0.0,13.0,72.0,0
2026-08-26 03:00:00,5,0.0,0,3,2,26,8,0,0.7071067811865475,0.7071067811865476,0.9749279121818236,-0.22252093395631434,0.0,0.0,0.0,0.0,0.0,0.0,13.238519215976522,71.59110991546882,0
2026-08-26 04:00:00,5,0.0,0,4,2,26,8,0,0.8660254037844386,0.5000000000000001,0.9749279121818236,-0.22252093395631434,0.0,0.0,0.0,0.0,0.0,0.0,13.93782217350893,70.39230484541326,0
2026-08-26 05:00:00,5,0.0,0,5,2,26,8,0,0.9659258262890683,0.25881904510252074,0.9749279121818236,-0.22252093395631434,0.0,0.0,0.0,0.0,0.0,0.0,15.050252531694168,68.48528137423857,0
2026-08-26 06:00:00,5,0.0,0,6,2,26,8,0,1.0,6.123233995736766e-17,0.9749279121818236,-0.22252093395631434,0.0,0.0,0.0,0.0,0.0,0.0,16.5,66.0,0
2026-08-26 07:00:00,5,0.0,0,7,2,26,8,0,0.9659258262890683,-0.25881904510252063,0.9749279121818236,-0.22252093395631434,0.0,0.0,0.0,0.0,0.0,0.0,18.188266684282354,63.10582854123025,0
2026-08-26 08:00:00,5,0.0,0,8,2,26,8,0,0.8660254037844387,-0.4999999999999998,0.9749279121818236,-0.22252093395631434,0.0,0.0,0.0,0.0,0.0,0.0,20.0,60.0,0
2026-08-26 09:00:00,5,0.0,0,9,2,26,8,0,0.7071067811865476,-0.7071067811865475,0.9749279121818236,-0.22252093395631434,0.0,0.0,0.0,0.0,0.0,0.0,21.811733315717646,56.89417145876975,0
2026-08-26 10:00:00,5,0.0,0,10,2,26,8,0,0.49999999999999994,-0.8660254037844387,0.9749279121818236,-0.22252093395631434,0.0,0.0,0.0,0.0,0.0,0.0,23.5,54.0,0
2026-08-26 11:00:00,5,0.0,0,11,2,26,8,0,0.258819045102521,-0.9659258262890682,0.9749279121818236,-0.22252093395631434,0.0,0.0,0.0,0.0,0.0,0.0,24.94974746830583,51.51471862576143,0
2026-08-26 12:00:00,5,0.0,0,12,2,26,8,0,1.2246467991473532e-16,-1.0,0.9749279121818236,-0.22252093395631434,0.0,0.0,0.0,0.0,0.0,0.0,26.06217782649107,49.607695154586736,0
2026-08-26 13:00:00,5,0.0,0,13,2,26,8,0,-0.2588190451025208,-0.9659258262890683,0.9749279121818236,-0.22252093395631434,0.0,0.0,0.0,0.0,0.0,0.0,26.761480784023476,48.40889008453118,0
2026-08-26 14:00:00,5,0.0,0,14,2,26,8,0,-0.4999999999999997,-0.8660254037844388,0.9749279121818236,-0.22252093395631434,0.0,0.0,27.83,0.0,0.0,0.0,27.0,48.0,0
2026-08-26 15:00:00,5,0.0,0,15,2,26,8,0,-0.7071067811865471,-0.7071067811865479,0.9749279121818236,-0.22252093395631434,0.0,0.0,0.0,0.0,0.0,0.0,26.761480784023476,48.40889008453118,0
2026-08-26 16:00:00,5,0.0,0,16,2,26,8,0,-0.8660254037844384,-0.5000000000000004,0.9749279121818236,-0.22252093395631434,0.0,0.0,0.0,0.0,0.0,0.0,26.062177826491073,49.607695154586736,0
2026-08-26 17:00:00,5,0.0,0,17,2,26,8,0,-0.9659258262890683,-0.25881904510252063,0.9749279121818236,-0.22252093395631434,0.0,0.0,0.0,0.0,0.0,0.0,24.949747468305834,51.51471862576143,0
2026-08-26 18:00:00,5,0.0,0,18,2,26,8,0,-1.0,-1.8369701987210297e-16,0.9749279121818236,-0.22252093395631434,0.0,0.0,0.0,0.0,0.0,0.0,23.5,54.0,0
2026-08-26 19:00:00,5,0.0,0,19,2,26,8,0,-0.9659258262890684,0.2588190451025203,0.9749279121818236,-0.22252093395631434,0.0,0.0,0.0,0.0,0.0,0.0,21.811733315717646,56.89417145876975,0
2026-08-26 20:00:00,5,0.0,0,20,2,26,8,0,-0.8660254037844386,0.5000000000000001,0.9749279121818236,-0.22252093395631434,0.0,0.0,0.0,0.0,0.0,0.0,20.0,60.0,0
2026-08-26 21:00:00,5,0.0,0,21,2,26,8,0,-0.7071067811865477,0.7071067811865474,0.9749279121818236,-0.22252093395631434,0.0,0.0,0.0,0.0,0.0,0.0,18.188266684282354,63.10582854123025,0
2026-08-26 22:00:00,5,0.0,0,22,2,26,8,0,-0.5000000000000004,0.8660254037844384,0.9749279121818236,-0.22252093395631434,0.0,0.0,0.0,0.0,0.0,0.0,16.5,66.0,0
2026-08-26 23:00:00,5,0.0,0,23,2,26,8,0,-0.25881904510252157,0.9659258262890681,0.9749279121818236,-0.22252093395631434,0.0,0.0,0.0,0.0,0.0,0.0,15.05025253169417,68.48528137423857,0
2026-08-27 00:00:00,5,0.0,0,0,3,27,8,0,0.0,1.0,0.43388373911755823,-0.900968867902419,0.0,0.0,0.0,0.0,0.0,0.0,13.937822173508929,70.39230484541326,0
2026-08-27 01:00:00,5,0.0,0,1,3,27,8,0,0.25881904510252074,0.9659258262890683,0.43388373911755823,-0.900968867902419,0.0,0.0,0.0,0.0,0.0,0.0,13.238519215976522,71.59110991546882,0
2026-08-27 02:00:00,5,0.0,0,2,3,27,8,0,0.49999999999999994,0.8660254037844387,0.43388373911755823,-0.900968867902419,0.0,0.0,0.0,0.0,0.0,0.0,13.0,72.0,0
2026-08-27 03:00:00,5,0.0,0,3,3,27,8,0,0.7071067811865475,0.7071067811865476,0.43388373911755823,-0.900968867902419,0.0,0.0,0.0,0.0,0.0,0.0,13.238519215976522,71.59110991546882,0
2026-08-27 04:00:00,5,0.0,0,4,3,27,8,0,0.8660254037844386,0.5000000000000001,0.43388373911755823,-0.900968867902419,0.0,0.0,0.0,0.0,0.0,0.0,13.93782217350893,70.39230484541326,0
2026-08-27 05:00:00,5,0.0,0,5,3,27,8,0,0.9659258262890683,0.25881904510252074,0.43388373911755823,-0.900968867902419,0.0,0.0,0.0,0.0,0.0,0.0,15.050252531694168,68.48528137423857,0
2026-08-27 06:00:00,5,0.0,0,6,3,27,8,0,1.0,6.123233995736766e-17,0.43388373911755823,-0.900968867902419,0.0,0.0,0.0,0.0,0.0,0.0,16.5,66.0,0
2026-08-27 07:00:00,5,0.0,0,7,3,27,8,0,0.9659258262890683,-0.25881904510252063,0.43388373911755823,-0.900968867902419,0.0,0.0,0.0,0.0,0.0,0.0,18.188266684282354,63.10582854123025,0
2026-08-27 08:00:00,5,0.0,0,8,3,27,8,0,0.8660254037844387,-0.4999999999999998,0.43388373911755823,-0.900968867902419,0.0,0.0,0.0,0.0,0.0,0.0,20.0,60.0,0
2026-08-27 09:00:00,5,0.0,0,9,3,27,8,0,0.7071067811865476,-0.7071067811865475,0.43388373911755823,-0.900968867902419,0.0,0.0,0.0,0.0,0.0,0.0,21.811733315717646,56.89417145876975,0
2026-08-27 10:00:00,5,0.0,0,10,3,27,8,0,0.49999999999999994,-0.8660254037844387,0.43388373911755823,-0.900968867902419,0.0,0.0,0.0,0.0,0.0,0.0,23.5,54.0,0
2026-08-27 11:00:00,5,0.0,0,11,3,27,8,0,0.258819045102521,-0.9659258262890682,0.43388373911755823,-0.900968867902419,0.0,0.0,0.0,0.0,0.0,0.0,24.94974746830583,51.51471862576143,0
2026-08-27 12:00:00,5,0.0,0,12,3,27,8,0,1.2246467991473532e-16,-1.0,0.43388373911755823,-0.900968867902419,0.0,0.0,0.0,0.0,0.0,0.0,26.06217782649107,49.607695154586736,0
2026-08-27 13:00:00,5,0.0,0,13,3,27,8,0,-0.2588190451025208,-0.9659258262890683,0.43388373911755823,-0.900968867902419,0.0,0.0,0.0,0.0,0.0,0.0,26.761480784023476,48.40889008453118,0
2026-08-27 14:00:00,5,0.0,0,14,3,27,8,0,-0.4999999999999997,-0.8660254037844388,0.43388373911755823,-0.900968867902419,0.0,0.0,0.0,0.0,0.0,0.0,27.0,48.0,0
2026-08-27 15:00:00,5,0.0,0,15,3,27,8,0,-0.7071067811865471,-0.7071067811865479,0.43388373911755823,-0.900968867902419,0.0,0.0,0.0,0.0,0.0,0.0,26.761480784023476,48.40889008453118,0
2026-08-27 16:00:00,5,0.0,0,16,3,27,8,0,-0.8660254037844384,-0.5000000000000004,0.43388373911755823,-0.900968867902419,0.0,0.0,0.0,0.0,0.0,0.0,26.062177826491073,49.607695154586736,0
2026-08-27 17:00:00,5,0.0,0,17,3,27,8,0,-0.9659258262890683,-0.25881904510252063,0.43388373911755823,-0.900968867902419,0.0,0.0,0.0,0.0,0.0,0.0,24.949747468305834,51.51471862576143,0
2026-08-27 18:00:00,5,0.0,0,18,3,27,8,0,-1.0,-1.8369701987210297e-16,0.43388373911755823,-0.900968867902419,0.0,0.0,0.0,0.0,0.0,0.0,23.5,54.0,0
2026-08-27 19:00:00,5,0.0,0,19,3,27,8,0,-0.9659258262890684,0.2588190451025203,0.43388373911755823,-0.900968867902419,0.0,0.0,0.0,0.0,0.0,0.0,21.811733315717646,56.89417145876975,0
2026-08-27 20:00:00,5,0.0,0,20,3,27,8,0,-0.8660254037844386,0.5000000000000001,0.43388373911755823,-0.900968867902419,0.0,0.0,0.0,0.0,0.0,0.0,20.0,60.0,0
2026-08-27 21:00:00,5,11.12,1,21,3,27,8,0,-0.7071067811865477,0.7071067811865474,0.43388373911755823,-0.900968867902419,0.0,0.0,0.0,0.0,0.0,0.0,18.188266684282354,63.10582854123025,0
2026-08-27 22:00:00,5,0.0,0,22,3,27,8,0,-0.5000000000000004,0.8660254037844384,0.43388373911755823,-0.900968867902419,11.12,0.0,0.0,1.8533333333333333,0.4633333333333333,1.0,16.5,66.0,0
2026-08-27 23:00:00,5,0.0,0,23,3,27,8,0,-0.25881904510252157,0.9659258262890681,0.43388373911755823,-0.900968867902419,0.0,0.0,0.0,1.8533333333333333,0.4633333333333333,0.0,15.05025253169417,68.48528137423857,0
2026-08-28 00:00:00,5,0.0,0,0,4,28,8,0,0.0,1.0,-0.433883739117558,-0.9009688679024191,0.0,0.0,0.0,1.8533333333333333,0.4633333333333333,0.0,13.937822173508929,70.39230484541326,0
2026-08-28 01:00:00,5,0.0,0,1,4,28,8,0,0.25881904510252074,0.9659258262890683,-0.433883739117558,-0.9009688679024191,0.0,0.0,0.0,1.8533333333333333,0.4633333333333333,0.0,13.238519215976522,71.59110991546882,0
2026-08-28 02:00:00,5,0.0,0,2,4,28,8,0,0.49999999999999994,0.8660254037844387,-0.433883739117558,-0.9009688679024191,0.0,0.0,0.0,1.8533333333333333,0.4633333333333333,0.0,13.0,72.0,0
2026-08-28 03:00:00,5,0.0,0,3,4,28,8,0,0.7071067811865475,0.7071067811865476,-0.433883739117558,-0.9009688679024191,0.0,0.0,0.0,1.8533333333333333,0.4633333333333333,0.0,13.238519215976522,71.59110991546882,0
2026-08-28 04:00:00,5,0.0,0,4,4,28,8,0,0.8660254037844386,0.5000000000000001,-0.433883739117558,-0.9009688679024191,0.0,0.0,0.0,0.0,0.4633333333333333,0.0,13.93782217350893,70.39230484541326,0
2026-08-28 05:00:00,5,0.0,0,5,4,28,8,0,0.9659258262890683,0.25881904510252074,-0.433883739117558,-0.9009688679024191,0.0,0.0,0.0,0.0,0.4633333333333333,0.0,15.050252531694168,68.48528137423857,0
2026-08-28 06:00:00,5,0.0,0,6,4,28,8,0,1.0,6.123233995736766e-17,-0.433883739117558,-0.9009688679024191,0.0,0.0,0.0,0.0,0.4633333333333333,0.0,16.5,66.0,0
2026-08-28 07:00:00,5,0.0,0,7,4,28,8,0,0.9659258262890683,-0.25881904510252063,-0.433883739117558,-0.9009688679024191,0.0,0.0,0.0,0.0,0.4633333333333333,0.0,18.188266684282354,63.10582854123025,0
2026-08-28 08:00:00,5,17.25,1,8,4,28,8,0,0.8660254037844387,-0.4999999999999998,-0.433883739117558,-0.9009688679024191,0.0,0.0,0.0,0.0,0.4633333333333333,0.0,20.0,60.0,0
2026-08-28 09:00:00,5,0.0,0,9,4,28,8,0,0.7071067811865476,-0.7071067811865475,-0.433883739117558,-0.9009688679024191,17.25,0.0,0.0,2.875,1.1820833333333332,1.0,21.811733315717646,56.89417145876975,0
2026-08-28 10:00:00,5,0.0,0,10,4,28,8,0,0.49999999999999994,-0.8660254037844387,-0.433883739117558,-0.9009688679024191,0.0,0.0,0.0,2.875,1.1820833333333332,0.0,23.5,54.0,0
2026-08-28 11:00:00,5,0.0,0,11,4,28,8,0,0.258819045102521,-0.9659258262890682,-0.433883739117558,-0.9009688679024191,0.0,0.0,0.0,2.875,1.1820833333333332,0.0,24.94974746830583,51.51471862576143,0
2026-08-28 12:00:00,5,0.0,0,12,4,28,8,0,1.2246467991473532e-16,-1.0,-0.433883739117558,-0.9009688679024191,0.0,0.0,0.0,2.875,1.1820833333333332,0.0,26.06217782649107,49.607695154586736,0
2026-08-28 13:00:00,5,0.0,0,13,4,28,8,0,-0.2588190451025208,-0.9659258262890683,-0.433883739117558,-0.9009688679024191,0.0,0.0,0.0,2.875,1.1820833333333332,0.0,26.761480784023476,48.40889008453118,0
2026-08-28 14:00:00,5,0.0,0,14,4,28,8,0,-0.4999999999999997,-0.8660254037844388,-0.433883739117558,-0.9009688679024191,0.0,0.0,0.0,2.875,1.1820833333333332,0.0,27.0,48.0,0
2026-08-28 15:00:00,5,0.0,0,15,4,28,8,0,-0.7071067811865471,-0.7071067811865479,-0.433883739117558,-0.9009688679024191,0.0,0.0,0.0,0.0,1.1820833333333332,0.0,26.761480784023476,48.40889008453118,0
2026-08-28 16:00:00,5,0.0,0,16,4,28,8,0,-0.8660254037844384,-0.5000000000000004,-0.433883739117558,-0.9009688679024191,0.0,0.0,0.0,0.0,1.1820833333333332,0.0,26.062177826491073,49.607695154586736,0
2026-08-28 17:00:00,5,0.0,0,17,4,28,8,0,-0.9659258262890683,-0.25881904510252063,-0.433883739117558,-0.9009688679024191,0.0,0.0,0.0,0.0,1.1820833333333332,0.0,24.949747468305834,51.51471862576143,0
2026-08-28 18:00:00,5,0.0,0,18,4,28,8,0,-1.0,-1.8369701987210297e-16,-0.433883739117558,-0.9009688679024191,0.0,0.0,0.0,0.0,1.1820833333333332,0.0,23.5,54.0,0
2026-08-28 19:00:00,5,0.0,0,19,4,28,8,0,-0.9659258262890684,0.2588190451025203,-0.433883739117558,-0.9009688679024191,0.0,0.0,0.0,0.0,1.1820833333333332,0.0,21.811733315717646,56.89417145876975,0
2026-08-28 20:00:00,5,0.0,0,20,4,28,8,0,-0.8660254037844386,0.5000000000000001,-0.433883739117558,-0.9009688679024191,0.0,0.0,0.0,0.0,1.1820833333333332,0.0,20.0,60.0,0
2026-08-28 21:00:00,5,0.0,0,21,4,28,8,0,-0.7071067811865477,0.7071067811865474,-0.433883739117558,-0.9009688679024191,0.0,11.12,0.0,0.0,1.1820833333333332,0.0,18.188266684282354,63.10582854123025,0
2026-08-28 22:00:00,5,0.0,0,22,4,28,8,0,-0.5000000000000004,0.8660254037844384,-0.433883739117558,-0.9009688679024191,0.0,0.0,0.0,0.0,0.71875,0.0,16.5,66.0,0
2026-08-28 23:00:00,5,0.0,0,23,4,28,8,0,-0.25881904510252157,0.9659258262890681,-0.433883739117558,-0.9009688679024191,0.0,0.0,0.0,0.0,0.71875,0.0,15.05025253169417,68.48528137423857,0
2026-08-29 00:00:00,5,0.0,0,0,5,29,8,1,0.0,1.0,-0.9749279121818236,-0.2225209339563146,0.0,0.0,0.0,0.0,0.71875,0.0,13.937822173508929,70.39230484541326,0
2026-08-29 01:00:00,5,0.0,0,1,5,29,8,1,0.25881904510252074,0.9659258262890683,-0.9749279121818236,-0.2225209339563146,0.0,0.0,0.0,0.0,0.71875,0.0,13.238519215976522,71.59110991546882,0
2026-08-29 02:00:00,5,0.0,0,2,5,29,8,1,0.49999999999999994,0.8660254037844387,-0.9749279121818236,-0.2225209339563146,0.0,0.0,0.0,0.0,0.71875,0.0,13.0,72.0,0
2026-08-29 03:00:00,5,0.0,0,3,5,29,8,1,0.7071067811865475,0.7071067811865476,-0.9749279121818236,-0.2225209339563146,0.0,0.0,0.0,0.0,0.71875,0.0,13.238519215976522,71.59110991546882,0
2026-08-29 04:00:00,5,0.0,0,4,5,29,8,1,0.8660254037844386,0.5000000000000001,-0.9749279121818236,-0.2225209339563146,0.0,0.0,0.0,0.0,0.71875,0.0,13.93782217350893,70.39230484541326,0
2026-08-29 05:00:00,5,0.0,0,5,5,29,8,1,0.9659258262890683,0.25881904510252074,-0.9749279121818236,-0.2225209339563146,0.0,0.0,0.0,0.0,0.71875,0.0,15.050252531694168,68.48528137423857,0
2026-08-29 06:00:00,5,0.0,0,6,5,29,8,1,1.0,6.123233995736766e-17,-0.9749279121818236,-0.2225209339563146,0.0,0.0,0.0,0.0,0.71875,0.0,16.5,66.0,0
2026-08-29 07:00:00,5,13.39,1,7,5,29,8,1,0.9659258262890683,-0.25881904510252063,-0.9749279121818236,-0.2225209339563146,0.0,0.0,0.0,0.0,0.71875,0.0,18.188266684282354,63.10582854123025,0
2026-08-29 08:00:00,5,0.0,0,8,5,29,8,1,0.8660254037844387,-0.4999999999999998,-0.9749279121818236,-0.2225209339563146,13.39,17.25,0.0,2.231666666666667,1.2766666666666666,1.0,20.0,60.0,0
2026-08-29 09:00:00,5,0.0,0,9,5,29,8,1,0.7071067811865476,-0.7071067811865475,-0.9749279121818236,-0.2225209339563146,0.0,0.0,0.0,2.231666666666667,0.5579166666666667,0.0,21.811733315717646,56.89417145876975,0
2026-08-29 10:00:00,5,0.0,0,10,5,29,8,1,0.49999999999999994,-0.8660254037844387,-0.9749279121818236,-0.2225209339563146,0.0,0.0,0.0,2.231666666666667,0.5579166666666667,0.0,23.5,54.0,0
2026-08-29 11:00:00,5,0.0,0,11,5,29,8,1,0.258819045102521,-0.9659258262890682,-0.9749279121818236,-0.2225209339563146,0.0,0.0,0.0,2.231666666666667,0.5579166666666667,0.0,24.94974746830583,51.51471862576143,0
2026-08-29 12:00:00,5,0.0,0,12,5,29,8,1,1.2246467991473532e-16,-1.0,-0.9749279121818236,-0.2225209339563146,0.0,0.0,0.0,2.231666666666667,0.5579166666666667,0.0,26.06217782649107,49.607695154586736,0
2026-08-29 13:00:00,5,0.0,0,13,5,29,8,1,-0.2588190451025208,-0.9659258262890683,-0.9749279121818236,-0.2225209339563146,0.0,0.0,0.0,2.231666666666667,0.5579166666666667,0.0,26.761480784023476,48.40889008453118,0
2026-08-29 14:00:00,5,0.0,0,14,5,29,8,1,-0.4999999999999997,-0.8660254037844388,-0.9749279121818236,-0.2225209339563146,0.0,0.0,0.0,0.0,0.5579166666666667,0.0,27.0,48.0,0
2026-08-29 15:00:00,5,0.0,0,15,5,29,8,1,-0.7071067811865471,-0.7071067811865479,-0.9749279121818236,-0.2225209339563146,0.0,0.0,0.0,0.0,0.5579166666666667,0.0,26.761480784023476,48.40889008453118,0
2026-08-29 16:00:00,5,0.0,0,16,5,29,8,1,-0.8660254037844384,-0.5000000000000004,-0.9749279121818236,-0.2225209339563146,0.0,0.0,0.0,0.0,0.5579166666666667,0.0,26.062177826491073,49.607695154586736,0
2026-08-29 17:00:00,5,0.0,0,17,5,29,8,1,-0.9659258262890683,-0.25881904510252063,-0.9749279121818236,-0.2225209339563146,0.0,0.0,0.0,0.0,0.5579166666666667,0.0,24.949747468305834,51.51471862576143,0
2026-08-29 18:00:00,5,0.0,0,18,5,29,8,1,-1.0,-1.8369701987210297e-16,-0.9749279121818236,-0.2225209339563146,0.0,0.0,0.0,0.0,0.5579166666666667,0.0,23.5,54.0,0
2026-08-29 19:00:00,5,0.0,0,19,5,29,8,1,-0.9659258262890684,0.2588190451025203,-0.9749279121818236,-0.2225209339563146,0.0,0.0,0.0,0.0,0.5579166666666667,0.0,21.811733315717646,56.89417145876975,0
2026-08-29 20:00:00,5,12.32,1,20,5,29,8,1,-0.8660254037844386,0.5000000000000001,-0.9749279121818236,-0.2225209339563146,0.0,0.0,0.0,0.0,0.5579166666666667,0.0,20.0,60.0,0
2026-08-29 21:00:00,5,0.0,0,21,5,29,8,1,-0.7071067811865477,0.7071067811865474,-0.9749279121818236,-0.2225209339563146,12.32,0.0,0.0,2.0533333333333332,1.07125,1.0,18.188266684282354,63.10582854123025,0
2026-08-29 22:00:00,5,0.0,0,22,5,29,8,1,-0.5000000000000004,0.8660254037844384,-0.9749279121818236,-0.2225209339563146,0.0,0.0,0.0,2.0533333333333332,1.07125,0.0,16.5,66.0,0
2026-08-29 23:00:00,5,0.0,0,23,5,29,8,1,-0.25881904510252157,0.9659258262890681,-0.9749279121818236,-0.2225209339563146,0.0,0.0,0.0,2.0533333333333332,1.07125,0.0,15.05025253169417,68.48528137423857,0
2026-08-30 00:00:00,5,0.0,0,0,6,30,8,1,0.0,1.0,-0.7818314824680299,0.6234898018587334,0.0,0.0,0.0,2.0533333333333332,1.07125,0.0,13.937822173508929,70.39230484541326,0
2026-08-30 01:00:00,5,0.0,0,1,6,30,8,1,0.25881904510252074,0.9659258262890683,-0.7818314824680299,0.6234898018587334,0.0,0.0,0.0,2.0533333333333332,1.07125,0.0,13.238519215976522,71.59110991546882,0
2026-08-30 02:00:00,5,0.0,0,2,6,30,8,1,0.49999999999999994,0.8660254037844387,-0.7818314824680299,0.6234898018587334,0.0,0.0,0.0,2.0533333333333332,1.07125,0.0,13.0,72.0,0
2026-08-30 03:00:00,5,0.0,0,3,6,30,8,1,0.7071067811865475,0.7071067811865476,-0.7818314824680299,0.6234898018587334,0.0,0.0,0.0,0.0,1.07125,0.0,13.238519215976522,71.59110991546882,0
2026-08-30 04:00:00,5,0.0,0,4,6,30,8,1,0.8660254037844386,0.5000000000000001,-0.7818314824680299,0.6234898018587334,0.0,0.0,0.0,0.0,1.07125,0.0,13.93782217350893,70.39230484541326,0
2026-08-30 05:00:00,5,0.0,0,5,6,30,8,1,0.9659258262890683,0.25881904510252074,-0.7818314824680299,0.6234898018587334,0.0,0.0,0.0,0.0,1.07125,0.0,15.050252531694168,68.48528137423857,0
2026-08-30 06:00:00,5,0.0,0,6,6,30,8,1,1.0,6.123233995736766e-17,-0.7818314824680299,0.6234898018587334,0.0,0.0,0.0,0.0,1.07125,0.0,16.5,66.0,0
2026-08-30 07:00:00,5,0.0,0,7,6,30,8,1,0.9659258262890683,-0.25881904510252063,-0.7818314824680299,0.6234898018587334,0.0,13.39,26.75,0.0,1.07125,0.0,18.188266684282354,63.10582854123025,0
2026-08-30 08:00:00,5,0.0,0,8,6,30,8,1,0.8660254037844387,-0.4999999999999998,-0.7818314824680299,0.6234898018587334,0.0,0.0,0.0,0.0,0.5133333333333333,0.0,20.0,60.0,0
2026-08-30 09:00:00,5,0.0,0,9,6,30,8,1,0.7071067811865476,-0.7071067811865475,-0.7818314824680299,0.6234898018587334,0.0,0.0,0.0,0.0,0.5133333333333333,0.0,21.811733315717646,56.89417145876975,0
2026-08-30 10:00:00,5,0.0,0,10,6,30,8,1,0.49999999999999994,-0.8660254037844387,-0.7818314824680299,0.6234898018587334,0.0,0.0,0.0,0.0,0.5133333333333333,0.0,23.5,54.0,0
2026-08-30 11:00:00,5,0.0,0,11,6,30,8,1,0.258819045102521,-0.9659258262890682,-0.7818314824680299,0.6234898018587334,0.0,0.0,0.0,0.0,0.5133333333333333,0.0,24.94974746830583,51.51471862576143,0
2026-08-30 12:00:00,5,0.0,0,12,6,30,8,1,1.2246467991473532e-16,-1.0,-0.7818314824680299,0.6234898018587334,0.0,0.0,0.0,0.0,0.5133333333333333,0.0,26.06217782649107,49.607695154586736,0
2026-08-30 13:00:00,5,0.0,0,13,6,30,8,1,-0.2588190451025208,-0.9659258262890683,-0.7818314824680299,0.6234898018587334,0.0,0.0,0.0,0.0,0.5133333333333333,0.0,26.761480784023476,48.40889008453118,0
2026-08-30 14:00:00,5,0.0,0,14,6,30,8,1,-0.4999999999999997,-0.8660254037844388,-0.7818314824680299,0.6234898018587334,0.0,0.0,0.0,0.0,0.5133333333333333,0.0,27.0,48.0,0
2026-08-30 15:00:00,5,0.0,0,15,6,30,8,1,-0.7071067811865471,-0.7071067811865479,-0.7818314824680299,0.6234898018587334,0.0,0.0,0.0,0.0,0.5133333333333333,0.0,26.761480784023476,48.40889008453118,0
2026-08-30 16:00:00,5,0.0,0,16,6,30,8,1,-0.8660254037844384,-0.5000000000000004,-0.7818314824680299,0.6234898018587334,0.0,0.0,0.0,0.0,0.5133333333333333,0.0,26.062177826491073,49.607695154586736,0
2026-08-30 17:00:00,5,0.0,0,17,6,30,8,1,-0.9659258262890683,-0.25881904510252063,-0.7818314824680299,0.6234898018587334,0.0,0.0,0.0,0.0,0.5133333333333333,0.0,24.949747468305834,51.51471862576143,0
2026-08-30 18:00:00,5,0.0,0,18,6,30,8,1,-1.0,-1.8369701987210297e-16,-0.7818314824680299,0.6234898018587334,0.0,0.0,0.0,0.0,0.5133333333333333,0.0,23.5,54.0,0
2026-08-30 19:00:00,5,0.0,0,19,6,30,8,1,-0.9659258262890684,0.2588190451025203,-0.7818314824680299,0.6234898018587334,0.0,0.0,0.0,0.0,0.5133333333333333,0.0,21.811733315717646,56.89417145876975,0
2026-08-30 20:00:00,5,0.0,0,20,6,30,8,1,-0.8660254037844386,0.5000000000000001,-0.7818314824680299,0.6234898018587334,0.0,12.32,0.0,0.0,0.5133333333333333,0.0,20.0,60.0,0
2026-08-30 21:00:00,5,0.0,0,21,6,30,8,1,-0.7071067811865477,0.7071067811865474,-0.7818314824680299,0.6234898018587334,0.0,0.0,0.0,0.0,0.0,0.0,18.188266684282354,63.10582854123025,0
2026-08-30 22:00:00,5,0.0,0,22,6,30,8,1,-0.5000000000000004,0.8660254037844384,-0.7818314824680299,0.6234898018587334,0.0,0.0,0.0,0.0,0.0,0.0,16.5,66.0,0
2026-08-30 23:00:00,5,0.0,0,23,6,30,8,1,-0.25881904510252157,0.9659258262890681,-0.7818314824680299,0.6234898018587334,0.0,0.0,0.0,0.0,0.0,0.0,15.05025253169417,68.48528137423857,0
2026-08-31 00:00:00,5,0.0,0,0,0,31,8,0,0.0,1.0,0.0,1.0,0.0,0.0,0.0,0.0,0.0,0.0,13.937822173508929,70.39230484541326,1
2026-08-31 01:00:00,5,0.0,0,1,0,31,8,0,0.25881904510252074,0.9659258262890683,0.0,1.0,0.0,0.0,0.0,0.0,0.0,0.0,13.238519215976522,71.59110991546882,1
2026-08-31 02:00:00,5,0.0,0,2,0,31,8,0,0.49999999999999994,0.8660254037844387,0.0,1.0,0.0,0.0,0.0,0.0,0.0,0.0,13.0,72.0,1
2026-08-31 03:00:00,5,0.0,0,3,0,31,8,0,0.7071067811865475,0.7071067811865476,0.0,1.0,0.0,0.0,0.0,0.0,0.0,0.0,13.238519215976522,71.59110991546882,1
2026-08-31 04:00:00,5,0.0,0,4,0,31,8,0,0.8660254037844386,0.5000000000000001,0.0,1.0,0.0,0.0,0.0,0.0,0.0,0.0,13.93782217350893,70.39230484541326,1
2026-08-31 05:00:00,5,0.0,0,5,0,31,8,0,0.9659258262890683,0.25881904510252074,0.0,1.0,0.0,0.0,0.0,0.0,0.0,0.0,15.050252531694168,68.48528137423857,1
2026-08-31 06:00:00,5,0.0,0,6,0,31,8,0,1.0,6.123233995736766e-17,0.0,1.0,0.0,0.0,0.0,0.0,0.0,0.0,16.5,66.0,1
2026-08-31 07:00:00,5,0.0,0,7,0,31,8,0,0.9659258262890683,-0.25881904510252063,0.0,1.0,0.0,0.0,0.0,0.0,0.0,0.0,18.188266684282354,63.10582854123025,1
2026-08-31 08:00:00,5,0.0,0,8,0,31,8,0,0.8660254037844387,-0.4999999999999998,0.0,1.0,0.0,0.0,0.0,0.0,0.0,0.0,20.0,60.0,1
2026-08-31 09:00:00,5,0.0,0,9,0,31,8,0,0.7071067811865476,-0.7071067811865475,0.0,1.0,0.0,0.0,0.0,0.0,0.0,0.0,21.811733315717646,56.89417145876975,1
2026-08-31 10:00:00,5,0.0,0,10,0,31,8,0,0.49999999999999994,-0.8660254037844387,0.0,1.0,0.0,0.0,0.0,0.0,0.0,0.0,23.5,54.0,1
2026-08-31 11:00:00,5,0.0,0,11,0,31,8,0,0.258819045102521,-0.9659258262890682,0.0,1.0,0.0,0.0,0.0,0.0,0.0,0.0,24.94974746830583,51.51471862576143,1
2026-08-31 12:00:00,5,0.0,0,12,0,31,8,0,1.2246467991473532e-16,-1.0,0.0,1.0,0.0,0.0,45.84,0.0,0.0,0.0,26.06217782649107,49.607695154586736,1
2026-08-31 13:00:00,5,0.0,0,13,0,31,8,0,-0.2588190451025208,-0.9659258262890683,0.0,1.0,0.0,0.0,0.0,0.0,0.0,0.0,26.761480784023476,48.40889008453118,1
2026-08-31 14:00:00,5,48.98,1,14,0,31,8,0,-0.4999999999999997,-0.8660254037844388,0.0,1.0,0.0,0.0,0.0,0.0,0.0,0.0,27.0,48.0,1
2026-08-31 15:00:00,5,0.0,0,15,0,31,8,0,-0.7071067811865471,-0.7071067811865479,0.0,1.0,48.98,0.0,0.0,8.163333333333332,2.040833333333333,1.0,26.761480784023476,48.40889008453118,1
2026-08-31 16:00:00,5,0.0,0,16,0,31,8,0,-0.8660254037844384,-0.5000000000000004,0.0,1.0,0.0,0.0,0.0,8.163333333333332,2.040833333333333,0.0,26.062177826491073,49.607695154586736,1
2026-08-31 17:00:00,5,0.0,0,17,0,31,8,0,-0.9659258262890683,-0.25881904510252063,0.0,1.0,0.0,0.0,0.0,8.163333333333332,2.040833333333333,0.0,24.949747468305834,51.51471862576143,1
2026-08-31 18:00:00,5,0.0,0,18,0,31,8,0,-1.0,-1.8369701987210297e-16,0.0,1.0,0.0,0.0,0.0,8.163333333333332,2.040833333333333,0.0,23.5,54.0,1
2026-08-31 19:00:00,5,0.0,0,19,0,31,8,0,-0.9659258262890684,0.2588190451025203,0.0,1.0,0.0,0.0,0.0,8.163333333333332,2.040833333333333,0.0,21.811733315717646,56.89417145876975,1
2026-08-31 20:00:00,5,11.18,1,20,0,31,8,0,-0.8660254037844386,0.5000000000000001,0.0,1.0,0.0,0.0,0.0,8.163333333333332,2.040833333333333,0.0,20.0,60.0,1
2026-08-31 21:00:00,5,0.0,0,21,0,31,8,0,-0.7071067811865477,0.7071067811865474,0.0,1.0,11.18,0.0,0.0,1.8633333333333333,2.5066666666666664,1.0,18.188266684282354,63.10582854123025,1
2026-08-31 22:00:00,5,0.0,0,22,0,31,8,0,-0.5000000000000004,0.8660254037844384,0.0,1.0,0.0,0.0,0.0,1.8633333333333333,2.5066666666666664,0.0,16.5,66.0,1
2026-08-31 23:00:00,5,0.0,0,23,0,31,8,0,-0.25881904510252157,0.9659258262890681,0.0,1.0,0.0,0.0,0.0,1.8633333333333333,2.5066666666666664,0.0,15.05025253169417,68.48528137423857,1
2026-09-01 00:00:00,5,0.0,0,0,1,1,9,0,0.0,1.0,0.7818314824680298,0.6234898018587336,0.0,0.0,0.0,1.8633333333333333,2.5066666666666664,0.0,13.937822173508929,70.39230484541326,0
2026-09-01 01:00:00,5,0.0,0,1,1,1,9,0,0.25881904510252074,0.9659258262890683,0.7818314824680298,0.6234898018587336,0.0,0.0,0.0,1.8633333333333333,2.5066666666666664,0.0,13.238519215976522,71.59110991546882,0
2026-09-01 02:00:00,5,0.0,0,2,1,1,9,0,0.49999999999999994,0.8660254037844387,0.7818314824680298,0.6234898018587336,0.0,0.0,0.0,1.8633333333333333,2.5066666666666664,0.0,13.0,72.0,0
2026-09-01 03:00:00,5,0.0,0,3,1,1,9,0,0.7071067811865475,0.7071067811865476,0.7818314824680298,0.6234898018587336,0.0,0.0,0.0,0.0,2.5066666666666664,0.0,13.238519215976522,71.59110991546882,0
2026-09-01 04:00:00,5,0.0,0,4,1,1,9,0,0.8660254037844386,0.5000000000000001,0.7818314824680298,0.6234898018587336,0.0,0.0,0.0,0.0,2.5066666666666664,0.0,13.93782217350893,70.39230484541326,0
2026-09-01 05:00:00,5,0.0,0,5,1,1,9,0,0.9659258262890683,0.25881904510252074,0.7818314824680298,0.6234898018587336,0.0,0.0,0.0,0.0,2.5066666666666664,0.0,15.050252531694168,68.48528137423857,0
2026-09-01 06:00:00,5,0.0,0,6,1,1,9,0,1.0,6.123233995736766e-17,0.7818314824680298,0.6234898018587336,0.0,0.0,0.0,0.0,2.5066666666666664,0.0,16.5,66.0,0
2026-09-01 07:00:00,5,0.0,0,7,1,1,9,0,0.9659258262890683,-0.25881904510252063,0.7818314824680298,0.6234898018587336,0.0,0.0,0.0,0.0,2.5066666666666664,0.0,18.188266684282354,63.10582854123025,0
2026-09-01 08:00:00,5,0.0,0,8,1,1,9,0,0.8660254037844387,-0.4999999999999998,0.7818314824680298,0.6234898018587336,0.0,0.0,0.0,0.0,2.5066666666666664,0.0,20.0,60.0,0
2026-09-01 09:00:00,5,0.0,0,9,1,1,9,0,0.7071067811865476,-0.7071067811865475,0.7818314824680298,0.6234898018587336,0.0,0.0,0.0,0.0,2.5066666666666664,0.0,21.811733315717646,56.89417145876975,0
2026-09-01 10:00:00,5,0.0,0,10,1,1,9,0,0.49999999999999994,-0.8660254037844387,0.7818314824680298,0.6234898018587336,0.0,0.0,0.0,0.0,2.5066666666666664,0.0,23.5,54.0,0
2026-09-01 11:00:00,5,0.0,0,11,1,1,9,0,0.258819045102521,-0.9659258262890682,0.7818314824680298,0.6234898018587336,0.0,0.0,0.0,0.0,2.5066666666666664,0.0,24.94974746830583,51.51471862576143,0
2026-09-01 12:00:00,5,0.0,0,12,1,1,9,0,1.2246467991473532e-16,-1.0,0.7818314824680298,0.6234898018587336,0.0,0.0,0.0,0.0,2.5066666666666664,0.0,26.06217782649107,49.607695154586736,0
2026-09-01 13:00:00,5,12.38,1,13,1,1,9,0,-0.2588190451025208,-0.9659258262890683,0.7818314824680298,0.6234898018587336,0.0,0.0,0.0,0.0,2.5066666666666664,0.0,26.761480784023476,48.40889008453118,0
2026-09-01 14:00:00,5,0.0,0,14,1,1,9,0,-0.4999999999999997,-0.8660254037844388,0.7818314824680298,0.6234898018587336,12.38,48.98,0.0,2.0633333333333335,3.0224999999999995,1.0,27.0,48.0,0
2026-09-01 15:00:00,5,0.0,0,15,1,1,9,0,-0.7071067811865471,-0.7071067811865479,0.7818314824680298,0.6234898018587336,0.0,0.0,0.0,2.0633333333333335,0.9816666666666668,0.0,26.761480784023476,48.40889008453118,0
2026-09-01 16:00:00,5,0.0,0,16,1,1,9,0,-0.8660254037844384,-0.5000000000000004,0.7818314824680298,0.6234898018587336,0.0,0.0,0.0,2.0633333333333335,0.9816666666666668,0.0,26.062177826491073,49.607695154586736,0
2026-09-01 17:00:00,5,0.0,0,17,1,1,9,0,-0.9659258262890683,-0.25881904510252063,0.7818314824680298,0.6234898018587336,0.0,0.0,0.0,2.0633333333333335,0.9816666666666668,0.0,24.949747468305834,51.51471862576143,0
2026-09-01 18:00:00,5,0.0,0,18,1,1,9,0,-1.0,-1.8369701987210297e-16,0.7818314824680298,0.6234898018587336,0.0,0.0,0.0,2.0633333333333335,0.9816666666666668,0.0,23.5,54.0,0
2026-09-01 19:00:00,5,0.0,0,19,1,1,9,0,-0.9659258262890684,0.2588190451025203,0.7818314824680298,0.6234898018587336,0.0,0.0,0.0,2.0633333333333335,0.9816666666666668,0.0,21.811733315717646,56.89417145876975,0
2026-09-01 20:00:00,5,0.0,0,20,1,1,9,0,-0.8660254037844386,0.5000000000000001,0.7818314824680298,0.6234898018587336,0.0,11.18,0.0,0.0,0.9816666666666668,0.0,20.0,60.0,0
2026-09-01 21:00:00,5,0.0,0,21,1,1,9,0,-0.7071067811865477,0.7071067811865474,0.7818314824680298,0.6234898018587336,0.0,0.0,0.0,0.0,0.5158333333333334,0.0,18.188266684282354,63.10582854123025,0
2026-09-01 22:00:00,5,0.0,0,22,1,1,9,0,-0.5000000000000004,0.8660254037844384,0.7818314824680298,0.6234898018587336,0.0,0.0,0.0,0.0,0.5158333333333334,0.0,16.5,66.0,0
2026-09-01 23:00:00,5,0.0,0,23,1,1,9,0,-0.25881904510252157,0.9659258262890681,0.7818314824680298,0.6234898018587336,0.0,0.0,0.0,0.0,0.5158333333333334,0.0,15.05025253169417,68.48528137423857,0
2026-09-02 00:00:00,5,0.0,0,0,2,2,9,0,0.0,1.0,0.9749279121818236,-0.22252093395631434,0.0,0.0,0.0,0.0,0.5158333333333334,0.0,13.937822173508929,70.39230484541326,0
2026-09-02 01:00:00,5,0.0,0,1,2,2,9,0,0.25881904510252074,0.9659258262890683,0.9749279121818236,-0.22252093395631434,0.0,0.0,0.0,0.0,0.5158333333333334,0.0,13.238519215976522,71.59110991546882,0
2026-09-02 02:00:00,5,0.0,0,2,2,2,9,0,0.49999999999999994,0.8660254037844387,0.9749279121818236,-0.22252093395631434,0.0,0.0,0.0,0.0,0.5158333333333334,0.0,13.0,72.0,0
2026-09-02 03:00:00,5,0.0,0,3,2,2,9,0,0.7071067811865475,0.7071067811865476,0.9749279121818236,-0.22252093395631434,0.0,0.0,0.0,0.0,0.5158333333333334,0.0,13.238519215976522,71.59110991546882,0
2026-09-02 04:00:00,5,0.0,0,4,2,2,9,0,0.8660254037844386,0.5000000000000001,0.9749279121818236,-0.22252093395631434,0.0,0.0,0.0,0.0,0.5158333333333334,0.0,13.93782217350893,70.39230484541326,0
2026-09-02 05:00:00,5,0.0,0,5,2,2,9,0,0.9659258262890683,0.25881904510252074,0.9749279121818236,-0.22252093395631434,0.0,0.0,0.0,0.0,0.5158333333333334,0.0,15.050252531694168,68.48528137423857,0
2026-09-02 06:00:00,5,0.0,0,6,2,2,9,0,1.0,6.123233995736766e-17,0.9749279121818236,-0.22252093395631434,0.0,0.0,0.0,0.0,0.5158333333333334,0.0,16.5,66.0,0
2026-09-02 07:00:00,5,0.0,0,7,2,2,9,0,0.9659258262890683,-0.25881904510252063,0.9749279121818236,-0.22252093395631434,0.0,0.0,0.0,0.0,0.5158333333333334,0.0,18.188266684282354,63.10582854123025,0
2026-09-02 08:00:00,5,0.0,0,8,2,2,9,0,0.8660254037844387,-0.4999999999999998,0.9749279121818236,-0.22252093395631434,0.0,0.0,0.0,0.0,0.5158333333333334,0.0,20.0,60.0,0
2026-09-02 09:00:00,5,0.0,0,9,2,2,9,0,0.7071067811865476,-0.7071067811865475,0.9749279121818236,-0.22252093395631434,0.0,0.0,0.0,0.0,0.5158333333333334,0.0,21.811733315717646,56.89417145876975,0
2026-09-02 10:00:00,5,0.0,0,10,2,2,9,0,0.49999999999999994,-0.8660254037844387,0.9749279121818236,-0.22252093395631434,0.0,0.0,0.0,0.0,0.5158333333333334,0.0,23.5,54.0,0
2026-09-02 11:00:00,5,0.0,0,11,2,2,9,0,0.258819045102521,-0.9659258262890682,0.9749279121818236,-0.22252093395631434,0.0,0.0,0.0,0.0,0.5158333333333334,0.0,24.94974746830583,51.51471862576143,0
2026-09-02 12:00:00,5,0.0,0,12,2,2,9,0,1.2246467991473532e-16,-1.0,0.9749279121818236,-0.22252093395631434,0.0,0.0,0.0,0.0,0.5158333333333334,0.0,26.06217782649107,49.607695154586736,0
2026-09-02 13:00:00,5,0.0,0,13,2,2,9,0,-0.2588190451025208,-0.9659258262890683,0.9749279121818236,-0.22252093395631434,0.0,12.38,0.0,0.0,0.5158333333333334,0.0,26.761480784023476,48.40889008453118,0
2026-09-02 14:00:00,5,0.0,0,14,2,2,9,0,-0.4999999999999997,-0.8660254037844388,0.9749279121818236,-0.22252093395631434,0.0,0.0,0.0,0.0,0.0,0.0,27.0,48.0,0
2026-09-02 15:00:00,5,0.0,0,15,2,2,9,0,-0.7071067811865471,-0.7071067811865479,0.9749279121818236,-0.22252093395631434,0.0,0.0,0.0,0.0,0.0,0.0,26.761480784023476,48.40889008453118,0
2026-09-02 16:00:00,5,0.0,0,16,2,2,9,0,-0.8660254037844384,-0.5000000000000004,0.9749279121818236,-0.22252093395631434,0.0,0.0,0.0,0.0,0.0,0.0,26.062177826491073,49.607695154586736,0
2026-09-02 17:00:00,5,0.0,0,17,2,2,9,0,-0.9659258262890683,-0.25881904510252063,0.9749279121818236,-0.22252093395631434,0.0,0.0,0.0,0.0,0.0,0.0,24.949747468305834,51.51471862576143,0
2026-09-02 18:00:00,5,0.0,0,18,2,2,9,0,-1.0,-1.8369701987210297e-16,0.9749279121818236,-0.22252093395631434,0.0,0.0,0.0,0.0,0.0,0.0,23.5,54.0,0
2026-09-02 19:00:00,5,0.0,0,19,2,2,9,0,-0.9659258262890684,0.2588190451025203,0.9749279121818236,-0.22252093395631434,0.0,0.0,0.0,0.0,0.0,0.0,21.811733315717646,56.89417145876975,0
2026-09-02 20:00:00,5,0.0,0,20,2,2,9,0,-0.8660254037844386,0.5000000000000001,0.9749279121818236,-0.22252093395631434,0.0,0.0,0.0,0.0,0.0,0.0,20.0,60.0,0
2026-09-02 21:00:00,5,0.0,0,21,2,2,9,0,-0.7071067811865477,0.7071067811865474,0.9749279121818236,-0.22252093395631434,0.0,0.0,0.0,0.0,0.0,0.0,18.188266684282354,63.10582854123025,0
2026-09-02 22:00:00,5,0.0,0,22,2,2,9,0,-0.5000000000000004,0.8660254037844384,0.9749279121818236,-0.22252093395631434,0.0,0.0,0.0,0.0,0.0,0.0,16.5,66.0,0
2026-09-02 23:00:00,5,0.0,0,23,2,2,9,0,-0.25881904510252157,0.9659258262890681,0.9749279121818236,-0.22252093395631434,0.0,0.0,0.0,0.0,0.0,0.0,15.05025253169417,68.48528137423857,0
2026-09-03 00:00:00,5,0.0,0,0,3,3,9,0,0.0,1.0,0.43388373911755823,-0.900968867902419,0.0,0.0,0.0,0.0,0.0,0.0,13.937822173508929,70.39230484541326,0
2026-09-03 01:00:00,5,0.0,0,1,3,3,9,0,0.25881904510252074,0.9659258262890683,0.43388373911755823,-0.900968867902419,0.0,0.0,0.0,0.0,0.0,0.0,13.238519215976522,71.59110991546882,0
2026-09-03 02:00:00,5,0.0,0,2,3,3,9,0,0.49999999999999994,0.8660254037844387,0.43388373911755823,-0.900968867902419,0.0,0.0,0.0,0.0,0.0,0.0,13.0,72.0,0
2026-09-03 03:00:00,5,0.0,0,3,3,3,9,0,0.7071067811865475,0.7071067811865476,0.43388373911755823,-0.900968867902419,0.0,0.0,0.0,0.0,0.0,0.0,13.238519215976522,71.59110991546882,0
2026-09-03 04:00:00,5,0.0,0,4,3,3,9,0,0.8660254037844386,0.5000000000000001,0.43388373911755823,-0.900968867902419,0.0,0.0,0.0,0.0,0.0,0.0,13.93782217350893,70.39230484541326,0
2026-09-03 05:00:00,5,0.0,0,5,3,3,9,0,0.9659258262890683,0.25881904510252074,0.43388373911755823,-0.900968867902419,0.0,0.0,0.0,0.0,0.0,0.0,15.050252531694168,68.48528137423857,0
2026-09-03 06:00:00,5,0.0,0,6,3,3,9,0,1.0,6.123233995736766e-17,0.43388373911755823,-0.900968867902419,0.0,0.0,0.0,0.0,0.0,0.0,16.5,66.0,0
2026-09-03 07:00:00,5,0.0,0,7,3,3,9,0,0.9659258262890683,-0.25881904510252063,0.43388373911755823,-0.900968867902419,0.0,0.0,0.0,0.0,0.0,0.0,18.188266684282354,63.10582854123025,0
2026-09-03 08:00:00,5,0.0,0,8,3,3,9,0,0.8660254037844387,-0.4999999999999998,0.43388373911755823,-0.900968867902419,0.0,0.0,0.0,0.0,0.0,0.0,20.0,60.0,0
2026-09-03 09:00:00,5,0.0,0,9,3,3,9,0,0.7071067811865476,-0.7071067811865475,0.43388373911755823,-0.900968867902419,0.0,0.0,0.0,0.0,0.0,0.0,21.811733315717646,56.89417145876975,0
2026-09-03 10:00:00,5,0.0,0,10,3,3,9,0,0.49999999999999994,-0.8660254037844387,0.43388373911755823,-0.900968867902419,0.0,0.0,0.0,0.0,0.0,0.0,23.5,54.0,0
2026-09-03 11:00:00,5,0.0,0,11,3,3,9,0,0.258819045102521,-0.9659258262890682,0.43388373911755823,-0.900968867902419,0.0,0.0,0.0,0.0,0.0,0.0,24.94974746830583,51.51471862576143,0
2026-09-03 12:00:00,5,0.0,0,12,3,3,9,0,1.2246467991473532e-16,-1.0,0.43388373911755823,-0.900968867902419,0.0,0.0,0.0,0.0,0.0,0.0,26.06217782649107,49.607695154586736,0
2026-09-03 13:00:00,5,0.0,0,13,3,3,9,0,-0.2588190451025208,-0.9659258262890683,0.43388373911755823,-0.900968867902419,0.0,0.0,0.0,0.0,0.0,0.0,26.761480784023476,48.40889008453118,0
2026-09-03 14:00:00,5,0.0,0,14,3,3,9,0,-0.4999999999999997,-0.8660254037844388,0.43388373911755823,-0.900968867902419,0.0,0.0,0.0,0.0,0.0,0.0,27.0,48.0,0
2026-09-03 15:00:00,5,0.0,0,15,3,3,9,0,-0.7071067811865471,-0.7071067811865479,0.43388373911755823,-0.900968867902419,0.0,0.0,0.0,0.0,0.0,0.0,26.761480784023476,48.40889008453118,0
2026-09-03 16:00:00,5,0.0,0,16,3,3,9,0,-0.8660254037844384,-0.5000000000000004,0.43388373911755823,-0.900968867902419,0.0,0.0,0.0,0.0,0.0,0.0,26.062177826491073,49.607695154586736,0
2026-09-03 17:00:00,5,0.0,0,17,3,3,9,0,-0.9659258262890683,-0.25881904510252063,0.43388373911755823,-0.900968867902419,0.0,0.0,0.0,0.0,0.0,0.0,24.949747468305834,51.51471862576143,0
2026-09-03 18:00:00,5,0.0,0,18,3,3,9,0,-1.0,-1.8369701987210297e-16,0.43388373911755823,-0.900968867902419,0.0,0.0,0.0,0.0,0.0,0.0,23.5,54.0,0
2026-09-03 19:00:00,5,0.0,0,19,3,3,9,0,-0.9659258262890684,0.2588190451025203,0.43388373911755823,-0.900968867902419,0.0,0.0,0.0,0.0,0.0,0.0,21.811733315717646,56.89417145876975,0
2026-09-03 20:00:00,5,0.0,0,20,3,3,9,0,-0.8660254037844386,0.5000000000000001,0.43388373911755823,-0.900968867902419,0.0,0.0,0.0,0.0,0.0,0.0,20.0,60.0,0
2026-09-03 21:00:00,5,0.0,0,21,3,3,9,0,-0.7071067811865477,0.7071067811865474,0.43388373911755823,-0.900968867902419,0.0,0.0,11.12,0.0,0.0,0.0,18.188266684282354,63.10582854123025,0
2026-09-03 22:00:00,5,0.0,0,22,3,3,9,0,-0.5000000000000004,0.8660254037844384,0.43388373911755823,-0.900968867902419,0.0,0.0,0.0,0.0,0.0,0.0,16.5,66.0,0
2026-09-03 23:00:00,5,0.0,0,23,3,3,9,0,-0.25881904510252157,0.9659258262890681,0.43388373911755823,-0.900968867902419,0.0,0.0,0.0,0.0,0.0,0.0,15.05025253169417,68.48528137423857,0
2026-09-04 00:00:00,5,0.0,0,0,4,4,9,0,0.0,1.0,-0.433883739117558,-0.9009688679024191,0.0,0.0,0.0,0.0,0.0,0.0,13.937822173508929,70.39230484541326,1
2026-09-04 01:00:00,5,0.0,0,1,4,4,9,0,0.25881904510252074,0.9659258262890683,-0.433883739117558,-0.9009688679024191,0.0,0.0,0.0,0.0,0.0,0.0,13.238519215976522,71.59110991546882,1
2026-09-04 02:00:00,5,0.0,0,2,4,4,9,0,0.49999999999999994,0.8660254037844387,-0.433883739117558,-0.9009688679024191,0.0,0.0,0.0,0.0,0.0,0.0,13.0,72.0,1
2026-09-04 03:00:00,5,0.0,0,3,4,4,9,0,0.7071067811865475,0.7071067811865476,-0.433883739117558,-0.9009688679024191,0.0,0.0,0.0,0.0,0.0,0.0,13.238519215976522,71.59110991546882,1
2026-09-04 04:00:00,5,0.0,0,4,4,4,9,0,0.8660254037844386,0.5000000000000001,-0.433883739117558,-0.9009688679024191,0.0,0.0,0.0,0.0,0.0,0.0,13.93782217350893,70.39230484541326,1
2026-09-04 05:00:00,5,0.0,0,5,4,4,9,0,0.9659258262890683,0.25881904510252074,-0.433883739117558,-0.9009688679024191,0.0,0.0,0.0,0.0,0.0,0.0,15.050252531694168,68.48528137423857,1
2026-09-04 06:00:00,5,0.0,0,6,4,4,9,0,1.0,6.123233995736766e-17,-0.433883739117558,-0.9009688679024191,0.0,0.0,0.0,0.0,0.0,0.0,16.5,66.0,1
2026-09-04 07:00:00,5,0.0,0,7,4,4,9,0,0.9659258262890683,-0.25881904510252063,-0.433883739117558,-0.9009688679024191,0.0,0.0,0.0,0.0,0.0,0.0,18.188266684282354,63.10582854123025,1
2026-09-04 08:00:00,5,0.0,0,8,4,4,9,0,0.8660254037844387,-0.4999999999999998,-0.433883739117558,-0.9009688679024191,0.0,0.0,17.25,0.0,0.0,0.0,20.0,60.0,1
2026-09-04 09:00:00,5,0.0,0,9,4,4,9,0,0.7071067811865476,-0.7071067811865475,-0.433883739117558,-0.9009688679024191,0.0,0.0,0.0,0.0,0.0,0.0,21.811733315717646,56.89417145876975,1
2026-09-04 10:00:00,5,0.0,0,10,4,4,9,0,0.49999999999999994,-0.8660254037844387,-0.433883739117558,-0.9009688679024191,0.0,0.0,0.0,0.0,0.0,0.0,23.5,54.0,1
2026-09-04 11:00:00,5,0.0,0,11,4,4,9,0,0.258819045102521,-0.9659258262890682,-0.433883739117558,-0.9009688679024191,0.0,0.0,0.0,0.0,0.0,0.0,24.94974746830583,51.51471862576143,1
2026-09-04 12:00:00,5,0.0,0,12,4,4,9,0,1.2246467991473532e-16,-1.0,-0.433883739117558,-0.9009688679024191,0.0,0.0,0.0,0.0,0.0,0.0,26.06217782649107,49.607695154586736,1
2026-09-04 13:00:00,5,0.0,0,13,4,4,9,0,-0.2588190451025208,-0.9659258262890683,-0.433883739117558,-0.9009688679024191,0.0,0.0,0.0,0.0,0.0,0.0,26.761480784023476,48.40889008453118,1
2026-09-04 14:00:00,5,0.0,0,14,4,4,9,0,-0.4999999999999997,-0.8660254037844388,-0.433883739117558,-0.9009688679024191,0.0,0.0,0.0,0.0,0.0,0.0,27.0,48.0,1
2026-09-04 15:00:00,5,0.0,0,15,4,4,9,0,-0.7071067811865471,-0.7071067811865479,-0.433883739117558,-0.9009688679024191,0.0,0.0,0.0,0.0,0.0,0.0,26.761480784023476,48.40889008453118,1
2026-09-04 16:00:00,5,0.0,0,16,4,4,9,0,-0.8660254037844384,-0.5000000000000004,-0.433883739117558,-0.9009688679024191,0.0,0.0,0.0,0.0,0.0,0.0,26.062177826491073,49.607695154586736,1
2026-09-04 17:00:00,5,0.0,0,17,4,4,9,0,-0.9659258262890683,-0.25881904510252063,-0.433883739117558,-0.9009688679024191,0.0,0.0,0.0,0.0,0.0,0.0,24.949747468305834,51.51471862576143,1
2026-09-04 18:00:00,5,16.69,1,18,4,4,9,0,-1.0,-1.8369701987210297e-16,-0.433883739117558,-0.9009688679024191,0.0,0.0,0.0,0.0,0.0,0.0,23.5,54.0,1
2026-09-04 19:00:00,5,0.0,0,19,4,4,9,0,-0.9659258262890684,0.2588190451025203,-0.433883739117558,-0.9009688679024191,16.69,0.0,0.0,2.7816666666666667,0.6954166666666667,1.0,21.811733315717646,56.89417145876975,1
2026-09-04 20:00:00,5,0.0,0,20,4,4,9,0,-0.8660254037844386,0.5000000000000001,-0.433883739117558,-0.9009688679024191,0.0,0.0,0.0,2.7816666666666667,0.6954166666666667,0.0,20.0,60.0,1
2026-09-04 21:00:00,5,0.0,0,21,4,4,9,0,-0.7071067811865477,0.7071067811865474,-0.433883739117558,-0.9009688679024191,0.0,0.0,0.0,2.7816666666666667,0.6954166666666667,0.0,18.188266684282354,63.10582854123025,1
2026-09-04 22:00:00,5,0.0,0,22,4,4,9,0,-0.5000000000000004,0.8660254037844384,-0.433883739117558,-0.9009688679024191,0.0,0.0,0.0,2.7816666666666667,0.6954166666666667,0.0,16.5,66.0,1
2026-09-04 23:00:00,5,0.0,0,23,4,4,9,0,-0.25881904510252157,0.9659258262890681,-0.433883739117558,-0.9009688679024191,0.0,0.0,0.0,2.7816666666666667,0.6954166666666667,0.0,15.05025253169417,68.48528137423857,1
2026-09-05 00:00:00,5,0.0,0,0,5,5,9,1,0.0,1.0,-0.9749279121818236,-0.2225209339563146,0.0,0.0,0.0,2.7816666666666667,0.6954166666666667,0.0,13.937822173508929,70.39230484541326,0
2026-09-05 01:00:00,5,0.0,0,1,5,5,9,1,0.25881904510252074,0.9659258262890683,-0.9749279121818236,-0.2225209339563146,0.0,0.0,0.0,0.0,0.6954166666666667,0.0,13.238519215976522,71.59110991546882,0
2026-09-05 02:00:00,5,0.0,0,2,5,5,9,1,0.49999999999999994,0.8660254037844387,-0.9749279121818236,-0.2225209339563146,0.0,0.0,0.0,0.0,0.6954166666666667,0.0,13.0,72.0,0
2026-09-05 03:00:00,5,0.0,0,3,5,5,9,1,0.7071067811865475,0.7071067811865476,-0.9749279121818236,-0.2225209339563146,0.0,0.0,0.0,0.0,0.6954166666666667,0.0,13.238519215976522,71.59110991546882,0
2026-09-05 04:00:00,5,0.0,0,4,5,5,9,1,0.8660254037844386,0.5000000000000001,-0.9749279121818236,-0.2225209339563146,0.0,0.0,0.0,0.0,0.6954166666666667,0.0,13.93782217350893,70.39230484541326,0
2026-09-05 05:00:00,5,0.0,0,5,5,5,9,1,0.9659258262890683,0.25881904510252074,-0.9749279121818236,-0.2225209339563146,0.0,0.0,0.0,0.0,0.6954166666666667,0.0,15.050252531694168,68.48528137423857,0
2026-09-05 06:00:00,5,0.0,0,6,5,5,9,1,1.0,6.123233995736766e-17,-0.9749279121818236,-0.2225209339563146,0.0,0.0,0.0,0.0,0.6954166666666667,0.0,16.5,66.0,0
2026-09-05 07:00:00,5,0.0,0,7,5,5,9,1,0.9659258262890683,-0.25881904510252063,-0.9749279121818236,-0.2225209339563146,0.0,0.0,13.39,0.0,0.6954166666666667,0.0,18.188266684282354,63.10582854123025,0
2026-09-05 08:00:00,5,0.0,0,8,5,5,9,1,0.8660254037844387,-0.4999999999999998,-0.9749279121818236,-0.2225209339563146,0.0,0.0,0.0,0.0,0.6954166666666667,0.0,20.0,60.0,0
2026-09-05 09:00:00,5,0.0,0,9,5,5,9,1,0.7071067811865476,-0.7071067811865475,-0.9749279121818236,-0.2225209339563146,0.0,0.0,0.0,0.0,0.6954166666666667,0.0,21.811733315717646,56.89417145876975,0
2026-09-05 10:00:00,5,0.0,0,10,5,5,9,1,0.49999999999999994,-0.8660254037844387,-0.9749279121818236,-0.2225209339563146,0.0,0.0,0.0,0.0,0.6954166666666667,0.0,23.5,54.0,0
2026-09-05 11:00:00,5,0.0,0,11,5,5,9,1,0.258819045102521,-0.9659258262890682,-0.9749279121818236,-0.2225209339563146,0.0,0.0,0.0,0.0,0.6954166666666667,0.0,24.94974746830583,51.51471862576143,0
2026-09-05 12:00:00,5,0.0,0,12,5,5,9,1,1.2246467991473532e-16,-1.0,-0.9749279121818236,-0.2225209339563146,0.0,0.0,0.0,0.0,0.6954166666666667,0.0,26.06217782649107,49.607695154586736,0
2026-09-05 13:00:00,5,0.0,0,13,5,5,9,1,-0.2588190451025208,-0.9659258262890683,-0.9749279121818236,-0.2225209339563146,0.0,0.0,0.0,0.0,0.6954166666666667,0.0,26.761480784023476,48.40889008453118,0
2026-09-05 14:00:00,5,0.0,0,14,5,5,9,1,-0.4999999999999997,-0.8660254037844388,-0.9749279121818236,-0.2225209339563146,0.0,0.0,0.0,0.0,0.6954166666666667,0.0,27.0,48.0,0
2026-09-05 15:00:00,5,0.0,0,15,5,5,9,1,-0.7071067811865471,-0.7071067811865479,-0.9749279121818236,-0.2225209339563146,0.0,0.0,0.0,0.0,0.6954166666666667,0.0,26.761480784023476,48.40889008453118,0
2026-09-05 16:00:00,5,0.0,0,16,5,5,9,1,-0.8660254037844384,-0.5000000000000004,-0.9749279121818236,-0.2225209339563146,0.0,0.0,0.0,0.0,0.6954166666666667,0.0,26.062177826491073,49.607695154586736,0
2026-09-05 17:00:00,5,0.0,0,17,5,5,9,1,-0.9659258262890683,-0.25881904510252063,-0.9749279121818236,-0.2225209339563146,0.0,0.0,0.0,0.0,0.6954166666666667,0.0,24.949747468305834,51.51471862576143,0
2026-09-05 18:00:00,5,0.0,0,18,5,5,9,1,-1.0,-1.8369701987210297e-16,-0.9749279121818236,-0.2225209339563146,0.0,16.69,0.0,0.0,0.6954166666666667,0.0,23.5,54.0,0
2026-09-05 19:00:00,5,0.0,0,19,5,5,9,1,-0.9659258262890684,0.2588190451025203,-0.9749279121818236,-0.2225209339563146,0.0,0.0,0.0,0.0,0.0,0.0,21.811733315717646,56.89417145876975,0
2026-09-05 20:00:00,5,0.0,0,20,5,5,9,1,-0.8660254037844386,0.5000000000000001,-0.9749279121818236,-0.2225209339563146,0.0,0.0,12.32,0.0,0.0,0.0,20.0,60.0,0
2026-09-05 21:00:00,5,0.0,0,21,5,5,9,1,-0.7071067811865477,0.7071067811865474,-0.9749279121818236,-0.2225209339563146,0.0,0.0,0.0,0.0,0.0,0.0,18.188266684282354,63.10582854123025,0
2026-09-05 22:00:00,5,0.0,0,22,5,5,9,1,-0.5000000000000004,0.8660254037844384,-0.9749279121818236,-0.2225209339563146,0.0,0.0,0.0,0.0,0.0,0.0,16.5,66.0,0
2026-09-05 23:00:00,5,0.0,0,23,5,5,9,1,-0.25881904510252157,0.9659258262890681,-0.9749279121818236,-0.2225209339563146,0.0,0.0,0.0,0.0,0.0,0.0,15.05025253169417,68.48528137423857,0
2026-09-06 00:00:00,5,0.0,0,0,6,6,9,1,0.0,1.0,-0.7818314824680299,0.6234898018587334,0.0,0.0,0.0,0.0,0.0,0.0,13.937822173508929,70.39230484541326,0
2026-09-06 01:00:00,5,0.0,0,1,6,6,9,1,0.25881904510252074,0.9659258262890683,-0.7818314824680299,0.6234898018587334,0.0,0.0,0.0,0.0,0.0,0.0,13.238519215976522,71.59110991546882,0
2026-09-06 02:00:00,5,0.0,0,2,6,6,9,1,0.49999999999999994,0.8660254037844387,-0.7818314824680299,0.6234898018587334,0.0,0.0,0.0,0.0,0.0,0.0,13.0,72.0,0
2026-09-06 03:00:00,5,0.0,0,3,6,6,9,1,0.7071067811865475,0.7071067811865476,-0.7818314824680299,0.6234898018587334,0.0,0.0,0.0,0.0,0.0,0.0,13.238519215976522,71.59110991546882,0
2026-09-06 04:00:00,5,0.0,0,4,6,6,9,1,0.8660254037844386,0.5000000000000001,-0.7818314824680299,0.6234898018587334,0.0,0.0,0.0,0.0,0.0,0.0,13.93782217350893,70.39230484541326,0
2026-09-06 05:00:00,5,0.0,0,5,6,6,9,1,0.9659258262890683,0.25881904510252074,-0.7818314824680299,0.6234898018587334,0.0,0.0,0.0,0.0,0.0,0.0,15.050252531694168,68.48528137423857,0
2026-09-06 06:00:00,5,0.0,0,6,6,6,9,1,1.0,6.123233995736766e-17,-0.7818314824680299,0.6234898018587334,0.0,0.0,0.0,0.0,0.0,0.0,16.5,66.0,0
2026-09-06 07:00:00,5,0.0,0,7,6,6,9,1,0.9659258262890683,-0.25881904510252063,-0.7818314824680299,0.6234898018587334,0.0,0.0,0.0,0.0,0.0,0.0,18.188266684282354,63.10582854123025,0
2026-09-06 08:00:00,5,0.0,0,8,6,6,9,1,0.8660254037844387,-0.4999999999999998,-0.7818314824680299,0.6234898018587334,0.0,0.0,0.0,0.0,0.0,0.0,20.0,60.0,0
2026-09-06 09:00:00,5,0.0,0,9,6,6,9,1,0.7071067811865476,-0.7071067811865475,-0.7818314824680299,0.6234898018587334,0.0,0.0,0.0,0.0,0.0,0.0,21.811733315717646,56.89417145876975,0
2026-09-06 10:00:00,5,0.0,0,10,6,6,9,1,0.49999999999999994,-0.8660254037844387,-0.7818314824680299,0.6234898018587334,0.0,0.0,0.0,0.0,0.0,0.0,23.5,54.0,0
2026-09-06 11:00:00,5,0.0,0,11,6,6,9,1,0.258819045102521,-0.9659258262890682,-0.7818314824680299,0.6234898018587334,0.0,0.0,0.0,0.0,0.0,0.0,24.94974746830583,51.51471862576143,0
2026-09-06 12:00:00,5,0.0,0,12,6,6,9,1,1.2246467991473532e-16,-1.0,-0.7818314824680299,0.6234898018587334,0.0,0.0,0.0,0.0,0.0,0.0,26.06217782649107,49.607695154586736,0
2026-09-06 13:00:00,5,0.0,0,13,6,6,9,1,-0.2588190451025208,-0.9659258262890683,-0.7818314824680299,0.6234898018587334,0.0,0.0,0.0,0.0,0.0,0.0,26.761480784023476,48.40889008453118,0
2026-09-06 14:00:00,5,0.0,0,14,6,6,9,1,-0.4999999999999997,-0.8660254037844388,-0.7818314824680299,0.6234898018587334,0.0,0.0,0.0,0.0,0.0,0.0,27.0,48.0,0
2026-09-06 15:00:00,5,0.0,0,15,6,6,9,1,-0.7071067811865471,-0.7071067811865479,-0.7818314824680299,0.6234898018587334,0.0,0.0,0.0,0.0,0.0,0.0,26.761480784023476,48.40889008453118,0
2026-09-06 16:00:00,5,0.0,0,16,6,6,9,1,-0.8660254037844384,-0.5000000000000004,-0.7818314824680299,0.6234898018587334,0.0,0.0,0.0,0.0,0.0,0.0,26.062177826491073,49.607695154586736,0
2026-09-06 17:00:00,5,0.0,0,17,6,6,9,1,-0.9659258262890683,-0.25881904510252063,-0.7818314824680299,0.6234898018587334,0.0,0.0,0.0,0.0,0.0,0.0,24.949747468305834,51.51471862576143,0
2026-09-06 18:00:00,5,0.0,0,18,6,6,9,1,-1.0,-1.8369701987210297e-16,-0.7818314824680299,0.6234898018587334,0.0,0.0,0.0,0.0,0.0,0.0,23.5,54.0,0
2026-09-06 19:00:00,5,0.0,0,19,6,6,9,1,-0.9659258262890684,0.2588190451025203,-0.7818314824680299,0.6234898018587334,0.0,0.0,0.0,0.0,0.0,0.0,21.811733315717646,56.89417145876975,0
2026-09-06 20:00:00,5,0.0,0,20,6,6,9,1,-0.8660254037844386,0.5000000000000001,-0.7818314824680299,0.6234898018587334,0.0,0.0,0.0,0.0,0.0,0.0,20.0,60.0,0
2026-09-06 21:00:00,5,0.0,0,21,6,6,9,1,-0.7071067811865477,0.7071067811865474,-0.7818314824680299,0.6234898018587334,0.0,0.0,0.0,0.0,0.0,0.0,18.188266684282354,63.10582854123025,0
2026-09-06 22:00:00,5,0.0,0,22,6,6,9,1,-0.5000000000000004,0.8660254037844384,-0.7818314824680299,0.6234898018587334,0.0,0.0,0.0,0.0,0.0,0.0,16.5,66.0,0
2026-09-06 23:00:00,5,0.0,0,23,6,6,9,1,-0.25881904510252157,0.9659258262890681,-0.7818314824680299,0.6234898018587334,0.0,0.0,0.0,0.0,0.0,0.0,15.05025253169417,68.48528137423857,0
2026-09-07 00:00:00,5,0.0,0,0,0,7,9,0,0.0,1.0,0.0,1.0,0.0,0.0,0.0,0.0,0.0,0.0,13.937822173508929,70.39230484541326,0
2026-09-07 01:00:00,5,0.0,0,1,0,7,9,0,0.25881904510252074,0.9659258262890683,0.0,1.0,0.0,0.0,0.0,0.0,0.0,0.0,13.238519215976522,71.59110991546882,0
2026-09-07 02:00:00,5,0.0,0,2,0,7,9,0,0.49999999999999994,0.8660254037844387,0.0,1.0,0.0,0.0,0.0,0.0,0.0,0.0,13.0,72.0,0
2026-09-07 03:00:00,5,0.0,0,3,0,7,9,0,0.7071067811865475,0.7071067811865476,0.0,1.0,0.0,0.0,0.0,0.0,0.0,0.0,13.238519215976522,71.59110991546882,0
2026-09-07 04:00:00,5,0.0,0,4,0,7,9,0,0.8660254037844386,0.5000000000000001,0.0,1.0,0.0,0.0,0.0,0.0,0.0,0.0,13.93782217350893,70.39230484541326,0
2026-09-07 05:00:00,5,0.0,0,5,0,7,9,0,0.9659258262890683,0.25881904510252074,0.0,1.0,0.0,0.0,0.0,0.0,0.0,0.0,15.050252531694168,68.48528137423857,0
2026-09-07 06:00:00,5,0.0,0,6,0,7,9,0,1.0,6.123233995736766e-17,0.0,1.0,0.0,0.0,0.0,0.0,0.0,0.0,16.5,66.0,0
2026-09-07 07:00:00,5,0.0,0,7,0,7,9,0,0.9659258262890683,-0.25881904510252063,0.0,1.0,0.0,0.0,0.0,0.0,0.0,0.0,18.188266684282354,63.10582854123025,0
2026-09-07 08:00:00,5,0.0,0,8,0,7,9,0,0.8660254037844387,-0.4999999999999998,0.0,1.0,0.0,0.0,0.0,0.0,0.0,0.0,20.0,60.0,0
2026-09-07 09:00:00,5,0.0,0,9,0,7,9,0,0.7071067811865476,-0.7071067811865475,0.0,1.0,0.0,0.0,0.0,0.0,0.0,0.0,21.811733315717646,56.89417145876975,0
2026-09-07 10:00:00,5,0.0,0,10,0,7,9,0,0.49999999999999994,-0.8660254037844387,0.0,1.0,0.0,0.0,0.0,0.0,0.0,0.0,23.5,54.0,0
2026-09-07 11:00:00,5,0.0,0,11,0,7,9,0,0.258819045102521,-0.9659258262890682,0.0,1.0,0.0,0.0,0.0,0.0,0.0,0.0,24.94974746830583,51.51471862576143,0
2026-09-07 12:00:00,5,0.0,0,12,0,7,9,0,1.2246467991473532e-16,-1.0,0.0,1.0,0.0,0.0,0.0,0.0,0.0,0.0,26.06217782649107,49.607695154586736,0
2026-09-07 13:00:00,5,0.0,0,13,0,7,9,0,-0.2588190451025208,-0.9659258262890683,0.0,1.0,0.0,0.0,0.0,0.0,0.0,0.0,26.761480784023476,48.40889008453118,0
2026-09-07 14:00:00,5,0.0,0,14,0,7,9,0,-0.4999999999999997,-0.8660254037844388,0.0,1.0,0.0,0.0,48.98,0.0,0.0,0.0,27.0,48.0,0
2026-09-07 15:00:00,5,0.0,0,15,0,7,9,0,-0.7071067811865471,-0.7071067811865479,0.0,1.0,0.0,0.0,0.0,0.0,0.0,0.0,26.761480784023476,48.40889008453118,0
2026-09-07 16:00:00,5,0.0,0,16,0,7,9,0,-0.8660254037844384,-0.5000000000000004,0.0,1.0,0.0,0.0,0.0,0.0,0.0,0.0,26.062177826491073,49.607695154586736,0
2026-09-07 17:00:00,5,0.0,0,17,0,7,9,0,-0.9659258262890683,-0.25881904510252063,0.0,1.0,0.0,0.0,0.0,0.0,0.0,0.0,24.949747468305834,51.51471862576143,0
2026-09-07 18:00:00,5,0.0,0,18,0,7,9,0,-1.0,-1.8369701987210297e-16,0.0,1.0,0.0,0.0,0.0,0.0,0.0,0.0,23.5,54.0,0
2026-09-07 19:00:00,5,0.0,0,19,0,7,9,0,-0.9659258262890684,0.2588190451025203,0.0,1.0,0.0,0.0,0.0,0.0,0.0,0.0,21.811733315717646,56.89417145876975,0
2026-09-07 20:00:00,5,0.0,0,20,0,7,9,0,-0.8660254037844386,0.5000000000000001,0.0,1.0,0.0,0.0,11.18,0.0,0.0,0.0,20.0,60.0,0
2026-09-07 21:00:00,5,0.0,0,21,0,7,9,0,-0.7071067811865477,0.7071067811865474,0.0,1.0,0.0,0.0,0.0,0.0,0.0,0.0,18.188266684282354,63.10582854123025,0
2026-09-07 22:00:00,5,0.0,0,22,0,7,9,0,-0.5000000000000004,0.8660254037844384,0.0,1.0,0.0,0.0,0.0,0.0,0.0,0.0,16.5,66.0,0
2026-09-07 23:00:00,5,0.0,0,23,0,7,9,0,-0.25881904510252157,0.9659258262890681,0.0,1.0,0.0,0.0,0.0,0.0,0.0,0.0,15.05025253169417,68.48528137423857,0
2026-09-08 00:00:00,5,0.0,0,0,1,8,9,0,0.0,1.0,0.7818314824680298,0.6234898018587336,0.0,0.0,0.0,0.0,0.0,0.0,13.937822173508929,70.39230484541326,0
2026-09-08 01:00:00,5,0.0,0,1,1,8,9,0,0.25881904510252074,0.9659258262890683,0.7818314824680298,0.6234898018587336,0.0,0.0,0.0,0.0,0.0,0.0,13.238519215976522,71.59110991546882,0
2026-09-08 02:00:00,5,0.0,0,2,1,8,9,0,0.49999999999999994,0.8660254037844387,0.7818314824680298,0.6234898018587336,0.0,0.0,0.0,0.0,0.0,0.0,13.0,72.0,0
2026-09-08 03:00:00,5,0.0,0,3,1,8,9,0,0.7071067811865475,0.7071067811865476,0.7818314824680298,0.6234898018587336,0.0,0.0,0.0,0.0,0.0,0.0,13.238519215976522,71.59110991546882,0
2026-09-08 04:00:00,5,0.0,0,4,1,8,9,0,0.8660254037844386,0.5000000000000001,0.7818314824680298,0.6234898018587336,0.0,0.0,0.0,0.0,0.0,0.0,13.93782217350893,70.39230484541326,0
2026-09-08 05:00:00,5,0.0,0,5,1,8,9,0,0.9659258262890683,0.25881904510252074,0.7818314824680298,0.6234898018587336,0.0,0.0,0.0,0.0,0.0,0.0,15.050252531694168,68.48528137423857,0
2026-09-08 06:00:00,5,0.0,0,6,1,8,9,0,1.0,6.123233995736766e-17,0.7818314824680298,0.6234898018587336,0.0,0.0,0.0,0.0,0.0,0.0,16.5,66.0,0
2026-09-08 07:00:00,5,0.0,0,7,1,8,9,0,0.9659258262890683,-0.25881904510252063,0.7818314824680298,0.6234898018587336,0.0,0.0,0.0,0.0,0.0,0.0,18.188266684282354,63.10582854123025,0
2026-09-08 08:00:00,5,0.0,0,8,1,8,9,0,0.8660254037844387,-0.4999999999999998,0.7818314824680298,0.6234898018587336,0.0,0.0,0.0,0.0,0.0,0.0,20.0,60.0,0
2026-09-08 09:00:00,5,0.0,0,9,1,8,9,0,0.7071067811865476,-0.7071067811865475,0.7818314824680298,0.6234898018587336,0.0,0.0,0.0,0.0,0.0,0.0,21.811733315717646,56.89417145876975,0
2026-09-08 10:00:00,5,0.0,0,10,1,8,9,0,0.49999999999999994,-0.8660254037844387,0.7818314824680298,0.6234898018587336,0.0,0.0,0.0,0.0,0.0,0.0,23.5,54.0,0
2026-09-08 11:00:00,5,0.0,0,11,1,8,9,0,0.258819045102521,-0.9659258262890682,0.7818314824680298,0.6234898018587336,0.0,0.0,0.0,0.0,0.0,0.0,24.94974746830583,51.51471862576143,0
2026-09-08 12:00:00,5,0.0,0,12,1,8,9,0,1.2246467991473532e-16,-1.0,0.7818314824680298,0.6234898018587336,0.0,0.0,0.0,0.0,0.0,0.0,26.06217782649107,49.607695154586736,0
2026-09-08 13:00:00,5,0.0,0,13,1,8,9,0,-0.2588190451025208,-0.9659258262890683,0.7818314824680298,0.6234898018587336,0.0,0.0,12.38,0.0,0.0,0.0,26.761480784023476,48.40889008453118,0
2026-09-08 14:00:00,5,0.0,0,14,1,8,9,0,-0.4999999999999997,-0.8660254037844388,0.7818314824680298,0.6234898018587336,0.0,0.0,0.0,0.0,0.0,0.0,27.0,48.0,0
2026-09-08 15:00:00,5,0.0,0,15,1,8,9,0,-0.7071067811865471,-0.7071067811865479,0.7818314824680298,0.6234898018587336,0.0,0.0,0.0,0.0,0.0,0.0,26.761480784023476,48.40889008453118,0
2026-09-08 16:00:00,5,0.0,0,16,1,8,9,0,-0.8660254037844384,-0.5000000000000004,0.7818314824680298,0.6234898018587336,0.0,0.0,0.0,0.0,0.0,0.0,26.062177826491073,49.607695154586736,0
2026-09-08 17:00:00,5,0.0,0,17,1,8,9,0,-0.9659258262890683,-0.25881904510252063,0.7818314824680298,0.6234898018587336,0.0,0.0,0.0,0.0,0.0,0.0,24.949747468305834,51.51471862576143,0
2026-09-08 18:00:00,5,0.0,0,18,1,8,9,0,-1.0,-1.8369701987210297e-16,0.7818314824680298,0.6234898018587336,0.0,0.0,0.0,0.0,0.0,0.0,23.5,54.0,0
2026-09-08 19:00:00,5,0.0,0,19,1,8,9,0,-0.9659258262890684,0.2588190451025203,0.7818314824680298,0.6234898018587336,0.0,0.0,0.0,0.0,0.0,0.0,21.811733315717646,56.89417145876975,0
2026-09-08 20:00:00,5,0.0,0,20,1,8,9,0,-0.8660254037844386,0.5000000000000001,0.7818314824680298,0.6234898018587336,0.0,0.0,0.0,0.0,0.0,0.0,20.0,60.0,0
2026-09-08 21:00:00,5,0.0,0,21,1,8,9,0,-0.7071067811865477,0.7071067811865474,0.7818314824680298,0.6234898018587336,0.0,0.0,0.0,0.0,0.0,0.0,18.188266684282354,63.10582854123025,0
2026-09-08 22:00:00,5,0.0,0,22,1,8,9,0,-0.5000000000000004,0.8660254037844384,0.7818314824680298,0.6234898018587336,0.0,0.0,0.0,0.0,0.0,0.0,16.5,66.0,0
2026-09-08 23:00:00,5,0.0,0,23,1,8,9,0,-0.25881904510252157,0.9659258262890681,0.7818314824680298,0.6234898018587336,0.0,0.0,0.0,0.0,0.0,0.0,15.05025253169417,68.48528137423857,0
2026-09-09 00:00:00,5,0.0,0,0,2,9,9,0,0.0,1.0,0.9749279121818236,-0.22252093395631434,0.0,0.0,0.0,0.0,0.0,0.0,13.937822173508929,70.39230484541326,0
2026-09-09 01:00:00,5,0.0,0,1,2,9,9,0,0.25881904510252074,0.9659258262890683,0.9749279121818236,-0.22252093395631434,0.0,0.0,0.0,0.0,0.0,0.0,13.238519215976522,71.59110991546882,0
2026-09-09 02:00:00,5,0.0,0,2,2,9,9,0,0.49999999999999994,0.8660254037844387,0.9749279121818236,-0.22252093395631434,0.0,0.0,0.0,0.0,0.0,0.0,13.0,72.0,0
2026-09-09 03:00:00,5,0.0,0,3,2,9,9,0,0.7071067811865475,0.7071067811865476,0.9749279121818236,-0.22252093395631434,0.0,0.0,0.0,0.0,0.0,0.0,13.238519215976522,71.59110991546882,0
2026-09-09 04:00:00,5,0.0,0,4,2,9,9,0,0.8660254037844386,0.5000000000000001,0.9749279121818236,-0.22252093395631434,0.0,0.0,0.0,0.0,0.0,0.0,13.93782217350893,70.39230484541326,0
2026-09-09 05:00:00,5,0.0,0,5,2,9,9,0,0.9659258262890683,0.25881904510252074,0.9749279121818236,-0.22252093395631434,0.0,0.0,0.0,0.0,0.0,0.0,15.050252531694168,68.48528137423857,0
2026-09-09 06:00:00,5,0.0,0,6,2,9,9,0,1.0,6.123233995736766e-17,0.9749279121818236,-0.22252093395631434,0.0,0.0,0.0,0.0,0.0,0.0,16.5,66.0,0
2026-09-09 07:00:00,5,0.0,0,7,2,9,9,0,0.9659258262890683,-0.25881904510252063,0.9749279121818236,-0.22252093395631434,0.0,0.0,0.0,0.0,0.0,0.0,18.188266684282354,63.10582854123025,0
2026-09-09 08:00:00,5,0.0,0,8,2,9,9,0,0.8660254037844387,-0.4999999999999998,0.9749279121818236,-0.22252093395631434,0.0,0.0,0.0,0.0,0.0,0.0,20.0,60.0,0
2026-09-09 09:00:00,5,80.0,1,9,2,9,9,0,0.7071067811865476,-0.7071067811865475,0.9749279121818236,-0.22252093395631434,0.0,0.0,0.0,0.0,0.0,0.0,21.811733315717646,56.89417145876975,0
2026-09-09 10:00:00,5,0.0,0,10,2,9,9,0,0.49999999999999994,-0.8660254037844387,0.9749279121818236,-0.22252093395631434,80.0,0.0,0.0,13.333333333333334,3.3333333333333335,1.0,23.5,54.0,0
2026-09-09 11:00:00,5,0.0,0,11,2,9,9,0,0.258819045102521,-0.9659258262890682,0.9749279121818236,-0.22252093395631434,0.0,0.0,0.0,13.333333333333334,3.3333333333333335,0.0,24.94974746830583,51.51471862576143,0
2026-09-09 12:00:00,5,0.0,0,12,2,9,9,0,1.2246467991473532e-16,-1.0,0.9749279121818236,-0.22252093395631434,0.0,0.0,0.0,13.333333333333334,3.3333333333333335,0.0,26.06217782649107,49.607695154586736,0
2026-09-09 13:00:00,5,0.0,0,13,2,9,9,0,-0.2588190451025208,-0.9659258262890683,0.9749279121818236,-0.22252093395631434,0.0,0.0,0.0,13.333333333333334,3.3333333333333335,0.0,26.761480784023476,48.40889008453118,0
2026-09-09 14:00:00,5,0.0,0,14,2,9,9,0,-0.4999999999999997,-0.8660254037844388,0.9749279121818236,-0.22252093395631434,0.0,0.0,0.0,13.333333333333334,3.3333333333333335,0.0,27.0,48.0,0
2026-09-09 15:00:00,5,0.0,0,15,2,9,9,0,-0.7071067811865471,-0.7071067811865479,0.9749279121818236,-0.22252093395631434,0.0,0.0,0.0,13.333333333333334,3.3333333333333335,0.0,26.761480784023476,48.40889008453118,0
2026-09-09 16:00:00,5,0.0,0,16,2,9,9,0,-0.8660254037844384,-0.5000000000000004,0.9749279121818236,-0.22252093395631434,0.0,0.0,0.0,0.0,3.3333333333333335,0.0,26.062177826491073,49.607695154586736,0
2026-09-09 17:00:00,5,0.0,0,17,2,9,9,0,-0.9659258262890683,-0.25881904510252063,0.9749279121818236,-0.22252093395631434,0.0,0.0,0.0,0.0,3.3333333333333335,0.0,24.949747468305834,51.51471862576143,0
2026-09-09 18:00:00,5,0.0,0,18,2,9,9,0,-1.0,-1.8369701987210297e-16,0.9749279121818236,-0.22252093395631434,0.0,0.0,0.0,0.0,3.3333333333333335,0.0,23.5,54.0,0
2026-09-09 19:00:00,5,0.0,0,19,2,9,9,0,-0.9659258262890684,0.2588190451025203,0.9749279121818236,-0.22252093395631434,0.0,0.0,0.0,0.0,3.3333333333333335,0.0,21.811733315717646,56.89417145876975,0
2026-09-09 20:00:00,5,0.0,0,20,2,9,9,0,-0.8660254037844386,0.5000000000000001,0.9749279121818236,-0.22252093395631434,0.0,0.0,0.0,0.0,3.3333333333333335,0.0,20.0,60.0,0
2026-09-09 21:00:00,5,0.0,0,21,2,9,9,0,-0.7071067811865477,0.7071067811865474,0.9749279121818236,-0.22252093395631434,0.0,0.0,0.0,0.0,3.3333333333333335,0.0,18.188266684282354,63.10582854123025,0
2026-09-09 22:00:00,5,0.0,0,22,2,9,9,0,-0.5000000000000004,0.8660254037844384,0.9749279121818236,-0.22252093395631434,0.0,0.0,0.0,0.0,3.3333333333333335,0.0,16.5,66.0,0
2026-09-09 23:00:00,5,0.0,0,23,2,9,9,0,-0.25881904510252157,0.9659258262890681,0.9749279121818236,-0.22252093395631434,0.0,0.0,0.0,0.0,3.3333333333333335,0.0,15.05025253169417,68.48528137423857,0
