station_id,date,timestamp,hour,weekday,is_weekend,is_holiday,lag_1h,lag_24h,lag_168h,rolling_mean_24h,station_encoding,temperature_c,is_precipitation,charge_load_kwh
1,2026-08-13,2026-08-13 10:00:00,10,3,0,0,54.02,0.0,53.21,2.250833,0,24.28,0,0.0
1,2026-08-13,2026-08-13 11:00:00,11,3,0,0,0.0,0.0,0.0,2.250833,0,23.69,0,0.0
1,2026-08-13,2026-08-13 12:00:00,12,3,0,0,0.0,0.0,0.0,2.250833,0,23.26,1,0.0
1,2026-08-13,2026-08-13 13:00:00,13,3,0,0,0.0,0.0,0.0,2.250833,0,22.59,0,0.0
1,2026-08-13,2026-08-13 14:00:00,14,3,0,0,0.0,0.0,0.0,2.250833,0,22.71,1,0.0
1,2026-08-13,2026-08-13 15:00:00,15,3,0,0,0.0,0.0,39.14,2.250833,0,23.17,1,16.28
1,2026-08-13,2026-08-13 16:00:00,16,3,0,0,16.28,0.0,0.0,2.929167,0,23.7,0,0.0
1,2026-08-13,2026-08-13 17:00:00,17,3,0,0,0.0,0.0,0.0,2.929167,0,20.58,0,0.0
1,2026-08-13,2026-08-13 18:00:00,18,3,0,0,0.0,0.0,0.0,2.929167,0,21.47,0,0.0
1,2026-08-13,2026-08-13 19:00:00,19,3,0,0,0.0,0.0,0.0,2.929167,0,19.44,0,0.0
1,2026-08-13,2026-08-13 20:00:00,20,3,0,0,0.0,0.0,0.0,2.929167,0,19.65,0,0.0
1,2026-08-13,2026-08-13 21:00:00,21,3,0,0,0.0,0.0,0.0,2.929167,0,18.56,0,0.0
1,2026-08-13,2026-08-13 22:00:00,22,3,0,0,0.0,0.0,0.0,2.929167,0,18.23,1,0.0
1,2026-08-13,2026-08-13 23:00:00,23,3,0,0,0.0,0.0,0.0,2.929167,0,18.53,0,0.0
1,2026-08-14,2026-08-14 00:00:00,0,4,0,0,0.0,0.0,0.0,2.929167,0,17.33,0,0.0
1,2026-08-14,2026-08-14 01:00:00,1,4,0,0,0.0,0.0,0.0,2.929167,0,19.35,0,0.0
1,2026-08-14,2026-08-14 02:00:00,2,4,0,0,0.0,0.0,0.0,2.929167,0,16.88,1,0.0
1,2026-08-14,2026-08-14 03:00:00,3,4,0,0,0.0,0.0,0.0,2.929167,0,17.49,0,0.0
1,2026-08-14,2026-08-14 04:00:00,4,4,0,0,0.0,0.0,0.0,2.929167,0,19.14,1,0.0
1,2026-08-14,2026-08-14 05:00:00,5,4,0,0,0.0,0.0,0.0,2.929167,0,18.79,1,0.0
1,2026-08-14,2026-08-14 06:00:00,6,4,0,0,0.0,0.0,0.0,2.929167,0,20.24,1,0.0
1,2026-08-14,2026-08-14 07:00:00,7,4,0,0,0.0,0.0,30.58,2.929167,0,23.06,0,0.0
1,2026-08-14,2026-08-14 08:00:00,8,4,0,0,0.0,0.0,0.0,2.929167,0,22.67,0,0.0
1,2026-08-14,2026-08-14 09:00:00,9,4,0,0,0.0,54.02,0.0,2.929167,0,21.89,0,0.0
1,2026-08-14,2026-08-14 10:00:00,10,4,0,0,0.0,0.0,0.0,0.678333,0,24.37,1,0.0
1,2026-08-14,2026-08-14 11:00:00,11,4,0,0,0.0,0.0,42.76,0.678333,0,23.21,0,0.0
1,2026-08-14,2026-08-14 12:00:00,12,4,0,0,0.0,0.0,0.0,0.678333,0,22.43,0,20.97
1,2026-08-14,2026-08-14 13:00:00,13,4,0,0,20.97,0.0,0.0,1.552083,0,23.06,0,0.0
1,2026-08-14,2026-08-14 14:00:00,14,4,0,0,0.0,0.0,0.0,1.552083,0,22.37,0,0.0
1,2026-08-14,2026-08-14 15:00:00,15,4,0,0,0.0,16.28,0.0,1.552083,0,22.64,0,0.0
1,2026-08-14,2026-08-14 16:00:00,16,4,0,0,0.0,0.0,0.0,0.87375,0,21.37,0,0.0
1,2026-08-14,2026-08-14 17:00:00,17,4,0,0,0.0,0.0,0.0,0.87375,0,22.59,0,0.0
1,2026-08-14,2026-08-14 18:00:00,18,4,0,0,0.0,0.0,0.0,0.87375,0,22.25,0,30.67
1,2026-08-14,2026-08-14 19:00:00,19,4,0,0,30.67,0.0,0.0,2.151667,0,18.52,0,0.0
1,2026-08-14,2026-08-14 20:00:00,20,4,0,0,0.0,0.0,0.0,2.151667,0,20.38,0,0.0
1,2026-08-14,2026-08-14 21:00:00,21,4,0,0,0.0,0.0,0.0,2.151667,0,19.48,0,0.0
1,2026-08-14,2026-08-14 22:00:00,22,4,0,0,0.0,0.0,0.0,2.151667,0,17.03,0,0.0
1,2026-08-14,2026-08-14 23:00:00,23,4,0,0,0.0,0.0,0.0,2.151667,0,19.19,0,0.0
1,2026-08-15,2026-08-15 00:00:00,0,5,1,0,0.0,0.0,0.0,2.151667,0,18.32,1,0.0
1,2026-08-15,2026-08-15 01:00:00,1,5,1,0,0.0,0.0,0.0,2.151667,0,16.44,0,0.0
1,2026-08-15,2026-08-15 02:00:00,2,5,1,0,0.0,0.0,0.0,2.151667,0,18.37,0,0.0
1,2026-08-15,2026-08-15 03:00:00,3,5,1,0,0.0,0.0,0.0,2.151667,0,17.2,0,0.0
1,2026-08-15,2026-08-15 04:00:00,4,5,1,0,0.0,0.0,0.0,2.151667,0,19.66,0,0.0
1,2026-08-15,2026-08-15 05:00:00,5,5,1,0,0.0,0.0,0.0,2.151667,0,20.62,0,0.0
1,2026-08-15,2026-08-15 06:00:00,6,5,1,0,0.0,0.0,0.0,2.151667,0,19.26,0,0.0
1,2026-08-15,2026-08-15 07:00:00,7,5,1,0,0.0,0.0,0.0,2.151667,0,20.39,0,0.0
1,2026-08-15,2026-08-15 08:00:00,8,5,1,0,0.0,0.0,0.0,2.151667,0,22.86,0,0.0
1,2026-08-15,2026-08-15 09:00:00,9,5,1,0,0.0,0.0,0.0,2.151667,0,22.68,0,0.0
1,2026-08-15,2026-08-15 10:00:00,10,5,1,0,0.0,0.0,0.0,2.151667,0,23.75,0,0.0
1,2026-08-15,2026-08-15 11:00:00,11,5,1,0,0.0,0.0,0.0,2.151667,0,22.22,0,0.0
1,2026-08-15,2026-08-15 12:00:00,12,5,1,0,0.0,20.97,0.0,2.151667,0,22.92,0,0.0
1,2026-08-15,2026-08-15 13:00:00,13,5,1,0,0.0,0.0,0.0,1.277917,0,24.83,0,0.0
1,2026-08-15,2026-08-15 14:00:00,14,5,1,0,0.0,0.0,0.0,1.277917,0,23.46,0,0.0
1,2026-08-15,2026-08-15 15:00:00,15,5,1,0,0.0,0.0,0.0,1.277917,0,23.45,1,0.0
1,2026-08-15,2026-08-15 16:00:00,16,5,1,0,0.0,0.0,0.0,1.277917,0,21.46,0,0.0
1,2026-08-15,2026-08-15 17:00:00,17,5,1,0,0.0,0.0,0.0,1.277917,0,21.04,0,0.0
1,2026-08-15,2026-08-15 18:00:00,18,5,1,0,0.0,30.67,0.0,1.277917,0,20.99,0,0.0
1,2026-08-15,2026-08-15 19:00:00,19,5,1,0,0.0,0.0,0.0,0.0,0,20.95,0,0.0
1,2026-08-15,2026-08-15 20:00:00,20,5,1,0,0.0,0.0,0.0,0.0,0,17.76,0,0.0
1,2026-08-15,2026-08-15 21:00:00,21,5,1,0,0.0,0.0,0.0,0.0,0,17.54,0,0.0
1,2026-08-15,2026-08-15 22:00:00,22,5,1,0,0.0,0.0,0.0,0.0,0,19.15,0,0.0
1,2026-08-15,2026-08-15 23:00:00,23,5,1,0,0.0,0.0,0.0,0.0,0,17.57,0,0.0
1,2026-08-16,2026-08-16 00:00:00,0,6,1,0,0.0,0.0,0.0,0.0,0,18.98,0,0.0
1,2026-08-16,2026-08-16 01:00:00,1,6,1,0,0.0,0.0,0.0,0.0,0,18.58,0,0.0
1,2026-08-16,2026-08-16 02:00:00,2,6,1,0,0.0,0.0,0.0,0.0,0,18.88,0,0.0
1,2026-08-16,2026-08-16 03:00:00,3,6,1,0,0.0,0.0,0.0,0.0,0,18.81,0,0.0
1,2026-08-16,2026-08-16 04:00:00,4,6,1,0,0.0,0.0,0.0,0.0,0,19.09,0,0.0
1,2026-08-16,2026-08-16 05:00:00,5,6,1,0,0.0,0.0,0.0,0.0,0,20.37,0,0.0
1,2026-08-16,2026-08-16 06:00:00,6,6,1,0,0.0,0.0,0.0,0.0,0,20.61,1,0.0
1,2026-08-16,2026-08-16 07:00:00,7,6,1,0,0.0,0.0,0.0,0.0,0,20.57,0,0.0
1,2026-08-16,2026-08-16 08:00:00,8,6,1,0,0.0,0.0,0.0,0.0,0,22.4,0,0.0
1,2026-08-16,2026-08-16 09:00:00,9,6,1,0,0.0,0.0,0.0,0.0,0,23.13,0,0.0
1,2026-08-16,2026-08-16 10:00:00,10,6,1,0,0.0,0.0,0.0,0.0,0,22.48,0,0.0
1,2026-08-16,2026-08-16 11:00:00,11,6,1,0,0.0,0.0,17.07,0.0,0,22.8,0,0.0
1,2026-08-16,2026-08-16 12:00:00,12,6,1,0,0.0,0.0,0.0,0.0,0,22.12,0,0.0
1,2026-08-16,2026-08-16 13:00:00,13,6,1,0,0.0,0.0,0.0,0.0,0,22.59,0,0.0
1,2026-08-16,2026-08-16 14:00:00,14,6,1,0,0.0,0.0,0.0,0.0,0,21.98,0,0.0
1,2026-08-16,2026-08-16 15:00:00,15,6,1,0,0.0,0.0,0.0,0.0,0,23.71,0,0.0
1,2026-08-16,2026-08-16 16:00:00,16,6,1,0,0.0,0.0,0.0,0.0,0,21.9,0,0.0
1,2026-08-16,2026-08-16 17:00:00,17,6,1,0,0.0,0.0,0.0,0.0,0,22.42,0,0.0
1,2026-08-16,2026-08-16 18:00:00,18,6,1,0,0.0,0.0,0.0,0.0,0,21.0,0,0.0
1,2026-08-16,2026-08-16 19:00:00,19,6,1,0,0.0,0.0,0.0,0.0,0,20.08,1,0.0
1,2026-08-16,2026-08-16 20:00:00,20,6,1,0,0.0,0.0,0.0,0.0,0,19.13,0,0.0
1,2026-08-16,2026-08-16 21:00:00,21,6,1,0,0.0,0.0,0.0,0.0,0,19.62,0,0.0
1,2026-08-16,2026-08-16 22:00:00,22,6,1,0,0.0,0.0,0.0,0.0,0,19.07,0,0.0
1,2026-08-16,2026-08-16 23:00:00,23,6,1,0,0.0,0.0,0.0,0.0,0,16.79,1,0.0
1,2026-08-17,2026-08-17 00:00:00,0,0,0,0,0.0,0.0,0.0,0.0,0,18.16,0,0.0
1,2026-08-17,2026-08-17 01:00:00,1,0,0,0,0.0,0.0,0.0,0.0,0,17.42,0,0.0
1,2026-08-17,2026-08-17 02:00:00,2,0,0,0,0.0,0.0,0.0,0.0,0,16.52,0,0.0
1,2026-08-17,2026-08-17 03:00:00,3,0,0,0,0.0,0.0,0.0,0.0,0,17.49,0,0.0
1,2026-08-17,2026-08-17 04:00:00,4,0,0,0,0.0,0.0,0.0,0.0,0,20.27,1,0.0
1,2026-08-17,2026-08-17 05:00:00,5,0,0,0,0.0,0.0,0.0,0.0,0,20.25,0,0.0
1,2026-08-17,2026-08-17 06:00:00,6,0,0,0,0.0,0.0,0.0,0.0,0,21.62,0,0.0
1,2026-08-17,2026-08-17 07:00:00,7,0,0,0,0.0,0.0,0.0,0.0,0,22.31,1,0.0
1,2026-08-17,2026-08-17 08:00:00,8,0,0,0,0.0,0.0,0.0,0.0,0,22.19,1,0.0
1,2026-08-17,2026-08-17 09:00:00,9,0,0,0,0.0,0.0,0.0,0.0,0,22.27,0,0.0
1,2026-08-17,2026-08-17 10:00:00,10,0,0,0,0.0,0.0,0.0,0.0,0,22.4,1,0.0
1,2026-08-17,2026-08-17 11:00:00,11,0,0,0,0.0,0.0,0.0,0.0,0,22.11,1,0.0
1,2026-08-17,2026-08-17 12:00:00,12,0,0,0,0.0,0.0,0.0,0.0,0,24.33,0,0.0
1,2026-08-17,2026-08-17 13:00:00,13,0,0,0,0.0,0.0,0.0,0.0,0,24.16,0,0.0
1,2026-08-17,2026-08-17 14:00:00,14,0,0,0,0.0,0.0,0.0,0.0,0,21.5,0,0.0
1,2026-08-17,2026-08-17 15:00:00,15,0,0,0,0.0,0.0,0.0,0.0,0,21.05,0,23.73
1,2026-08-17,2026-08-17 16:00:00,16,0,0,0,23.73,0.0,0.0,0.98875,0,20.4,0,0.0
1,2026-08-17,2026-08-17 17:00:00,17,0,0,0,0.0,0.0,0.0,0.98875,0,19.74,0,0.0
1,2026-08-17,2026-08-17 18:00:00,18,0,0,0,0.0,0.0,0.0,0.98875,0,19.36,0,0.0
1,2026-08-17,2026-08-17 19:00:00,19,0,0,0,0.0,0.0,0.0,0.98875,0,19.32,0,0.0
1,2026-08-17,2026-08-17 20:00:00,20,0,0,0,0.0,0.0,0.0,0.98875,0,19.55,0,0.0
1,2026-08-17,2026-08-17 21:00:00,21,0,0,0,0.0,0.0,46.08,0.98875,0,17.33,0,0.0
1,2026-08-17,2026-08-17 22:00:00,22,0,0,0,0.0,0.0,0.0,0.98875,0,18.16,0,0.0
1,2026-08-17,2026-08-17 23:00:00,23,0,0,0,0.0,0.0,0.0,0.98875,0,17.74,0,0.0
1,2026-08-18,2026-08-18 00:00:00,0,1,0,0,0.0,0.0,0.0,0.98875,0,17.7,1,0.0
1,2026-08-18,2026-08-18 01:00:00,1,1,0,0,0.0,0.0,0.0,0.98875,0,15.88,0,0.0
1,2026-08-18,2026-08-18 02:00:00,2,1,0,0,0.0,0.0,0.0,0.98875,0,17.64,0,0.0
1,2026-08-18,2026-08-18 03:00:00,3,1,0,0,0.0,0.0,0.0,0.98875,0,17.27,0,0.0
1,2026-08-18,2026-08-18 04:00:00,4,1,0,0,0.0,0.0,0.0,0.98875,0,18.45,0,0.0
1,2026-08-18,2026-08-18 05:00:00,5,1,0,0,0.0,0.0,0.0,0.98875,0,18.71,0,0.0
1,2026-08-18,2026-08-18 06:00:00,6,1,0,0,0.0,0.0,0.0,0.98875,0,21.16,0,0.0
1,2026-08-18,2026-08-18 07:00:00,7,1,0,0,0.0,0.0,0.0,0.98875,0,20.73,0,0.0
1,2026-08-18,2026-08-18 08:00:00,8,1,0,0,0.0,0.0,0.0,0.98875,0,22.2,0,0.0
1,2026-08-18,2026-08-18 09:00:00,9,1,0,0,0.0,0.0,0.0,0.98875,0,23.23,0,0.0
1,2026-08-18,2026-08-18 10:00:00,10,1,0,0,0.0,0.0,0.0,0.98875,0,22.18,0,0.0
1,2026-08-18,2026-08-18 11:00:00,11,1,0,0,0.0,0.0,0.0,0.98875,0,22.3,1,0.0
1,2026-08-18,2026-08-18 12:00:00,12,1,0,0,0.0,0.0,0.0,0.98875,0,23.1,0,0.0
1,2026-08-18,2026-08-18 13:00:00,13,1,0,0,0.0,0.0,0.0,0.98875,0,23.55,1,0.0
1,2026-08-18,2026-08-18 14:00:00,14,1,0,0,0.0,0.0,0.0,0.98875,0,21.55,0,0.0
1,2026-08-18,2026-08-18 15:00:00,15,1,0,0,0.0,23.73,0.0,0.98875,0,21.75,0,0.0
1,2026-08-18,2026-08-18 16:00:00,16,1,0,0,0.0,0.0,0.0,0.0,0,20.82,0,0.0
1,2026-08-18,2026-08-18 17:00:00,17,1,0,0,0.0,0.0,0.0,0.0,0,21.52,0,0.0
1,2026-08-18,2026-08-18 18:00:00,18,1,0,0,0.0,0.0,0.0,0.0,0,21.07,0,0.0
1,2026-08-18,2026-08-18 19:00:00,19,1,0,0,0.0,0.0,0.0,0.0,0,20.9,0,0.0
1,2026-08-18,2026-08-18 20:00:00,20,1,0,0,0.0,0.0,0.0,0.0,0,18.54,1,0.0
1,2026-08-18,2026-08-18 21:00:00,21,1,0,0,0.0,0.0,0.0,0.0,0,18.1,1,0.0
1,2026-08-18,2026-08-18 22:00:00,22,1,0,0,0.0,0.0,0.0,0.0,0,18.17,0,0.0
1,2026-08-18,2026-08-18 23:00:00,23,1,0,0,0.0,0.0,0.0,0.0,0,16.12,0,0.0
1,2026-08-19,2026-08-19 00:00:00,0,2,0,0,0.0,0.0,0.0,0.0,0,17.6,0,0.0
1,2026-08-19,2026-08-19 01:00:00,1,2,0,0,0.0,0.0,0.0,0.0,0,17.81,0,0.0
1,2026-08-19,2026-08-19 02:00:00,2,2,0,0,0.0,0.0,0.0,0.0,0,17.45,0,0.0
1,2026-08-19,2026-08-19 03:00:00,3,2,0,0,0.0,0.0,0.0,0.0,0,18.48,1,0.0
1,2026-08-19,2026-08-19 04:00:00,4,2,0,0,0.0,0.0,0.0,0.0,0,19.54,1,0.0
1,2026-08-19,2026-08-19 05:00:00,5,2,0,0,0.0,0.0,0.0,0.0,0,17.83,0,0.0
1,2026-08-19,2026-08-19 06:00:00,6,2,0,0,0.0,0.0,0.0,0.0,0,19.55,0,0.0
1,2026-08-19,2026-08-19 07:00:00,7,2,0,0,0.0,0.0,0.0,0.0,0,21.01,0,0.0
1,2026-08-19,2026-08-19 08:00:00,8,2,0,0,0.0,0.0,0.0,0.0,0,22.75,0,0.0
1,2026-08-19,2026-08-19 09:00:00,9,2,0,0,0.0,0.0,43.97,0.0,0,20.79,0,0.0
1,2026-08-19,2026-08-19 10:00:00,10,2,0,0,0.0,0.0,0.0,0.0,0,23.36,0,32.47
1,2026-08-19,2026-08-19 11:00:00,11,2,0,0,32.47,0.0,0.0,1.352917,0,22.52,1,0.0
1,2026-08-19,2026-08-19 12:00:00,12,2,0,0,0.0,0.0,0.0,1.352917,0,22.55,1,0.0
1,2026-08-19,2026-08-19 13:00:00,13,2,0,0,0.0,0.0,0.0,1.352917,0,21.92,0,0.0
1,2026-08-19,2026-08-19 14:00:00,14,2,0,0,0.0,0.0,0.0,1.352917,0,22.21,0,0.0
1,2026-08-19,2026-08-19 15:00:00,15,2,0,0,0.0,0.0,0.0,1.352917,0,22.32,0,0.0
1,2026-08-19,2026-08-19 16:00:00,16,2,0,0,0.0,0.0,0.0,1.352917,0,21.58,1,0.0
1,2026-08-19,2026-08-19 17:00:00,17,2,0,0,0.0,0.0,0.0,1.352917,0,22.25,0,0.0
1,2026-08-19,2026-08-19 18:00:00,18,2,0,0,0.0,0.0,0.0,1.352917,0,20.21,1,0.0
1,2026-08-19,2026-08-19 19:00:00,19,2,0,0,0.0,0.0,0.0,1.352917,0,19.12,0,0.0
1,2026-08-19,2026-08-19 20:00:00,20,2,0,0,0.0,0.0,0.0,1.352917,0,18.0,0,0.0
1,2026-08-19,2026-08-19 21:00:00,21,2,0,0,0.0,0.0,0.0,1.352917,0,19.06,0,0.0
1,2026-08-19,2026-08-19 22:00:00,22,2,0,0,0.0,0.0,0.0,1.352917,0,18.28,0,0.0
1,2026-08-19,2026-08-19 23:00:00,23,2,0,0,0.0,0.0,0.0,1.352917,0,17.44,0,0.0
1,2026-08-20,2026-08-20 00:00:00,0,3,0,0,0.0,0.0,0.0,1.352917,0,16.38,0,0.0
1,2026-08-20,2026-08-20 01:00:00,1,3,0,0,0.0,0.0,0.0,1.352917,0,16.94,0,0.0
1,2026-08-20,2026-08-20 02:00:00,2,3,0,0,0.0,0.0,0.0,1.352917,0,16.77,0,0.0
1,2026-08-20,2026-08-20 03:00:00,3,3,0,0,0.0,0.0,0.0,1.352917,0,18.66,0,0.0
1,2026-08-20,2026-08-20 04:00:00,4,3,0,0,0.0,0.0,0.0,1.352917,0,17.71,1,0.0
1,2026-08-20,2026-08-20 05:00:00,5,3,0,0,0.0,0.0,0.0,1.352917,0,18.8,0,0.0
1,2026-08-20,2026-08-20 06:00:00,6,3,0,0,0.0,0.0,0.0,1.352917,0,19.43,0,0.0
1,2026-08-20,2026-08-20 07:00:00,7,3,0,0,0.0,0.0,0.0,1.352917,0,20.54,0,0.0
1,2026-08-20,2026-08-20 08:00:00,8,3,0,0,0.0,0.0,0.0,1.352917,0,20.25,0,0.0
1,2026-08-20,2026-08-20 09:00:00,9,3,0,0,0.0,0.0,54.02,1.352917,0,23.36,0,0.0
1,2026-08-20,2026-08-20 10:00:00,10,3,0,0,0.0,32.47,0.0,1.352917,0,21.19,0,0.0
1,2026-08-20,2026-08-20 11:00:00,11,3,0,0,0.0,0.0,0.0,0.0,0,23.68,0,0.0
1,2026-08-20,2026-08-20 12:00:00,12,3,0,0,0.0,0.0,0.0,0.0,0,23.48,0,0.0
1,2026-08-20,2026-08-20 13:00:00,13,3,0,0,0.0,0.0,0.0,0.0,0,22.45,0,0.0
1,2026-08-20,2026-08-20 14:00:00,14,3,0,0,0.0,0.0,0.0,0.0,0,21.44,0,0.0
1,2026-08-20,2026-08-20 15:00:00,15,3,0,0,0.0,0.0,16.28,0.0,0,21.32,0,0.0
1,2026-08-20,2026-08-20 16:00:00,16,3,0,0,0.0,0.0,0.0,0.0,0,20.49,0,0.0
1,2026-08-20,2026-08-20 17:00:00,17,3,0,0,0.0,0.0,0.0,0.0,0,20.72,0,0.0
1,2026-08-20,2026-08-20 18:00:00,18,3,0,0,0.0,0.0,0.0,0.0,0,18.59,0,0.0
1,2026-08-20,2026-08-20 19:00:00,19,3,0,0,0.0,0.0,0.0,0.0,0,18.43,0,0.0
1,2026-08-20,2026-08-20 20:00:00,20,3,0,0,0.0,0.0,0.0,0.0,0,18.58,1,0.0
1,2026-08-20,2026-08-20 21:00:00,21,3,0,0,0.0,0.0,0.0,0.0,0,16.3,0,0.0
1,2026-08-20,2026-08-20 22:00:00,22,3,0,0,0.0,0.0,0.0,0.0,0,16.84,0,0.0
1,2026-08-20,2026-08-20 23:00:00,23,3,0,0,0.0,0.0,0.0,0.0,0,15.49,1,0.0
1,2026-08-21,2026-08-21 00:00:00,0,4,0,0,0.0,0.0,0.0,0.0,0,16.45,0,0.0
1,2026-08-21,2026-08-21 01:00:00,1,4,0,0,0.0,0.0,0.0,0.0,0,17.34,0,0.0
1,2026-08-21,2026-08-21 02:00:00,2,4,0,0,0.0,0.0,0.0,0.0,0,15.69,0,0.0
1,2026-08-21,2026-08-21 03:00:00,3,4,0,0,0.0,0.0,0.0,0.0,0,16.3,0,0.0
1,2026-08-21,2026-08-21 04:00:00,4,4,0,0,0.0,0.0,0.0,0.0,0,16.87,0,0.0
1,2026-08-21,2026-08-21 05:00:00,5,4,0,0,0.0,0.0,0.0,0.0,0,19.95,0,0.0
1,2026-08-21,2026-08-21 06:00:00,6,4,0,0,0.0,0.0,0.0,0.0,0,18.99,0,0.0
1,2026-08-21,2026-08-21 07:00:00,7,4,0,0,0.0,0.0,0.0,0.0,0,19.21,0,0.0
1,2026-08-21,2026-08-21 08:00:00,8,4,0,0,0.0,0.0,0.0,0.0,0,21.73,0,0.0
1,2026-08-21,2026-08-21 09:00:00,9,4,0,0,0.0,0.0,0.0,0.0,0,22.74,1,0.0
1,2026-08-21,2026-08-21 10:00:00,10,4,0,0,0.0,0.0,0.0,0.0,0,21.64,0,0.0
1,2026-08-21,2026-08-21 11:00:00,11,4,0,0,0.0,0.0,0.0,0.0,0,23.05,0,0.0
1,2026-08-21,2026-08-21 12:00:00,12,4,0,0,0.0,0.0,20.97,0.0,0,23.65,0,0.0
1,2026-08-21,2026-08-21 13:00:00,13,4,0,0,0.0,0.0,0.0,0.0,0,23.02,0,0.0
1,2026-08-21,2026-08-21 14:00:00,14,4,0,0,0.0,0.0,0.0,0.0,0,21.43,0,0.0
1,2026-08-21,2026-08-21 15:00:00,15,4,0,0,0.0,0.0,0.0,0.0,0,21.14,0,0.0
1,2026-08-21,2026-08-21 16:00:00,16,4,0,0,0.0,0.0,0.0,0.0,0,20.35,1,0.0
1,2026-08-21,2026-08-21 17:00:00,17,4,0,0,0.0,0.0,0.0,0.0,0,21.12,1,0.0
1,2026-08-21,2026-08-21 18:00:00,18,4,0,0,0.0,0.0,30.67,0.0,0,19.08,0,0.0
1,2026-08-21,2026-08-21 19:00:00,19,4,0,0,0.0,0.0,0.0,0.0,0,19.47,0,0.0
1,2026-08-21,2026-08-21 20:00:00,20,4,0,0,0.0,0.0,0.0,0.0,0,18.22,0,0.0
1,2026-08-21,2026-08-21 21:00:00,21,4,0,0,0.0,0.0,0.0,0.0,0,16.15,0,0.0
1,2026-08-21,2026-08-21 22:00:00,22,4,0,0,0.0,0.0,0.0,0.0,0,15.98,1,0.0
1,2026-08-21,2026-08-21 23:00:00,23,4,0,0,0.0,0.0,0.0,0.0,0,17.75,0,0.0
1,2026-08-22,2026-08-22 00:00:00,0,5,1,0,0.0,0.0,0.0,0.0,0,17.79,0,0.0
1,2026-08-22,2026-08-22 01:00:00,1,5,1,0,0.0,0.0,0.0,0.0,0,17.88,0,0.0
1,2026-08-22,2026-08-22 02:00:00,2,5,1,0,0.0,0.0,0.0,0.0,0,17.44,0,0.0
1,2026-08-22,2026-08-22 03:00:00,3,5,1,0,0.0,0.0,0.0,0.0,0,16.77,0,0.0
1,2026-08-22,2026-08-22 04:00:00,4,5,1,0,0.0,0.0,0.0,0.0,0,16.69,0,0.0
1,2026-08-22,2026-08-22 05:00:00,5,5,1,0,0.0,0.0,0.0,0.0,0,19.5,0,0.0
1,2026-08-22,2026-08-22 06:00:00,6,5,1,0,0.0,0.0,0.0,0.0,0,20.54,0,0.0
1,2026-08-22,2026-08-22 07:00:00,7,5,1,0,0.0,0.0,0.0,0.0,0,20.72,0,0.0
1,2026-08-22,2026-08-22 08:00:00,8,5,1,0,0.0,0.0,0.0,0.0,0,20.03,0,0.0
1,2026-08-22,2026-08-22 09:00:00,9,5,1,0,0.0,0.0,0.0,0.0,0,21.97,0,0.0
1,2026-08-22,2026-08-22 10:00:00,10,5,1,0,0.0,0.0,0.0,0.0,0,21.02,0,0.0
1,2026-08-22,2026-08-22 11:00:00,11,5,1,0,0.0,0.0,0.0,0.0,0,21.85,0,0.0
1,2026-08-22,2026-08-22 12:00:00,12,5,1,0,0.0,0.0,0.0,0.0,0,23.3,1,0.0
1,2026-08-22,2026-08-22 13:00:00,13,5,1,0,0.0,0.0,0.0,0.0,0,21.8,0,0.0
1,2026-08-22,2026-08-22 14:00:00,14,5,1,0,0.0,0.0,0.0,0.0,0,22.34,1,0.0
1,2026-08-22,2026-08-22 15:00:00,15,5,1,0,0.0,0.0,0.0,0.0,0,22.78,0,0.0
1,2026-08-22,2026-08-22 16:00:00,16,5,1,0,0.0,0.0,0.0,0.0,0,21.01,0,19.58
1,2026-08-22,2026-08-22 17:00:00,17,5,1,0,19.58,0.0,0.0,0.815833,0,21.26,0,0.0
1,2026-08-22,2026-08-22 18:00:00,18,5,1,0,0.0,0.0,0.0,0.815833,0,20.15,1,0.0
1,2026-08-22,2026-08-22 19:00:00,19,5,1,0,0.0,0.0,0.0,0.815833,0,18.55,0,0.0
1,2026-08-22,2026-08-22 20:00:00,20,5,1,0,0.0,0.0,0.0,0.815833,0,18.16,0,0.0
1,2026-08-22,2026-08-22 21:00:00,21,5,1,0,0.0,0.0,0.0,0.815833,0,17.45,0,0.0
1,2026-08-22,2026-08-22 22:00:00,22,5,1,0,0.0,0.0,0.0,0.815833,0,18.11,1,0.0
1,2026-08-22,2026-08-22 23:00:00,23,5,1,0,0.0,0.0,0.0,0.815833,0,17.56,1,0.0
1,2026-08-23,2026-08-23 00:00:00,0,6,1,0,0.0,0.0,0.0,0.815833,0,17.53,0,0.0
1,2026-08-23,2026-08-23 01:00:00,1,6,1,0,0.0,0.0,0.0,0.815833,0,17.72,0,0.0
1,2026-08-23,2026-08-23 02:00:00,2,6,1,0,0.0,0.0,0.0,0.815833,0,17.52,0,0.0
1,2026-08-23,2026-08-23 03:00:00,3,6,1,0,0.0,0.0,0.0,0.815833,0,18.7,1,0.0
1,2026-08-23,2026-08-23 04:00:00,4,6,1,0,0.0,0.0,0.0,0.815833,0,16.69,0,0.0
1,2026-08-23,2026-08-23 05:00:00,5,6,1,0,0.0,0.0,0.0,0.815833,0,17.31,0,0.0
1,2026-08-23,2026-08-23 06:00:00,6,6,1,0,0.0,0.0,0.0,0.815833,0,20.1,1,0.0
1,2026-08-23,2026-08-23 07:00:00,7,6,1,0,0.0,0.0,0.0,0.815833,0,18.88,0,0.0
1,2026-08-23,2026-08-23 08:00:00,8,6,1,0,0.0,0.0,0.0,0.815833,0,19.92,0,0.0
1,2026-08-23,2026-08-23 09:00:00,9,6,1,0,0.0,0.0,0.0,0.815833,0,21.23,0,0.0
1,2026-08-23,2026-08-23 10:00:00,10,6,1,0,0.0,0.0,0.0,0.815833,0,22.13,0,0.0
1,2026-08-23,2026-08-23 11:00:00,11,6,1,0,0.0,0.0,0.0,0.815833,0,21.13,0,0.0
1,2026-08-23,2026-08-23 12:00:00,12,6,1,0,0.0,0.0,0.0,0.815833,0,21.55,0,56.3
1,2026-08-23,2026-08-23 13:00:00,13,6,1,0,56.3,0.0,0.0,3.161667,0,20.85,0,0.0
1,2026-08-23,2026-08-23 14:00:00,14,6,1,0,0.0,0.0,0.0,3.161667,0,22.16,0,0.0
1,2026-08-23,2026-08-23 15:00:00,15,6,1,0,0.0,0.0,0.0,3.161667,0,20.51,0,0.0
1,2026-08-23,2026-08-23 16:00:00,16,6,1,0,0.0,19.58,0.0,3.161667,0,21.55,0,0.0
1,2026-08-23,2026-08-23 17:00:00,17,6,1,0,0.0,0.0,0.0,2.345833,0,18.74,0,0.0
1,2026-08-23,2026-08-23 18:00:00,18,6,1,0,0.0,0.0,0.0,2.345833,0,20.73,0,0.0
1,2026-08-23,2026-08-23 19:00:00,19,6,1,0,0.0,0.0,0.0,2.345833,0,19.43,0,0.0
1,2026-08-23,2026-08-23 20:00:00,20,6,1,0,0.0,0.0,0.0,2.345833,0,18.53,0,0.0
1,2026-08-23,2026-08-23 21:00:00,21,6,1,0,0.0,0.0,0.0,2.345833,0,15.92,0,0.0
1,2026-08-23,2026-08-23 22:00:00,22,6,1,0,0.0,0.0,0.0,2.345833,0,16.54,0,0.0
1,2026-08-23,2026-08-23 23:00:00,23,6,1,0,0.0,0.0,0.0,2.345833,0,17.31,0,0.0
1,2026-08-24,2026-08-24 00:00:00,0,0,0,0,0.0,0.0,0.0,2.345833,0,15.86,0,0.0
1,2026-08-24,2026-08-24 01:00:00,1,0,0,0,0.0,0.0,0.0,2.345833,0,17.24,0,0.0
1,2026-08-24,2026-08-24 02:00:00,2,0,0,0,0.0,0.0,0.0,2.345833,0,17.02,0,0.0
1,2026-08-24,2026-08-24 03:00:00,3,0,0,0,0.0,0.0,0.0,2.345833,0,16.9,0,0.0
1,2026-08-24,2026-08-24 04:00:00,4,0,0,0,0.0,0.0,0.0,2.345833,0,18.33,1,0.0
1,2026-08-24,2026-08-24 05:00:00,5,0,0,0,0.0,0.0,0.0,2.345833,0,17.86,0,0.0
1,2026-08-24,2026-08-24 06:00:00,6,0,0,0,0.0,0.0,0.0,2.345833,0,20.09,0,0.0
1,2026-08-24,2026-08-24 07:00:00,7,0,0,0,0.0,0.0,0.0,2.345833,0,19.22,0,0.0
1,2026-08-24,2026-08-24 08:00:00,8,0,0,0,0.0,0.0,0.0,2.345833,0,20.36,0,0.0
1,2026-08-24,2026-08-24 09:00:00,9,0,0,0,0.0,0.0,0.0,2.345833,0,21.99,0,0.0
1,2026-08-24,2026-08-24 10:00:00,10,0,0,0,0.0,0.0,0.0,2.345833,0,21.29,0,0.0
1,2026-08-24,2026-08-24 11:00:00,11,0,0,0,0.0,0.0,0.0,2.345833,0,22.61,0,0.0
1,2026-08-24,2026-08-24 12:00:00,12,0,0,0,0.0,56.3,0.0,2.345833,0,23.57,1,0.0
1,2026-08-24,2026-08-24 13:00:00,13,0,0,0,0.0,0.0,0.0,0.0,0,21.17,1,0.0
1,2026-08-24,2026-08-24 14:00:00,14,0,0,0,0.0,0.0,0.0,0.0,0,20.88,0,0.0
1,2026-08-24,2026-08-24 15:00:00,15,0,0,0,0.0,0.0,23.73,0.0,0,22.74,0,0.0
1,2026-08-24,2026-08-24 16:00:00,16,0,0,0,0.0,0.0,0.0,0.0,0,21.91,0,0.0
1,2026-08-24,2026-08-24 17:00:00,17,0,0,0,0.0,0.0,0.0,0.0,0,19.5,0,0.0
1,2026-08-24,2026-08-24 18:00:00,18,0,0,0,0.0,0.0,0.0,0.0,0,20.2,0,0.0
1,2026-08-24,2026-08-24 19:00:00,19,0,0,0,0.0,0.0,0.0,0.0,0,19.62,1,0.0
1,2026-08-24,2026-08-24 20:00:00,20,0,0,0,0.0,0.0,0.0,0.0,0,19.18,0,0.0
1,2026-08-24,2026-08-24 21:00:00,21,0,0,0,0.0,0.0,0.0,0.0,0,17.65,0,0.0
1,2026-08-24,2026-08-24 22:00:00,22,0,0,0,0.0,0.0,0.0,0.0,0,17.58,0,0.0
1,2026-08-24,2026-08-24 23:00:00,23,0,0,0,0.0,0.0,0.0,0.0,0,15.95,0,0.0
1,2026-08-25,2026-08-25 00:00:00,0,1,0,0,0.0,0.0,0.0,0.0,0,15.51,0,0.0
1,2026-08-25,2026-08-25 01:00:00,1,1,0,0,0.0,0.0,0.0,0.0,0,17.18,1,0.0
1,2026-08-25,2026-08-25 02:00:00,2,1,0,0,0.0,0.0,0.0,0.0,0,16.28,0,0.0
1,2026-08-25,2026-08-25 03:00:00,3,1,0,0,0.0,0.0,0.0,0.0,0,16.25,0,0.0
1,2026-08-25,2026-08-25 04:00:00,4,1,0,0,0.0,0.0,0.0,0.0,0,18.08,0,0.0
1,2026-08-25,2026-08-25 05:00:00,5,1,0,0,0.0,0.0,0.0,0.0,0,19.46,0,0.0
1,2026-08-25,2026-08-25 06:00:00,6,1,0,0,0.0,0.0,0.0,0.0,0,18.34,0,0.0
1,2026-08-25,2026-08-25 07:00:00,7,1,0,0,0.0,0.0,0.0,0.0,0,18.68,1,0.0
1,2026-08-25,2026-08-25 08:00:00,8,1,0,0,0.0,0.0,0.0,0.0,0,20.46,0,0.0
1,2026-08-25,2026-08-25 09:00:00,9,1,0,0,0.0,0.0,0.0,0.0,0,22.05,0,0.0
1,2026-08-25,2026-08-25 10:00:00,10,1,0,0,0.0,0.0,0.0,0.0,0,22.94,1,0.0
1,2026-08-25,2026-08-25 11:00:00,11,1,0,0,0.0,0.0,0.0,0.0,0,22.69,1,0.0
1,2026-08-25,2026-08-25 12:00:00,12,1,0,0,0.0,0.0,0.0,0.0,0,21.4,1,0.0
1,2026-08-25,2026-08-25 13:00:00,13,1,0,0,0.0,0.0,0.0,0.0,0,23.22,0,18.32
1,2026-08-25,2026-08-25 14:00:00,14,1,0,0,18.32,0.0,0.0,0.763333,0,20.67,0,0.0
1,2026-08-25,2026-08-25 15:00:00,15,1,0,0,0.0,0.0,0.0,0.763333,0,20.22,0,0.0
1,2026-08-25,2026-08-25 16:00:00,16,1,0,0,0.0,0.0,0.0,0.763333,0,21.91,0,0.0
1,2026-08-25,2026-08-25 17:00:00,17,1,0,0,0.0,0.0,0.0,0.763333,0,19.86,0,0.0
1,2026-08-25,2026-08-25 18:00:00,18,1,0,0,0.0,0.0,0.0,0.763333,0,19.27,0,0.0
1,2026-08-25,2026-08-25 19:00:00,19,1,0,0,0.0,0.0,0.0,0.763333,0,18.5,0,0.0
1,2026-08-25,2026-08-25 20:00:00,20,1,0,0,0.0,0.0,0.0,0.763333,0,17.43,0,0.0
1,2026-08-25,2026-08-25 21:00:00,21,1,0,0,0.0,0.0,0.0,0.763333,0,18.35,1,0.0
1,2026-08-25,2026-08-25 22:00:00,22,1,0,0,0.0,0.0,0.0,0.763333,0,17.51,0,0.0
1,2026-08-25,2026-08-25 23:00:00,23,1,0,0,0.0,0.0,0.0,0.763333,0,15.06,0,0.0
1,2026-08-26,2026-08-26 00:00:00,0,2,0,0,0.0,0.0,0.0,0.763333,0,16.69,0,0.0
1,2026-08-26,2026-08-26 01:00:00,1,2,0,0,0.0,0.0,0.0,0.763333,0,14.78,1,0.0
1,2026-08-26,2026-08-26 02:00:00,2,2,0,0,0.0,0.0,0.0,0.763333,0,16.32,1,0.0
1,2026-08-26,2026-08-26 03:00:00,3,2,0,0,0.0,0.0,0.0,0.763333,0,16.5,0,0.0
1,2026-08-26,2026-08-26 04:00:00,4,2,0,0,0.0,0.0,0.0,0.763333,0,18.37,0,0.0
1,2026-08-26,2026-08-26 05:00:00,5,2,0,0,0.0,0.0,0.0,0.763333,0,19.2,0,0.0
1,2026-08-26,2026-08-26 06:00:00,6,2,0,0,0.0,0.0,0.0,0.763333,0,18.17,0,0.0
1,2026-08-26,2026-08-26 07:00:00,7,2,0,0,0.0,0.0,0.0,0.763333,0,18.51,0,0.0
1,2026-08-26,2026-08-26 08:00:00,8,2,0,0,0.0,0.0,0.0,0.763333,0,19.44,1,0.0
1,2026-08-26,2026-08-26 09:00:00,9,2,0,0,0.0,0.0,0.0,0.763333,0,20.28,1,26.38
1,2026-08-26,2026-08-26 10:00:00,10,2,0,0,26.38,0.0,32.47,1.8625,0,21.55,1,0.0
1,2026-08-26,2026-08-26 11:00:00,11,2,0,0,0.0,0.0,0.0,1.8625,0,21.28,0,0.0
1,2026-08-26,2026-08-26 12:00:00,12,2,0,0,0.0,0.0,0.0,1.8625,0,21.78,1,0.0
1,2026-08-26,2026-08-26 13:00:00,13,2,0,0,0.0,18.32,0.0,1.8625,0,20.81,0,0.0
1,2026-08-26,2026-08-26 14:00:00,14,2,0,0,0.0,0.0,0.0,1.099167,0,20.44,0,0.0
1,2026-08-26,2026-08-26 15:00:00,15,2,0,0,0.0,0.0,0.0,1.099167,0,21.2,1,0.0
1,2026-08-26,2026-08-26 16:00:00,16,2,0,0,0.0,0.0,0.0,1.099167,0,19.32,0,0.0
1,2026-08-26,2026-08-26 17:00:00,17,2,0,0,0.0,0.0,0.0,1.099167,0,18.66,0,0.0
1,2026-08-26,2026-08-26 18:00:00,18,2,0,0,0.0,0.0,0.0,1.099167,0,17.85,0,0.0
1,2026-08-26,2026-08-26 19:00:00,19,2,0,0,0.0,0.0,0.0,1.099167,0,18.61,1,0.0
1,2026-08-26,2026-08-26 20:00:00,20,2,0,0,0.0,0.0,0.0,1.099167,0,18.21,0,0.0
1,2026-08-26,2026-08-26 21:00:00,21,2,0,0,0.0,0.0,0.0,1.099167,0,15.93,0,0.0
1,2026-08-26,2026-08-26 22:00:00,22,2,0,0,0.0,0.0,0.0,1.099167,0,16.48,0,0.0
1,2026-08-26,2026-08-26 23:00:00,23,2,0,0,0.0,0.0,0.0,1.099167,0,17.18,0,0.0
1,2026-08-27,2026-08-27 00:00:00,0,3,0,0,0.0,0.0,0.0,1.099167,0,17.22,0,0.0
1,2026-08-27,2026-08-27 01:00:00,1,3,0,0,0.0,0.0,0.0,1.099167,0,14.46,0,0.0
1,2026-08-27,2026-08-27 02:00:00,2,3,0,0,0.0,0.0,0.0,1.099167,0,15.02,0,0.0
1,2026-08-27,2026-08-27 03:00:00,3,3,0,0,0.0,0.0,0.0,1.099167,0,15.88,1,0.0
1,2026-08-27,2026-08-27 04:00:00,4,3,0,0,0.0,0.0,0.0,1.099167,0,16.04,1,0.0
1,2026-08-27,2026-08-27 05:00:00,5,3,0,0,0.0,0.0,0.0,1.099167,0,18.58,0,0.0
1,2026-08-27,2026-08-27 06:00:00,6,3,0,0,0.0,0.0,0.0,1.099167,0,18.55,0,0.0
1,2026-08-27,2026-08-27 07:00:00,7,3,0,0,0.0,0.0,0.0,1.099167,0,20.26,0,0.0
1,2026-08-27,2026-08-27 08:00:00,8,3,0,0,0.0,0.0,0.0,1.099167,0,19.4,0,0.0
1,2026-08-27,2026-08-27 09:00:00,9,3,0,0,0.0,26.38,0.0,1.099167,0,21.89,0,0.0
1,2026-08-27,2026-08-27 10:00:00,10,3,0,0,0.0,0.0,0.0,0.0,0,22.15,0,0.0
1,2026-08-27,2026-08-27 11:00:00,11,3,0,0,0.0,0.0,0.0,0.0,0,22.13,0,0.0
1,2026-08-27,2026-08-27 12:00:00,12,3,0,0,0.0,0.0,0.0,0.0,0,22.54,0,0.0
1,2026-08-27,2026-08-27 13:00:00,13,3,0,0,0.0,0.0,0.0,0.0,0,22.72,0,0.0
1,2026-08-27,2026-08-27 14:00:00,14,3,0,0,0.0,0.0,0.0,0.0,0,22.07,0,0.0
1,2026-08-27,2026-08-27 15:00:00,15,3,0,0,0.0,0.0,0.0,0.0,0,20.87,0,0.0
1,2026-08-27,2026-08-27 16:00:00,16,3,0,0,0.0,0.0,0.0,0.0,0,18.84,0,0.0
1,2026-08-27,2026-08-27 17:00:00,17,3,0,0,0.0,0.0,0.0,0.0,0,19.1,0,0.0
1,2026-08-27,2026-08-27 18:00:00,18,3,0,0,0.0,0.0,0.0,0.0,0,17.95,1,0.0
1,2026-08-27,2026-08-27 19:00:00,19,3,0,0,0.0,0.0,0.0,0.0,0,17.93,1,0.0
1,2026-08-27,2026-08-27 20:00:00,20,3,0,0,0.0,0.0,0.0,0.0,0,17.34,0,0.0
1,2026-08-27,2026-08-27 21:00:00,21,3,0,0,0.0,0.0,0.0,0.0,0,17.26,0,0.0
1,2026-08-27,2026-08-27 22:00:00,22,3,0,0,0.0,0.0,0.0,0.0,0,16.92,0,0.0
1,2026-08-27,2026-08-27 23:00:00,23,3,0,0,0.0,0.0,0.0,0.0,0,16.7,1,0.0
1,2026-08-28,2026-08-28 00:00:00,0,4,0,0,0.0,0.0,0.0,0.0,0,14.44,0,0.0
1,2026-08-28,2026-08-28 01:00:00,1,4,0,0,0.0,0.0,0.0,0.0,0,14.99,0,0.0
1,2026-08-28,2026-08-28 02:00:00,2,4,0,0,0.0,0.0,0.0,0.0,0,16.53,0,0.0
1,2026-08-28,2026-08-28 03:00:00,3,4,0,0,0.0,0.0,0.0,0.0,0,16.49,0,0.0
1,2026-08-28,2026-08-28 04:00:00,4,4,0,0,0.0,0.0,0.0,0.0,0,17.1,1,0.0
1,2026-08-28,2026-08-28 05:00:00,5,4,0,0,0.0,0.0,0.0,0.0,0,17.32,0,0.0
1,2026-08-28,2026-08-28 06:00:00,6,4,0,0,0.0,0.0,0.0,0.0,0,18.26,1,0.0
1,2026-08-28,2026-08-28 07:00:00,7,4,0,0,0.0,0.0,0.0,0.0,0,19.31,0,0.0
1,2026-08-28,2026-08-28 08:00:00,8,4,0,0,0.0,0.0,0.0,0.0,0,20.66,1,0.0
1,2026-08-28,2026-08-28 09:00:00,9,4,0,0,0.0,0.0,0.0,0.0,0,21.37,0,0.0
1,2026-08-28,2026-08-28 10:00:00,10,4,0,0,0.0,0.0,0.0,0.0,0,22.23,1,0.0
1,2026-08-28,2026-08-28 11:00:00,11,4,0,0,0.0,0.0,0.0,0.0,0,22.59,1,0.0
1,2026-08-28,2026-08-28 12:00:00,12,4,0,0,0.0,0.0,0.0,0.0,0,21.13,0,0.0
1,2026-08-28,2026-08-28 13:00:00,13,4,0,0,0.0,0.0,0.0,0.0,0,20.38,0,0.0
1,2026-08-28,2026-08-28 14:00:00,14,4,0,0,0.0,0.0,0.0,0.0,0,21.51,0,0.0
1,2026-08-28,2026-08-28 15:00:00,15,4,0,0,0.0,0.0,0.0,0.0,0,19.65,0,0.0
1,2026-08-28,2026-08-28 16:00:00,16,4,0,0,0.0,0.0,0.0,0.0,0,21.49,1,0.0
1,2026-08-28,2026-08-28 17:00:00,17,4,0,0,0.0,0.0,0.0,0.0,0,20.47,0,0.0
1,2026-08-28,2026-08-28 18:00:00,18,4,0,0,0.0,0.0,0.0,0.0,0,20.08,0,0.0
1,2026-08-28,2026-08-28 19:00:00,19,4,0,0,0.0,0.0,0.0,0.0,0,17.94,0,0.0
1,2026-08-28,2026-08-28 20:00:00,20,4,0,0,0.0,0.0,0.0,0.0,0,16.22,0,0.0
1,2026-08-28,2026-08-28 21:00:00,21,4,0,0,0.0,0.0,0.0,0.0,0,15.54,0,0.0
1,2026-08-28,2026-08-28 22:00:00,22,4,0,0,0.0,0.0,0.0,0.0,0,15.92,1,0.0
1,2026-08-28,2026-08-28 23:00:00,23,4,0,0,0.0,0.0,0.0,0.0,0,14.54,0,0.0
1,2026-08-29,2026-08-29 00:00:00,0,5,1,0,0.0,0.0,0.0,0.0,0,15.84,0,0.0
1,2026-08-29,2026-08-29 01:00:00,1,5,1,0,0.0,0.0,0.0,0.0,0,16.3,1,0.0
1,2026-08-29,2026-08-29 02:00:00,2,5,1,0,0.0,0.0,0.0,0.0,0,15.55,0,0.0
1,2026-08-29,2026-08-29 03:00:00,3,5,1,0,0.0,0.0,0.0,0.0,0,16.06,0,0.0
1,2026-08-29,2026-08-29 04:00:00,4,5,1,0,0.0,0.0,0.0,0.0,0,16.93,1,0.0
1,2026-08-29,2026-08-29 05:00:00,5,5,1,0,0.0,0.0,0.0,0.0,0,17.31,0,0.0
1,2026-08-29,2026-08-29 06:00:00,6,5,1,0,0.0,0.0,0.0,0.0,0,17.32,0,0.0
1,2026-08-29,2026-08-29 07:00:00,7,5,1,0,0.0,0.0,0.0,0.0,0,20.09,0,0.0
1,2026-08-29,2026-08-29 08:00:00,8,5,1,0,0.0,0.0,0.0,0.0,0,19.08,0,0.0
1,2026-08-29,2026-08-29 09:00:00,9,5,1,0,0.0,0.0,0.0,0.0,0,21.59,0,0.0
1,2026-08-29,2026-08-29 10:00:00,10,5,1,0,0.0,0.0,0.0,0.0,0,21.18,0,0.0
1,2026-08-29,2026-08-29 11:00:00,11,5,1,0,0.0,0.0,0.0,0.0,0,21.63,0,0.0
1,2026-08-29,2026-08-29 12:00:00,12,5,1,0,0.0,0.0,0.0,0.0,0,22.63,0,0.0
1,2026-08-29,2026-08-29 13:00:00,13,5,1,0,0.0,0.0,0.0,0.0,0,21.54,1,0.0
1,2026-08-29,2026-08-29 14:00:00,14,5,1,0,0.0,0.0,0.0,0.0,0,22.41,0,0.0
1,2026-08-29,2026-08-29 15:00:00,15,5,1,0,0.0,0.0,0.0,0.0,0,19.56,0,0.0
1,2026-08-29,2026-08-29 16:00:00,16,5,1,0,0.0,0.0,19.58,0.0,0,18.8,0,0.0
1,2026-08-29,2026-08-29 17:00:00,17,5,1,0,0.0,0.0,0.0,0.0,0,19.57,1,0.0
1,2026-08-29,2026-08-29 18:00:00,18,5,1,0,0.0,0.0,0.0,0.0,0,17.04,0,0.0
1,2026-08-29,2026-08-29 19:00:00,19,5,1,0,0.0,0.0,0.0,0.0,0,16.3,0,0.0
1,2026-08-29,2026-08-29 20:00:00,20,5,1,0,0.0,0.0,0.0,0.0,0,18.39,0,0.0
1,2026-08-29,2026-08-29 21:00:00,21,5,1,0,0.0,0.0,0.0,0.0,0,17.14,1,0.0
1,2026-08-29,2026-08-29 22:00:00,22,5,1,0,0.0,0.0,0.0,0.0,0,15.21,0,0.0
1,2026-08-29,2026-08-29 23:00:00,23,5,1,0,0.0,0.0,0.0,0.0,0,15.41,0,0.0
1,2026-08-30,2026-08-30 00:00:00,0,6,1,0,0.0,0.0,0.0,0.0,0,14.72,1,0.0
1,2026-08-30,2026-08-30 01:00:00,1,6,1,0,0.0,0.0,0.0,0.0,0,14.29,0,0.0
1,2026-08-30,2026-08-30 02:00:00,2,6,1,0,0.0,0.0,0.0,0.0,0,16.02,0,0.0
1,2026-08-30,2026-08-30 03:00:00,3,6,1,0,0.0,0.0,0.0,0.0,0,17.29,0,0.0
1,2026-08-30,2026-08-30 04:00:00,4,6,1,0,0.0,0.0,0.0,0.0,0,17.61,1,0.0
1,2026-08-30,2026-08-30 05:00:00,5,6,1,0,0.0,0.0,0.0,0.0,0,18.13,0,0.0
1,2026-08-30,2026-08-30 06:00:00,6,6,1,0,0.0,0.0,0.0,0.0,0,18.74,1,0.0
1,2026-08-30,2026-08-30 07:00:00,7,6,1,0,0.0,0.0,0.0,0.0,0,18.13,0,0.0
1,2026-08-30,2026-08-30 08:00:00,8,6,1,0,0.0,0.0,0.0,0.0,0,18.49,0,0.0
1,2026-08-30,2026-08-30 09:00:00,9,6,1,0,0.0,0.0,0.0,0.0,0,19.97,0,0.0
1,2026-08-30,2026-08-30 10:00:00,10,6,1,0,0.0,0.0,0.0,0.0,0,21.34,0,0.0
1,2026-08-30,2026-08-30 11:00:00,11,6,1,0,0.0,0.0,0.0,0.0,0,21.77,0,0.0
1,2026-08-30,2026-08-30 12:00:00,12,6,1,0,0.0,0.0,56.3,0.0,0,21.73,0,0.0
1,2026-08-30,2026-08-30 13:00:00,13,6,1,0,0.0,0.0,0.0,0.0,0,21.32,0,0.0
1,2026-08-30,2026-08-30 14:00:00,14,6,1,0,0.0,0.0,0.0,0.0,0,22.25,0,0.0
1,2026-08-30,2026-08-30 15:00:00,15,6,1,0,0.0,0.0,0.0,0.0,0,20.61,0,0.0
1,2026-08-30,2026-08-30 16:00:00,16,6,1,0,0.0,0.0,0.0,0.0,0,20.89,0,0.0
1,2026-08-30,2026-08-30 17:00:00,17,6,1,0,0.0,0.0,0.0,0.0,0,19.61,0,0.0
1,2026-08-30,2026-08-30 18:00:00,18,6,1,0,0.0,0.0,0.0,0.0,0,19.67,0,0.0
1,2026-08-30,2026-08-30 19:00:00,19,6,1,0,0.0,0.0,0.0,0.0,0,18.01,0,0.0
1,2026-08-30,2026-08-30 20:00:00,20,6,1,0,0.0,0.0,0.0,0.0,0,17.51,0,0.0
1,2026-08-30,2026-08-30 21:00:00,21,6,1,0,0.0,0.0,0.0,0.0,0,17.11,1,0.0
1,2026-08-30,2026-08-30 22:00:00,22,6,1,0,0.0,0.0,0.0,0.0,0,16.7,0,0.0
1,2026-08-30,2026-08-30 23:00:00,23,6,1,0,0.0,0.0,0.0,0.0,0,14.14,0,0.0
1,2026-08-31,2026-08-31 00:00:00,0,0,0,0,0.0,0.0,0.0,0.0,0,16.4,0,0.0
1,2026-08-31,2026-08-31 01:00:00,1,0,0,0,0.0,0.0,0.0,0.0,0,14.52,0,0.0
1,2026-08-31,2026-08-31 02:00:00,2,0,0,0,0.0,0.0,0.0,0.0,0,15.18,0,0.0
1,2026-08-31,2026-08-31 03:00:00,3,0,0,0,0.0,0.0,0.0,0.0,0,16.16,0,0.0
1,2026-08-31,2026-08-31 04:00:00,4,0,0,0,0.0,0.0,0.0,0.0,0,15.73,0,0.0
1,2026-08-31,2026-08-31 05:00:00,5,0,0,0,0.0,0.0,0.0,0.0,0,18.06,1,0.0
1,2026-08-31,2026-08-31 06:00:00,6,0,0,0,0.0,0.0,0.0,0.0,0,18.5,1,0.0
1,2026-08-31,2026-08-31 07:00:00,7,0,0,0,0.0,0.0,0.0,0.0,0,18.08,0,0.0
1,2026-08-31,2026-08-31 08:00:00,8,0,0,0,0.0,0.0,0.0,0.0,0,18.72,0,0.0
1,2026-08-31,2026-08-31 09:00:00,9,0,0,0,0.0,0.0,0.0,0.0,0,19.34,0,0.0
1,2026-08-31,2026-08-31 10:00:00,10,0,0,0,0.0,0.0,0.0,0.0,0,21.72,1,0.0
1,2026-08-31,2026-08-31 11:00:00,11,0,0,0,0.0,0.0,0.0,0.0,0,21.78,0,0.0
1,2026-08-31,2026-08-31 12:00:00,12,0,0,0,0.0,0.0,0.0,0.0,0,20.74,0,0.0
1,2026-08-31,2026-08-31 13:00:00,13,0,0,0,0.0,0.0,0.0,0.0,0,22.02,1,0.0
1,2026-08-31,2026-08-31 14:00:00,14,0,0,0,0.0,0.0,0.0,0.0,0,19.93,1,0.0
1,2026-08-31,2026-08-31 15:00:00,15,0,0,0,0.0,0.0,0.0,0.0,0,19.68,0,0.0
1,2026-08-31,2026-08-31 16:00:00,16,0,0,0,0.0,0.0,0.0,0.0,0,20.03,0,0.0
1,2026-08-31,2026-08-31 17:00:00,17,0,0,0,0.0,0.0,0.0,0.0,0,17.38,0,0.0
1,2026-08-31,2026-08-31 18:00:00,18,0,0,0,0.0,0.0,0.0,0.0,0,19.44,1,0.0
1,2026-08-31,2026-08-31 19:00:00,19,0,0,0,0.0,0.0,0.0,0.0,0,16.62,0,0.0
1,2026-08-31,2026-08-31 20:00:00,20,0,0,0,0.0,0.0,0.0,0.0,0,15.77,0,0.0
1,2026-08-31,2026-08-31 21:00:00,21,0,0,0,0.0,0.0,0.0,0.0,0,16.61,0,0.0
1,2026-08-31,2026-08-31 22:00:00,22,0,0,0,0.0,0.0,0.0,0.0,0,15.46,0,0.0
1,2026-08-31,2026-08-31 23:00:00,23,0,0,0,0.0,0.0,0.0,0.0,0,14.2,1,0.0
1,2026-09-01,2026-09-01 00:00:00,0,1,0,0,0.0,0.0,0.0,0.0,0,13.64,0,0.0
1,2026-09-01,2026-09-01 01:00:00,1,1,0,0,0.0,0.0,0.0,0.0,0,13.98,0,0.0
1,2026-09-01,2026-09-01 02:00:00,2,1,0,0,0.0,0.0,0.0,0.0,0,16.7,0,0.0
1,2026-09-01,2026-09-01 03:00:00,3,1,0,0,0.0,0.0,0.0,0.0,0,16.43,0,0.0
1,2026-09-01,2026-09-01 04:00:00,4,1,0,0,0.0,0.0,0.0,0.0,0,15.47,0,0.0
1,2026-09-01,2026-09-01 05:00:00,5,1,0,0,0.0,0.0,0.0,0.0,0,17.18,1,0.0
1,2026-09-01,2026-09-01 06:00:00,6,1,0,0,0.0,0.0,0.0,0.0,0,18.27,0,0.0
1,2026-09-01,2026-09-01 07:00:00,7,1,0,0,0.0,0.0,0.0,0.0,0,17.81,0,0.0
1,2026-09-01,2026-09-01 08:00:00,8,1,0,0,0.0,0.0,0.0,0.0,0,18.11,0,0.0
1,2026-09-01,2026-09-01 09:00:00,9,1,0,0,0.0,0.0,0.0,0.0,0,20.57,1,0.0
1,2026-09-01,2026-09-01 10:00:00,10,1,0,0,0.0,0.0,0.0,0.0,0,21.37,0,0.0
1,2026-09-01,2026-09-01 11:00:00,11,1,0,0,0.0,0.0,0.0,0.0,0,20.59,1,0.0
1,2026-09-01,2026-09-01 12:00:00,12,1,0,0,0.0,0.0,0.0,0.0,0,20.73,0,0.0
1,2026-09-01,2026-09-01 13:00:00,13,1,0,0,0.0,0.0,18.32,0.0,0,19.98,1,0.0
1,2026-09-01,2026-09-01 14:00:00,14,1,0,0,0.0,0.0,0.0,0.0,0,21.26,0,0.0
1,2026-09-01,2026-09-01 15:00:00,15,1,0,0,0.0,0.0,0.0,0.0,0,20.93,0,0.0
1,2026-09-01,2026-09-01 16:00:00,16,1,0,0,0.0,0.0,0.0,0.0,0,18.33,0,0.0
1,2026-09-01,2026-09-01 17:00:00,17,1,0,0,0.0,0.0,0.0,0.0,0,18.57,0,0.0
1,2026-09-01,2026-09-01 18:00:00,18,1,0,0,0.0,0.0,0.0,0.0,0,19.21,0,0.0
1,2026-09-01,2026-09-01 19:00:00,19,1,0,0,0.0,0.0,0.0,0.0,0,18.28,0,0.0
1,2026-09-01,2026-09-01 20:00:00,20,1,0,0,0.0,0.0,0.0,0.0,0,15.51,0,0.0
1,2026-09-01,2026-09-01 21:00:00,21,1,0,0,0.0,0.0,0.0,0.0,0,15.96,1,0.0
1,2026-09-01,2026-09-01 22:00:00,22,1,0,0,0.0,0.0,0.0,0.0,0,16.45,0,0.0
1,2026-09-01,2026-09-01 23:00:00,23,1,0,0,0.0,0.0,0.0,0.0,0,14.78,0,0.0
1,2026-09-02,2026-09-02 00:00:00,0,2,0,0,0.0,0.0,0.0,0.0,0,15.39,0,0.0
1,2026-09-02,2026-09-02 01:00:00,1,2,0,0,0.0,0.0,0.0,0.0,0,13.89,1,0.0
1,2026-09-02,2026-09-02 02:00:00,2,2,0,0,0.0,0.0,0.0,0.0,0,13.76,0,0.0
1,2026-09-02,2026-09-02 03:00:00,3,2,0,0,0.0,0.0,0.0,0.0,0,16.23,0,0.0
1,2026-09-02,2026-09-02 04:00:00,4,2,0,0,0.0,0.0,0.0,0.0,0,16.01,1,0.0
1,2026-09-02,2026-09-02 05:00:00,5,2,0,0,0.0,0.0,0.0,0.0,0,15.69,0,0.0
1,2026-09-02,2026-09-02 06:00:00,6,2,0,0,0.0,0.0,0.0,0.0,0,19.15,0,0.0
1,2026-09-02,2026-09-02 07:00:00,7,2,0,0,0.0,0.0,0.0,0.0,0,19.87,1,0.0
1,2026-09-02,2026-09-02 08:00:00,8,2,0,0,0.0,0.0,0.0,0.0,0,19.16,0,31.62
1,2026-09-02,2026-09-02 09:00:00,9,2,0,0,31.62,0.0,26.38,1.3175,0,21.27,0,0.0
1,2026-09-02,2026-09-02 10:00:00,10,2,0,0,0.0,0.0,0.0,1.3175,0,20.14,0,0.0
1,2026-09-02,2026-09-02 11:00:00,11,2,0,0,0.0,0.0,0.0,1.3175,0,21.23,0,0.0
1,2026-09-02,2026-09-02 12:00:00,12,2,0,0,0.0,0.0,0.0,1.3175,0,21.65,1,0.0
1,2026-09-02,2026-09-02 13:00:00,13,2,0,0,0.0,0.0,0.0,1.3175,0,21.59,0,0.0
1,2026-09-02,2026-09-02 14:00:00,14,2,0,0,0.0,0.0,0.0,1.3175,0,20.02,0,0.0
1,2026-09-02,2026-09-02 15:00:00,15,2,0,0,0.0,0.0,0.0,1.3175,0,19.97,0,0.0
1,2026-09-02,2026-09-02 16:00:00,16,2,0,0,0.0,0.0,0.0,1.3175,0,18.09,0,0.0
1,2026-09-02,2026-09-02 17:00:00,17,2,0,0,0.0,0.0,0.0,1.3175,0,19.26,1,0.0
1,2026-09-02,2026-09-02 18:00:00,18,2,0,0,0.0,0.0,0.0,1.3175,0,19.04,0,0.0
1,2026-09-02,2026-09-02 19:00:00,19,2,0,0,0.0,0.0,0.0,1.3175,0,15.73,0,0.0
1,2026-09-02,2026-09-02 20:00:00,20,2,0,0,0.0,0.0,0.0,1.3175,0,16.92,0,0.0
1,2026-09-02,2026-09-02 21:00:00,21,2,0,0,0.0,0.0,0.0,1.3175,0,15.08,1,0.0
1,2026-09-02,2026-09-02 22:00:00,22,2,0,0,0.0,0.0,0.0,1.3175,0,14.75,0,0.0
1,2026-09-02,2026-09-02 23:00:00,23,2,0,0,0.0,0.0,0.0,1.3175,0,13.73,0,0.0
1,2026-09-03,2026-09-03 00:00:00,0,3,0,0,0.0,0.0,0.0,1.3175,0,13.81,0,0.0
1,2026-09-03,2026-09-03 01:00:00,1,3,0,0,0.0,0.0,0.0,1.3175,0,15.74,0,0.0
1,2026-09-03,2026-09-03 02:00:00,2,3,0,0,0.0,0.0,0.0,1.3175,0,16.46,0,0.0
1,2026-09-03,2026-09-03 03:00:00,3,3,0,0,0.0,0.0,0.0,1.3175,0,14.28,0,0.0
1,2026-09-03,2026-09-03 04:00:00,4,3,0,0,0.0,0.0,0.0,1.3175,0,14.69,0,0.0
1,2026-09-03,2026-09-03 05:00:00,5,3,0,0,0.0,0.0,0.0,1.3175,0,18.13,1,0.0
1,2026-09-03,2026-09-03 06:00:00,6,3,0,0,0.0,0.0,0.0,1.3175,0,18.16,1,0.0
1,2026-09-03,2026-09-03 07:00:00,7,3,0,0,0.0,0.0,0.0,1.3175,0,18.92,0,0.0
1,2026-09-03,2026-09-03 08:00:00,8,3,0,0,0.0,31.62,0.0,1.3175,0,19.86,0,0.0
1,2026-09-03,2026-09-03 09:00:00,9,3,0,0,0.0,0.0,0.0,0.0,0,19.99,0,0.0
1,2026-09-03,2026-09-03 10:00:00,10,3,0,0,0.0,0.0,0.0,0.0,0,20.66,0,54.33
1,2026-09-03,2026-09-03 11:00:00,11,3,0,0,54.33,0.0,0.0,2.26375,0,21.52,0,0.0
1,2026-09-03,2026-09-03 12:00:00,12,3,0,0,0.0,0.0,0.0,2.26375,0,20.33,0,0.0
1,2026-09-03,2026-09-03 13:00:00,13,3,0,0,0.0,0.0,0.0,2.26375,0,20.34,0,56.54
1,2026-09-03,2026-09-03 14:00:00,14,3,0,0,56.54,0.0,0.0,4.619583,0,21.36,1,0.0
1,2026-09-03,2026-09-03 15:00:00,15,3,0,0,0.0,0.0,0.0,4.619583,0,19.67,0,0.0
1,2026-09-03,2026-09-03 16:00:00,16,3,0,0,0.0,0.0,0.0,4.619583,0,20.4,1,0.0
1,2026-09-03,2026-09-03 17:00:00,17,3,0,0,0.0,0.0,0.0,4.619583,0,19.33,0,0.0
1,2026-09-03,2026-09-03 18:00:00,18,3,0,0,0.0,0.0,0.0,4.619583,0,16.65,0,0.0
1,2026-09-03,2026-09-03 19:00:00,19,3,0,0,0.0,0.0,0.0,4.619583,0,15.32,0,10.37
1,2026-09-03,2026-09-03 20:00:00,20,3,0,0,10.37,0.0,0.0,5.051667,0,17.22,0,0.0
1,2026-09-03,2026-09-03 21:00:00,21,3,0,0,0.0,0.0,0.0,5.051667,0,14.98,1,0.0
1,2026-09-03,2026-09-03 22:00:00,22,3,0,0,0.0,0.0,0.0,5.051667,0,14.86,1,0.0
1,2026-09-03,2026-09-03 23:00:00,23,3,0,0,0.0,0.0,0.0,5.051667,0,13.35,0,0.0
1,2026-09-04,2026-09-04 00:00:00,0,4,0,0,0.0,0.0,0.0,5.051667,0,14.3,0,0.0
1,2026-09-04,2026-09-04 01:00:00,1,4,0,0,0.0,0.0,0.0,5.051667,0,13.38,1,0.0
1,2026-09-04,2026-09-04 02:00:00,2,4,0,0,0.0,0.0,0.0,5.051667,0,15.18,0,0.0
1,2026-09-04,2026-09-04 03:00:00,3,4,0,0,0.0,0.0,0.0,5.051667,0,15.73,0,0.0
1,2026-09-04,2026-09-04 04:00:00,4,4,0,0,0.0,0.0,0.0,5.051667,0,16.47,0,0.0
1,2026-09-04,2026-09-04 05:00:00,5,4,0,0,0.0,0.0,0.0,5.051667,0,17.57,0,0.0
1,2026-09-04,2026-09-04 06:00:00,6,4,0,0,0.0,0.0,0.0,5.051667,0,17.42,0,0.0
1,2026-09-04,2026-09-04 07:00:00,7,4,0,0,0.0,0.0,0.0,5.051667,0,17.65,0,0.0
1,2026-09-04,2026-09-04 08:00:00,8,4,0,0,0.0,0.0,0.0,5.051667,0,18.28,0,0.0
1,2026-09-04,2026-09-04 09:00:00,9,4,0,0,0.0,0.0,0.0,5.051667,0,18.96,1,57.33
1,2026-09-04,2026-09-04 10:00:00,10,4,0,0,57.33,54.33,0.0,7.440417,0,20.47,0,0.0
1,2026-09-04,2026-09-04 11:00:00,11,4,0,0,0.0,0.0,0.0,5.176667,0,21.27,0,22.17
2,2026-08-18,2026-08-18 16:00:00,16,1,0,0,0.0,0.0,57.48,0.53125,1,22.65,0,0.0
2,2026-08-18,2026-08-18 17:00:00,17,1,0,0,0.0,0.0,0.0,0.53125,1,21.46,0,0.0
2,2026-08-18,2026-08-18 18:00:00,18,1,0,0,0.0,0.0,0.0,0.53125,1,19.3,0,54.48
2,2026-08-18,2026-08-18 19:00:00,19,1,0,0,54.48,0.0,0.0,2.80125,1,18.09,0,0.0
2,2026-08-18,2026-08-18 20:00:00,20,1,0,0,0.0,0.0,0.0,2.80125,1,17.43,0,0.0
2,2026-08-18,2026-08-18 21:00:00,21,1,0,0,0.0,0.0,0.0,2.80125,1,16.43,0,0.0
2,2026-08-18,2026-08-18 22:00:00,22,1,0,0,0.0,0.0,0.0,2.80125,1,16.78,1,0.0
2,2026-08-18,2026-08-18 23:00:00,23,1,0,0,0.0,0.0,0.0,2.80125,1,15.89,0,0.0
2,2026-08-19,2026-08-19 00:00:00,0,2,0,0,0.0,0.0,0.0,2.80125,1,15.55,0,0.0
2,2026-08-19,2026-08-19 01:00:00,1,2,0,0,0.0,0.0,0.0,2.80125,1,16.54,1,0.0
2,2026-08-19,2026-08-19 02:00:00,2,2,0,0,0.0,0.0,0.0,2.80125,1,18.33,0,0.0
2,2026-08-19,2026-08-19 03:00:00,3,2,0,0,0.0,0.0,0.0,2.80125,1,17.25,0,0.0
2,2026-08-19,2026-08-19 04:00:00,4,2,0,0,0.0,0.0,0.0,2.80125,1,17.97,0,0.0
2,2026-08-19,2026-08-19 05:00:00,5,2,0,0,0.0,0.0,0.0,2.80125,1,19.19,0,0.0
2,2026-08-19,2026-08-19 06:00:00,6,2,0,0,0.0,0.0,0.0,2.80125,1,19.63,0,0.0
2,2026-08-19,2026-08-19 07:00:00,7,2,0,0,0.0,0.0,0.0,2.80125,1,21.75,0,0.0
2,2026-08-19,2026-08-19 08:00:00,8,2,0,0,0.0,0.0,0.0,2.80125,1,21.66,0,0.0
2,2026-08-19,2026-08-19 09:00:00,9,2,0,0,0.0,0.0,39.05,2.80125,1,21.27,0,0.0
2,2026-08-19,2026-08-19 10:00:00,10,2,0,0,0.0,0.0,0.0,2.80125,1,22.24,1,0.0
2,2026-08-19,2026-08-19 11:00:00,11,2,0,0,0.0,0.0,0.0,2.80125,1,22.62,0,0.0
2,2026-08-19,2026-08-19 12:00:00,12,2,0,0,0.0,0.0,0.0,2.80125,1,21.76,1,0.0
2,2026-08-19,2026-08-19 13:00:00,13,2,0,0,0.0,12.75,0.0,2.80125,1,21.48,1,35.11
2,2026-08-19,2026-08-19 14:00:00,14,2,0,0,35.11,0.0,0.0,3.732917,1,23.35,0,0.0
2,2026-08-19,2026-08-19 15:00:00,15,2,0,0,0.0,0.0,0.0,3.732917,1,21.98,0,0.0
2,2026-08-19,2026-08-19 16:00:00,16,2,0,0,0.0,0.0,0.0,3.732917,1,22.8,1,0.0
2,2026-08-19,2026-08-19 17:00:00,17,2,0,0,0.0,0.0,0.0,3.732917,1,21.13,0,0.0
2,2026-08-19,2026-08-19 18:00:00,18,2,0,0,0.0,54.48,0.0,3.732917,1,19.37,0,0.0
2,2026-08-19,2026-08-19 19:00:00,19,2,0,0,0.0,0.0,0.0,1.462917,1,19.38,0,0.0
2,2026-08-19,2026-08-19 20:00:00,20,2,0,0,0.0,0.0,0.0,1.462917,1,18.67,1,0.0
2,2026-08-19,2026-08-19 21:00:00,21,2,0,0,0.0,0.0,0.0,1.462917,1,19.17,0,0.0
2,2026-08-19,2026-08-19 22:00:00,22,2,0,0,0.0,0.0,0.0,1.462917,1,16.18,0,0.0
2,2026-08-19,2026-08-19 23:00:00,23,2,0,0,0.0,0.0,0.0,1.462917,1,17.2,0,0.0
2,2026-08-20,2026-08-20 00:00:00,0,3,0,0,0.0,0.0,0.0,1.462917,1,15.27,0,0.0
2,2026-08-20,2026-08-20 01:00:00,1,3,0,0,0.0,0.0,0.0,1.462917,1,17.18,0,0.0
2,2026-08-20,2026-08-20 02:00:00,2,3,0,0,0.0,0.0,0.0,1.462917,1,17.64,0,0.0
2,2026-08-20,2026-08-20 03:00:00,3,3,0,0,0.0,0.0,0.0,1.462917,1,16.82,0,0.0
2,2026-08-20,2026-08-20 04:00:00,4,3,0,0,0.0,0.0,0.0,1.462917,1,18.23,0,0.0
2,2026-08-20,2026-08-20 05:00:00,5,3,0,0,0.0,0.0,0.0,1.462917,1,19.64,0,0.0
2,2026-08-20,2026-08-20 06:00:00,6,3,0,0,0.0,0.0,0.0,1.462917,1,18.55,0,0.0
2,2026-08-20,2026-08-20 07:00:00,7,3,0,0,0.0,0.0,0.0,1.462917,1,19.32,0,0.0
2,2026-08-20,2026-08-20 08:00:00,8,3,0,0,0.0,0.0,0.0,1.462917,1,21.97,1,0.0
2,2026-08-20,2026-08-20 09:00:00,9,3,0,0,0.0,0.0,0.0,1.462917,1,22.95,0,0.0
2,2026-08-20,2026-08-20 10:00:00,10,3,0,0,0.0,0.0,0.0,1.462917,1,23.27,1,0.0
2,2026-08-20,2026-08-20 11:00:00,11,3,0,0,0.0,0.0,0.0,1.462917,1,24.06,1,0.0
2,2026-08-20,2026-08-20 12:00:00,12,3,0,0,0.0,0.0,0.0,1.462917,1,21.79,0,0.0
2,2026-08-20,2026-08-20 13:00:00,13,3,0,0,0.0,35.11,0.0,1.462917,1,21.69,0,0.0
2,2026-08-20,2026-08-20 14:00:00,14,3,0,0,0.0,0.0,0.0,0.0,1,21.83,0,0.0
2,2026-08-20,2026-08-20 15:00:00,15,3,0,0,0.0,0.0,0.0,0.0,1,23.12,0,0.0
2,2026-08-20,2026-08-20 16:00:00,16,3,0,0,0.0,0.0,0.0,0.0,1,20.14,0,0.0
2,2026-08-20,2026-08-20 17:00:00,17,3,0,0,0.0,0.0,0.0,0.0,1,20.1,0,0.0
2,2026-08-20,2026-08-20 18:00:00,18,3,0,0,0.0,0.0,0.0,0.0,1,19.55,0,0.0
2,2026-08-20,2026-08-20 19:00:00,19,3,0,0,0.0,0.0,0.0,0.0,1,18.71,1,0.0
2,2026-08-20,2026-08-20 20:00:00,20,3,0,0,0.0,0.0,0.0,0.0,1,16.91,0,0.0
2,2026-08-20,2026-08-20 21:00:00,21,3,0,0,0.0,0.0,0.0,0.0,1,18.84,0,41.57
2,2026-08-20,2026-08-20 22:00:00,22,3,0,0,41.57,0.0,0.0,1.732083,1,16.22,0,0.0
2,2026-08-20,2026-08-20 23:00:00,23,3,0,0,0.0,0.0,0.0,1.732083,1,17.74,0,0.0
2,2026-08-21,2026-08-21 00:00:00,0,4,0,0,0.0,0.0,0.0,1.732083,1,17.8,0,0.0
2,2026-08-21,2026-08-21 01:00:00,1,4,0,0,0.0,0.0,0.0,1.732083,1,15.59,0,0.0
2,2026-08-21,2026-08-21 02:00:00,2,4,0,0,0.0,0.0,0.0,1.732083,1,17.17,0,0.0
2,2026-08-21,2026-08-21 03:00:00,3,4,0,0,0.0,0.0,0.0,1.732083,1,18.61,0,0.0
2,2026-08-21,2026-08-21 04:00:00,4,4,0,0,0.0,0.0,0.0,1.732083,1,19.35,0,0.0
2,2026-08-21,2026-08-21 05:00:00,5,4,0,0,0.0,0.0,0.0,1.732083,1,19.32,0,0.0
2,2026-08-21,2026-08-21 06:00:00,6,4,0,0,0.0,0.0,0.0,1.732083,1,20.47,0,0.0
2,2026-08-21,2026-08-21 07:00:00,7,4,0,0,0.0,0.0,0.0,1.732083,1,20.38,0,0.0
2,2026-08-21,2026-08-21 08:00:00,8,4,0,0,0.0,0.0,0.0,1.732083,1,21.1,0,42.19
2,2026-08-21,2026-08-21 09:00:00,9,4,0,0,42.19,0.0,0.0,3.49,1,22.44,0,0.0
2,2026-08-21,2026-08-21 10:00:00,10,4,0,0,0.0,0.0,0.0,3.49,1,23.03,0,31.01
2,2026-08-21,2026-08-21 11:00:00,11,4,0,0,31.01,0.0,0.0,4.782083,1,21.31,0,0.0
2,2026-08-21,2026-08-21 12:00:00,12,4,0,0,0.0,0.0,0.0,4.782083,1,21.26,0,0.0
2,2026-08-21,2026-08-21 13:00:00,13,4,0,0,0.0,0.0,0.0,4.782083,1,22.49,0,0.0
2,2026-08-21,2026-08-21 14:00:00,14,4,0,0,0.0,0.0,0.0,4.782083,1,22.02,0,0.0
2,2026-08-21,2026-08-21 15:00:00,15,4,0,0,0.0,0.0,0.0,4.782083,1,20.24,1,0.0
2,2026-08-21,2026-08-21 16:00:00,16,4,0,0,0.0,0.0,0.0,4.782083,1,22.42,0,0.0
2,2026-08-21,2026-08-21 17:00:00,17,4,0,0,0.0,0.0,0.0,4.782083,1,20.76,0,0.0
2,2026-08-21,2026-08-21 18:00:00,18,4,0,0,0.0,0.0,0.0,4.782083,1,19.74,0,0.0
2,2026-08-21,2026-08-21 19:00:00,19,4,0,0,0.0,0.0,0.0,4.782083,1,17.63,0,0.0
2,2026-08-21,2026-08-21 20:00:00,20,4,0,0,0.0,0.0,0.0,4.782083,1,17.4,0,0.0
2,2026-08-21,2026-08-21 21:00:00,21,4,0,0,0.0,41.57,0.0,4.782083,1,16.8,0,0.0
2,2026-08-21,2026-08-21 22:00:00,22,4,0,0,0.0,0.0,0.0,3.05,1,15.91,1,0.0
2,2026-08-21,2026-08-21 23:00:00,23,4,0,0,0.0,0.0,0.0,3.05,1,15.85,0,0.0
2,2026-08-22,2026-08-22 00:00:00,0,5,1,0,0.0,0.0,0.0,3.05,1,15.43,0,0.0
2,2026-08-22,2026-08-22 01:00:00,1,5,1,0,0.0,0.0,0.0,3.05,1,15.1,1,0.0
2,2026-08-22,2026-08-22 02:00:00,2,5,1,0,0.0,0.0,0.0,3.05,1,17.62,0,0.0
2,2026-08-22,2026-08-22 03:00:00,3,5,1,0,0.0,0.0,0.0,3.05,1,17.27,0,0.0
2,2026-08-22,2026-08-22 04:00:00,4,5,1,0,0.0,0.0,0.0,3.05,1,18.01,0,0.0
2,2026-08-22,2026-08-22 05:00:00,5,5,1,0,0.0,0.0,0.0,3.05,1,19.94,0,0.0
2,2026-08-22,2026-08-22 06:00:00,6,5,1,0,0.0,0.0,0.0,3.05,1,20.17,0,0.0
2,2026-08-22,2026-08-22 07:00:00,7,5,1,0,0.0,0.0,0.0,3.05,1,20.02,0,0.0
2,2026-08-22,2026-08-22 08:00:00,8,5,1,0,0.0,42.19,0.0,3.05,1,20.76,1,0.0
2,2026-08-22,2026-08-22 09:00:00,9,5,1,0,0.0,0.0,0.0,1.292083,1,21.01,0,0.0
2,2026-08-22,2026-08-22 10:00:00,10,5,1,0,0.0,31.01,0.0,1.292083,1,22.02,0,0.0
2,2026-08-22,2026-08-22 11:00:00,11,5,1,0,0.0,0.0,0.0,0.0,1,22.99,0,0.0
2,2026-08-22,2026-08-22 12:00:00,12,5,1,0,0.0,0.0,32.23,0.0,1,21.75,0,0.0
2,2026-08-22,2026-08-22 13:00:00,13,5,1,0,0.0,0.0,0.0,0.0,1,22.01,1,0.0
2,2026-08-22,2026-08-22 14:00:00,14,5,1,0,0.0,0.0,0.0,0.0,1,22.01,1,0.0
2,2026-08-22,2026-08-22 15:00:00,15,5,1,0,0.0,0.0,0.0,0.0,1,22.43,1,0.0
2,2026-08-22,2026-08-22 16:00:00,16,5,1,0,0.0,0.0,0.0,0.0,1,19.72,0,0.0
2,2026-08-22,2026-08-22 17:00:00,17,5,1,0,0.0,0.0,0.0,0.0,1,21.0,0,0.0
2,2026-08-22,2026-08-22 18:00:00,18,5,1,0,0.0,0.0,0.0,0.0,1,20.28,0,0.0
2,2026-08-22,2026-08-22 19:00:00,19,5,1,0,0.0,0.0,0.0,0.0,1,19.9,0,0.0
2,2026-08-22,2026-08-22 20:00:00,20,5,1,0,0.0,0.0,0.0,0.0,1,17.26,0,0.0
2,2026-08-22,2026-08-22 21:00:00,21,5,1,0,0.0,0.0,0.0,0.0,1,18.31,0,0.0
2,2026-08-22,2026-08-22 22:00:00,22,5,1,0,0.0,0.0,0.0,0.0,1,16.74,0,0.0
2,2026-08-22,2026-08-22 23:00:00,23,5,1,0,0.0,0.0,0.0,0.0,1,15.98,0,0.0
2,2026-08-23,2026-08-23 00:00:00,0,6,1,0,0.0,0.0,0.0,0.0,1,16.31,0,0.0
2,2026-08-23,2026-08-23 01:00:00,1,6,1,0,0.0,0.0,0.0,0.0,1,17.07,0,0.0
2,2026-08-23,2026-08-23 02:00:00,2,6,1,0,0.0,0.0,0.0,0.0,1,17.37,1,0.0
2,2026-08-23,2026-08-23 03:00:00,3,6,1,0,0.0,0.0,0.0,0.0,1,18.13,0,0.0
2,2026-08-23,2026-08-23 04:00:00,4,6,1,0,0.0,0.0,0.0,0.0,1,17.35,0,0.0
2,2026-08-23,2026-08-23 05:00:00,5,6,1,0,0.0,0.0,0.0,0.0,1,18.56,0,0.0
2,2026-08-23,2026-08-23 06:00:00,6,6,1,0,0.0,0.0,0.0,0.0,1,18.82,0,0.0
2,2026-08-23,2026-08-23 07:00:00,7,6,1,0,0.0,0.0,48.7,0.0,1,21.28,0,0.0
2,2026-08-23,2026-08-23 08:00:00,8,6,1,0,0.0,0.0,0.0,0.0,1,19.82,0,52.43
2,2026-08-23,2026-08-23 09:00:00,9,6,1,0,52.43,0.0,0.0,2.184583,1,19.94,0,0.0
2,2026-08-23,2026-08-23 10:00:00,10,6,1,0,0.0,0.0,0.0,2.184583,1,22.3,0,0.0
2,2026-08-23,2026-08-23 11:00:00,11,6,1,0,0.0,0.0,0.0,2.184583,1,21.45,0,0.0
2,2026-08-23,2026-08-23 12:00:00,12,6,1,0,0.0,0.0,0.0,2.184583,1,22.59,0,0.0
2,2026-08-23,2026-08-23 13:00:00,13,6,1,0,0.0,0.0,35.33,2.184583,1,23.0,0,0.0
2,2026-08-23,2026-08-23 14:00:00,14,6,1,0,0.0,0.0,0.0,2.184583,1,22.94,1,0.0
2,2026-08-23,2026-08-23 15:00:00,15,6,1,0,0.0,0.0,0.0,2.184583,1,22.42,0,0.0
2,2026-08-23,2026-08-23 16:00:00,16,6,1,0,0.0,0.0,0.0,2.184583,1,19.59,0,0.0
2,2026-08-23,2026-08-23 17:00:00,17,6,1,0,0.0,0.0,0.0,2.184583,1,19.36,0,0.0
2,2026-08-23,2026-08-23 18:00:00,18,6,1,0,0.0,0.0,0.0,2.184583,1,18.55,0,0.0
2,2026-08-23,2026-08-23 19:00:00,19,6,1,0,0.0,0.0,0.0,2.184583,1,17.09,0,0.0
2,2026-08-23,2026-08-23 20:00:00,20,6,1,0,0.0,0.0,0.0,2.184583,1,17.17,0,0.0
2,2026-08-23,2026-08-23 21:00:00,21,6,1,0,0.0,0.0,0.0,2.184583,1,17.89,0,0.0
2,2026-08-23,2026-08-23 22:00:00,22,6,1,0,0.0,0.0,0.0,2.184583,1,17.87,0,0.0
2,2026-08-23,2026-08-23 23:00:00,23,6,1,0,0.0,0.0,0.0,2.184583,1,15.04,0,0.0
2,2026-08-24,2026-08-24 00:00:00,0,0,0,0,0.0,0.0,0.0,2.184583,1,14.63,0,0.0
2,2026-08-24,2026-08-24 01:00:00,1,0,0,0,0.0,0.0,0.0,2.184583,1,17.37,0,0.0
2,2026-08-24,2026-08-24 02:00:00,2,0,0,0,0.0,0.0,0.0,2.184583,1,17.76,0,0.0
2,2026-08-24,2026-08-24 03:00:00,3,0,0,0,0.0,0.0,0.0,2.184583,1,16.68,0,0.0
2,2026-08-24,2026-08-24 04:00:00,4,0,0,0,0.0,0.0,0.0,2.184583,1,16.87,0,0.0
2,2026-08-24,2026-08-24 05:00:00,5,0,0,0,0.0,0.0,0.0,2.184583,1,19.76,1,0.0
2,2026-08-24,2026-08-24 06:00:00,6,0,0,0,0.0,0.0,0.0,2.184583,1,18.75,0,0.0
2,2026-08-24,2026-08-24 07:00:00,7,0,0,0,0.0,0.0,0.0,2.184583,1,20.45,0,0.0
2,2026-08-24,2026-08-24 08:00:00,8,0,0,0,0.0,52.43,0.0,2.184583,1,21.42,0,0.0
2,2026-08-24,2026-08-24 09:00:00,9,0,0,0,0.0,0.0,0.0,0.0,1,20.3,0,0.0
2,2026-08-24,2026-08-24 10:00:00,10,0,0,0,0.0,0.0,0.0,0.0,1,22.31,0,0.0
2,2026-08-24,2026-08-24 11:00:00,11,0,0,0,0.0,0.0,0.0,0.0,1,22.31,0,0.0
2,2026-08-24,2026-08-24 12:00:00,12,0,0,0,0.0,0.0,20.73,0.0,1,20.61,0,0.0
2,2026-08-24,2026-08-24 13:00:00,13,0,0,0,0.0,0.0,0.0,0.0,1,22.04,0,0.0
2,2026-08-24,2026-08-24 14:00:00,14,0,0,0,0.0,0.0,0.0,0.0,1,21.69,1,0.0
2,2026-08-24,2026-08-24 15:00:00,15,0,0,0,0.0,0.0,0.0,0.0,1,22.42,0,0.0
2,2026-08-24,2026-08-24 16:00:00,16,0,0,0,0.0,0.0,0.0,0.0,1,21.65,0,0.0
2,2026-08-24,2026-08-24 17:00:00,17,0,0,0,0.0,0.0,0.0,0.0,1,20.46,0,0.0
2,2026-08-24,2026-08-24 18:00:00,18,0,0,0,0.0,0.0,0.0,0.0,1,18.23,0,0.0
2,2026-08-24,2026-08-24 19:00:00,19,0,0,0,0.0,0.0,0.0,0.0,1,16.92,0,39.28
2,2026-08-24,2026-08-24 20:00:00,20,0,0,0,39.28,0.0,0.0,1.636667,1,17.76,0,0.0
2,2026-08-24,2026-08-24 21:00:00,21,0,0,0,0.0,0.0,0.0,1.636667,1,16.41,1,0.0
2,2026-08-24,2026-08-24 22:00:00,22,0,0,0,0.0,0.0,0.0,1.636667,1,15.36,0,0.0
2,2026-08-24,2026-08-24 23:00:00,23,0,0,0,0.0,0.0,0.0,1.636667,1,16.22,0,0.0
2,2026-08-25,2026-08-25 00:00:00,0,1,0,0,0.0,0.0,0.0,1.636667,1,14.49,0,0.0
2,2026-08-25,2026-08-25 01:00:00,1,1,0,0,0.0,0.0,0.0,1.636667,1,16.24,0,0.0
2,2026-08-25,2026-08-25 02:00:00,2,1,0,0,0.0,0.0,0.0,1.636667,1,15.88,0,0.0
2,2026-08-25,2026-08-25 03:00:00,3,1,0,0,0.0,0.0,0.0,1.636667,1,15.82,0,0.0
2,2026-08-25,2026-08-25 04:00:00,4,1,0,0,0.0,0.0,0.0,1.636667,1,17.81,1,0.0
2,2026-08-25,2026-08-25 05:00:00,5,1,0,0,0.0,0.0,0.0,1.636667,1,18.27,0,0.0
2,2026-08-25,2026-08-25 06:00:00,6,1,0,0,0.0,0.0,0.0,1.636667,1,20.31,1,0.0
2,2026-08-25,2026-08-25 07:00:00,7,1,0,0,0.0,0.0,0.0,1.636667,1,18.59,0,0.0
2,2026-08-25,2026-08-25 08:00:00,8,1,0,0,0.0,0.0,0.0,1.636667,1,19.83,1,0.0
2,2026-08-25,2026-08-25 09:00:00,9,1,0,0,0.0,0.0,0.0,1.636667,1,22.31,1,0.0
2,2026-08-25,2026-08-25 10:00:00,10,1,0,0,0.0,0.0,0.0,1.636667,1,20.89,0,0.0
2,2026-08-25,2026-08-25 11:00:00,11,1,0,0,0.0,0.0,0.0,1.636667,1,20.79,0,0.0
2,2026-08-25,2026-08-25 12:00:00,12,1,0,0,0.0,0.0,0.0,1.636667,1,20.91,0,0.0
2,2026-08-25,2026-08-25 13:00:00,13,1,0,0,0.0,0.0,12.75,1.636667,1,22.52,0,28.6
2,2026-08-25,2026-08-25 14:00:00,14,1,0,0,28.6,0.0,0.0,2.828333,1,22.89,0,0.0
2,2026-08-25,2026-08-25 15:00:00,15,1,0,0,0.0,0.0,0.0,2.828333,1,21.74,0,0.0
2,2026-08-25,2026-08-25 16:00:00,16,1,0,0,0.0,0.0,0.0,2.828333,1,19.88,0,42.42
2,2026-08-25,2026-08-25 17:00:00,17,1,0,0,42.42,0.0,0.0,4.595833,1,20.8,0,0.0
2,2026-08-25,2026-08-25 18:00:00,18,1,0,0,0.0,0.0,54.48,4.595833,1,18.0,0,0.0
2,2026-08-25,2026-08-25 19:00:00,19,1,0,0,0.0,39.28,0.0,4.595833,1,19.07,0,0.0
2,2026-08-25,2026-08-25 20:00:00,20,1,0,0,0.0,0.0,0.0,2.959167,1,16.99,0,0.0
2,2026-08-25,2026-08-25 21:00:00,21,1,0,0,0.0,0.0,0.0,2.959167,1,15.47,1,0.0
2,2026-08-25,2026-08-25 22:00:00,22,1,0,0,0.0,0.0,0.0,2.959167,1,16.66,1,0.0
2,2026-08-25,2026-08-25 23:00:00,23,1,0,0,0.0,0.0,0.0,2.959167,1,14.64,0,0.0
2,2026-08-26,2026-08-26 00:00:00,0,2,0,0,0.0,0.0,0.0,2.959167,1,16.14,0,0.0
2,2026-08-26,2026-08-26 01:00:00,1,2,0,0,0.0,0.0,0.0,2.959167,1,17.11,0,0.0
2,2026-08-26,2026-08-26 02:00:00,2,2,0,0,0.0,0.0,0.0,2.959167,1,17.37,0,0.0
2,2026-08-26,2026-08-26 03:00:00,3,2,0,0,0.0,0.0,0.0,2.959167,1,16.05,0,0.0
2,2026-08-26,2026-08-26 04:00:00,4,2,0,0,0.0,0.0,0.0,2.959167,1,17.71,0,0.0
2,2026-08-26,2026-08-26 05:00:00,5,2,0,0,0.0,0.0,0.0,2.959167,1,18.07,0,0.0
2,2026-08-26,2026-08-26 06:00:00,6,2,0,0,0.0,0.0,0.0,2.959167,1,17.66,0,0.0
2,2026-08-26,2026-08-26 07:00:00,7,2,0,0,0.0,0.0,0.0,2.959167,1,19.12,1,0.0
2,2026-08-26,2026-08-26 08:00:00,8,2,0,0,0.0,0.0,0.0,2.959167,1,20.46,0,0.0
2,2026-08-26,2026-08-26 09:00:00,9,2,0,0,0.0,0.0,0.0,2.959167,1,21.13,0,0.0
2,2026-08-26,2026-08-26 10:00:00,10,2,0,0,0.0,0.0,0.0,2.959167,1,21.32,0,0.0
2,2026-08-26,2026-08-26 11:00:00,11,2,0,0,0.0,0.0,0.0,2.959167,1,22.5,0,0.0
2,2026-08-26,2026-08-26 12:00:00,12,2,0,0,0.0,0.0,0.0,2.959167,1,20.79,0,0.0
2,2026-08-26,2026-08-26 13:00:00,13,2,0,0,0.0,28.6,35.11,2.959167,1,23.12,0,0.0
2,2026-08-26,2026-08-26 14:00:00,14,2,0,0,0.0,0.0,0.0,1.7675,1,20.04,0,0.0
2,2026-08-26,2026-08-26 15:00:00,15,2,0,0,0.0,0.0,0.0,1.7675,1,20.66,0,0.0
2,2026-08-26,2026-08-26 16:00:00,16,2,0,0,0.0,42.42,0.0,1.7675,1,20.09,1,0.0
2,2026-08-26,2026-08-26 17:00:00,17,2,0,0,0.0,0.0,0.0,0.0,1,20.18,0,0.0
2,2026-08-26,2026-08-26 18:00:00,18,2,0,0,0.0,0.0,0.0,0.0,1,17.44,0,0.0
2,2026-08-26,2026-08-26 19:00:00,19,2,0,0,0.0,0.0,0.0,0.0,1,19.45,0,0.0
2,2026-08-26,2026-08-26 20:00:00,20,2,0,0,0.0,0.0,0.0,0.0,1,17.83,0,0.0
2,2026-08-26,2026-08-26 21:00:00,21,2,0,0,0.0,0.0,0.0,0.0,1,18.09,1,0.0
2,2026-08-26,2026-08-26 22:00:00,22,2,0,0,0.0,0.0,0.0,0.0,1,17.05,0,0.0
2,2026-08-26,2026-08-26 23:00:00,23,2,0,0,0.0,0.0,0.0,0.0,1,14.85,0,0.0
2,2026-08-27,2026-08-27 00:00:00,0,3,0,0,0.0,0.0,0.0,0.0,1,14.28,1,0.0
2,2026-08-27,2026-08-27 01:00:00,1,3,0,0,0.0,0.0,0.0,0.0,1,17.14,0,0.0
2,2026-08-27,2026-08-27 02:00:00,2,3,0,0,0.0,0.0,0.0,0.0,1,15.51,0,0.0
2,2026-08-27,2026-08-27 03:00:00,3,3,0,0,0.0,0.0,0.0,0.0,1,17.97,0,0.0
2,2026-08-27,2026-08-27 04:00:00,4,3,0,0,0.0,0.0,0.0,0.0,1,16.87,0,0.0
2,2026-08-27,2026-08-27 05:00:00,5,3,0,0,0.0,0.0,0.0,0.0,1,18.93,0,0.0
2,2026-08-27,2026-08-27 06:00:00,6,3,0,0,0.0,0.0,0.0,0.0,1,18.47,1,0.0
2,2026-08-27,2026-08-27 07:00:00,7,3,0,0,0.0,0.0,0.0,0.0,1,19.46,1,0.0
2,2026-08-27,2026-08-27 08:00:00,8,3,0,0,0.0,0.0,0.0,0.0,1,19.69,0,0.0
2,2026-08-27,2026-08-27 09:00:00,9,3,0,0,0.0,0.0,0.0,0.0,1,19.67,0,0.0
2,2026-08-27,2026-08-27 10:00:00,10,3,0,0,0.0,0.0,0.0,0.0,1,21.48,0,0.0
2,2026-08-27,2026-08-27 11:00:00,11,3,0,0,0.0,0.0,0.0,0.0,1,20.4,0,0.0
2,2026-08-27,2026-08-27 12:00:00,12,3,0,0,0.0,0.0,0.0,0.0,1,21.36,0,0.0
2,2026-08-27,2026-08-27 13:00:00,13,3,0,0,0.0,0.0,0.0,0.0,1,20.57,0,51.86
2,2026-08-27,2026-08-27 14:00:00,14,3,0,0,51.86,0.0,0.0,2.160833,1,21.81,1,0.0
2,2026-08-27,2026-08-27 15:00:00,15,3,0,0,0.0,0.0,0.0,2.160833,1,20.51,0,0.0
2,2026-08-27,2026-08-27 16:00:00,16,3,0,0,0.0,0.0,0.0,2.160833,1,18.99,0,0.0
2,2026-08-27,2026-08-27 17:00:00,17,3,0,0,0.0,0.0,0.0,2.160833,1,19.54,0,0.0
2,2026-08-27,2026-08-27 18:00:00,18,3,0,0,0.0,0.0,0.0,2.160833,1,17.72,0,0.0
2,2026-08-27,2026-08-27 19:00:00,19,3,0,0,0.0,0.0,0.0,2.160833,1,18.07,1,0.0
2,2026-08-27,2026-08-27 20:00:00,20,3,0,0,0.0,0.0,0.0,2.160833,1,17.67,0,0.0
2,2026-08-27,2026-08-27 21:00:00,21,3,0,0,0.0,0.0,41.57,2.160833,1,16.18,0,0.0
2,2026-08-27,2026-08-27 22:00:00,22,3,0,0,0.0,0.0,0.0,2.160833,1,15.78,0,0.0
2,2026-08-27,2026-08-27 23:00:00,23,3,0,0,0.0,0.0,0.0,2.160833,1,14.48,0,0.0
2,2026-08-28,2026-08-28 00:00:00,0,4,0,0,0.0,0.0,0.0,2.160833,1,14.54,1,0.0
2,2026-08-28,2026-08-28 01:00:00,1,4,0,0,0.0,0.0,0.0,2.160833,1,16.5,0,0.0
2,2026-08-28,2026-08-28 02:00:00,2,4,0,0,0.0,0.0,0.0,2.160833,1,15.53,0,0.0
2,2026-08-28,2026-08-28 03:00:00,3,4,0,0,0.0,0.0,0.0,2.160833,1,16.1,0,0.0
2,2026-08-28,2026-08-28 04:00:00,4,4,0,0,0.0,0.0,0.0,2.160833,1,15.93,0,0.0
2,2026-08-28,2026-08-28 05:00:00,5,4,0,0,0.0,0.0,0.0,2.160833,1,18.67,0,0.0
2,2026-08-28,2026-08-28 06:00:00,6,4,0,0,0.0,0.0,0.0,2.160833,1,18.11,0,0.0
2,2026-08-28,2026-08-28 07:00:00,7,4,0,0,0.0,0.0,0.0,2.160833,1,20.31,0,0.0
2,2026-08-28,2026-08-28 08:00:00,8,4,0,0,0.0,0.0,42.19,2.160833,1,20.23,1,34.16
2,2026-08-28,2026-08-28 09:00:00,9,4,0,0,34.16,0.0,0.0,3.584167,1,20.91,0,0.0
2,2026-08-28,2026-08-28 10:00:00,10,4,0,0,0.0,0.0,31.01,3.584167,1,19.67,0,0.0
2,2026-08-28,2026-08-28 11:00:00,11,4,0,0,0.0,0.0,0.0,3.584167,1,21.01,0,0.0
2,2026-08-28,2026-08-28 12:00:00,12,4,0,0,0.0,0.0,0.0,3.584167,1,22.86,0,0.0
2,2026-08-28,2026-08-28 13:00:00,13,4,0,0,0.0,51.86,0.0,3.584167,1,20.64,0,0.0
2,2026-08-28,2026-08-28 14:00:00,14,4,0,0,0.0,0.0,0.0,1.423333,1,20.31,0,0.0
2,2026-08-28,2026-08-28 15:00:00,15,4,0,0,0.0,0.0,0.0,1.423333,1,19.85,1,0.0
2,2026-08-28,2026-08-28 16:00:00,16,4,0,0,0.0,0.0,0.0,1.423333,1,21.02,0,0.0
2,2026-08-28,2026-08-28 17:00:00,17,4,0,0,0.0,0.0,0.0,1.423333,1,18.9,0,0.0
2,2026-08-28,2026-08-28 18:00:00,18,4,0,0,0.0,0.0,0.0,1.423333,1,17.27,0,0.0
2,2026-08-28,2026-08-28 19:00:00,19,4,0,0,0.0,0.0,0.0,1.423333,1,17.52,0,0.0
2,2026-08-28,2026-08-28 20:00:00,20,4,0,0,0.0,0.0,0.0,1.423333,1,16.87,0,0.0
2,2026-08-28,2026-08-28 21:00:00,21,4,0,0,0.0,0.0,0.0,1.423333,1,15.76,0,0.0
2,2026-08-28,2026-08-28 22:00:00,22,4,0,0,0.0,0.0,0.0,1.423333,1,14.54,0,0.0
2,2026-08-28,2026-08-28 23:00:00,23,4,0,0,0.0,0.0,0.0,1.423333,1,16.27,0,0.0
2,2026-08-29,2026-08-29 00:00:00,0,5,1,0,0.0,0.0,0.0,1.423333,1,14.77,0,0.0
2,2026-08-29,2026-08-29 01:00:00,1,5,1,0,0.0,0.0,0.0,1.423333,1,14.95,0,0.0
2,2026-08-29,2026-08-29 02:00:00,2,5,1,0,0.0,0.0,0.0,1.423333,1,16.18,0,0.0
2,2026-08-29,2026-08-29 03:00:00,3,5,1,0,0.0,0.0,0.0,1.423333,1,15.62,0,0.0
2,2026-08-29,2026-08-29 04:00:00,4,5,1,0,0.0,0.0,0.0,1.423333,1,16.48,0,0.0
2,2026-08-29,2026-08-29 05:00:00,5,5,1,0,0.0,0.0,0.0,1.423333,1,18.0,0,0.0
2,2026-08-29,2026-08-29 06:00:00,6,5,1,0,0.0,0.0,0.0,1.423333,1,19.14,0,0.0
2,2026-08-29,2026-08-29 07:00:00,7,5,1,0,0.0,0.0,0.0,1.423333,1,17.74,1,0.0
2,2026-08-29,2026-08-29 08:00:00,8,5,1,0,0.0,34.16,0.0,1.423333,1,21.17,0,0.0
2,2026-08-29,2026-08-29 09:00:00,9,5,1,0,0.0,0.0,0.0,0.0,1,20.63,0,0.0
2,2026-08-29,2026-08-29 10:00:00,10,5,1,0,0.0,0.0,0.0,0.0,1,20.94,0,0.0
2,2026-08-29,2026-08-29 11:00:00,11,5,1,0,0.0,0.0,0.0,0.0,1,21.38,0,0.0
2,2026-08-29,2026-08-29 12:00:00,12,5,1,0,0.0,0.0,0.0,0.0,1,22.66,0,0.0
2,2026-08-29,2026-08-29 13:00:00,13,5,1,0,0.0,0.0,0.0,0.0,1,20.71,0,0.0
2,2026-08-29,2026-08-29 14:00:00,14,5,1,0,0.0,0.0,0.0,0.0,1,21.8,0,0.0
2,2026-08-29,2026-08-29 15:00:00,15,5,1,0,0.0,0.0,0.0,0.0,1,19.95,0,0.0
2,2026-08-29,2026-08-29 16:00:00,16,5,1,0,0.0,0.0,0.0,0.0,1,20.72,0,0.0
2,2026-08-29,2026-08-29 17:00:00,17,5,1,0,0.0,0.0,0.0,0.0,1,18.52,1,0.0
2,2026-08-29,2026-08-29 18:00:00,18,5,1,0,0.0,0.0,0.0,0.0,1,17.69,0,0.0
2,2026-08-29,2026-08-29 19:00:00,19,5,1,0,0.0,0.0,0.0,0.0,1,18.32,1,11.92
3,2026-08-13,2026-08-13 19:00:00,19,3,0,0,0.0,0.0,44.75,0.0,2,20.37,0,0.0
3,2026-08-13,2026-08-13 20:00:00,20,3,0,0,0.0,0.0,0.0,0.0,2,20.17,0,0.0
3,2026-08-13,2026-08-13 21:00:00,21,3,0,0,0.0,0.0,0.0,0.0,2,17.53,0,0.0
3,2026-08-13,2026-08-13 22:00:00,22,3,0,0,0.0,0.0,0.0,0.0,2,17.0,0,0.0
3,2026-08-13,2026-08-13 23:00:00,23,3,0,0,0.0,0.0,0.0,0.0,2,17.36,1,0.0
3,2026-08-14,2026-08-14 00:00:00,0,4,0,0,0.0,0.0,0.0,0.0,2,17.73,0,0.0
3,2026-08-14,2026-08-14 01:00:00,1,4,0,0,0.0,0.0,0.0,0.0,2,16.55,0,0.0
3,2026-08-14,2026-08-14 02:00:00,2,4,0,0,0.0,0.0,0.0,0.0,2,18.06,0,0.0
3,2026-08-14,2026-08-14 03:00:00,3,4,0,0,0.0,0.0,0.0,0.0,2,19.14,0,0.0
3,2026-08-14,2026-08-14 04:00:00,4,4,0,0,0.0,0.0,0.0,0.0,2,19.09,0,0.0
3,2026-08-14,2026-08-14 05:00:00,5,4,0,0,0.0,0.0,0.0,0.0,2,20.5,1,0.0
3,2026-08-14,2026-08-14 06:00:00,6,4,0,0,0.0,0.0,0.0,0.0,2,20.3,0,0.0
3,2026-08-14,2026-08-14 07:00:00,7,4,0,0,0.0,0.0,0.0,0.0,2,21.86,0,0.0
3,2026-08-14,2026-08-14 08:00:00,8,4,0,0,0.0,0.0,0.0,0.0,2,20.51,0,0.0
3,2026-08-14,2026-08-14 09:00:00,9,4,0,0,0.0,0.0,0.0,0.0,2,24.07,0,0.0
3,2026-08-14,2026-08-14 10:00:00,10,4,0,0,0.0,0.0,22.0,0.0,2,22.43,0,0.0
3,2026-08-14,2026-08-14 11:00:00,11,4,0,0,0.0,0.0,0.0,0.0,2,23.82,0,0.0
3,2026-08-14,2026-08-14 12:00:00,12,4,0,0,0.0,0.0,0.0,0.0,2,22.43,0,0.0
3,2026-08-14,2026-08-14 13:00:00,13,4,0,0,0.0,0.0,0.0,0.0,2,23.5,0,0.0
3,2026-08-14,2026-08-14 14:00:00,14,4,0,0,0.0,0.0,0.0,0.0,2,24.58,0,0.0
3,2026-08-14,2026-08-14 15:00:00,15,4,0,0,0.0,0.0,0.0,0.0,2,21.54,0,0.0
3,2026-08-14,2026-08-14 16:00:00,16,4,0,0,0.0,0.0,0.0,0.0,2,22.09,1,0.0
3,2026-08-14,2026-08-14 17:00:00,17,4,0,0,0.0,0.0,0.0,0.0,2,20.8,0,0.0
3,2026-08-14,2026-08-14 18:00:00,18,4,0,0,0.0,0.0,0.0,0.0,2,19.29,1,0.0
3,2026-08-14,2026-08-14 19:00:00,19,4,0,0,0.0,0.0,0.0,0.0,2,20.51,0,0.0
3,2026-08-14,2026-08-14 20:00:00,20,4,0,0,0.0,0.0,0.0,0.0,2,20.38,0,0.0
3,2026-08-14,2026-08-14 21:00:00,21,4,0,0,0.0,0.0,0.0,0.0,2,18.72,1,0.0
3,2026-08-14,2026-08-14 22:00:00,22,4,0,0,0.0,0.0,0.0,0.0,2,17.66,0,0.0
3,2026-08-14,2026-08-14 23:00:00,23,4,0,0,0.0,0.0,0.0,0.0,2,17.9,0,0.0
3,2026-08-15,2026-08-15 00:00:00,0,5,1,0,0.0,0.0,0.0,0.0,2,15.95,0,0.0
3,2026-08-15,2026-08-15 01:00:00,1,5,1,0,0.0,0.0,0.0,0.0,2,16.26,0,0.0
3,2026-08-15,2026-08-15 02:00:00,2,5,1,0,0.0,0.0,0.0,0.0,2,18.94,0,0.0
3,2026-08-15,2026-08-15 03:00:00,3,5,1,0,0.0,0.0,0.0,0.0,2,17.25,0,0.0
3,2026-08-15,2026-08-15 04:00:00,4,5,1,0,0.0,0.0,0.0,0.0,2,20.16,1,0.0
3,2026-08-15,2026-08-15 05:00:00,5,5,1,0,0.0,0.0,0.0,0.0,2,18.66,0,0.0
3,2026-08-15,2026-08-15 06:00:00,6,5,1,0,0.0,0.0,0.0,0.0,2,20.36,0,0.0
3,2026-08-15,2026-08-15 07:00:00,7,5,1,0,0.0,0.0,0.0,0.0,2,20.01,0,0.0
3,2026-08-15,2026-08-15 08:00:00,8,5,1,0,0.0,0.0,0.0,0.0,2,22.97,1,0.0
3,2026-08-15,2026-08-15 09:00:00,9,5,1,0,0.0,0.0,0.0,0.0,2,21.88,1,0.0
3,2026-08-15,2026-08-15 10:00:00,10,5,1,0,0.0,0.0,0.0,0.0,2,21.55,0,0.0
3,2026-08-15,2026-08-15 11:00:00,11,5,1,0,0.0,0.0,0.0,0.0,2,23.86,0,0.0
3,2026-08-15,2026-08-15 12:00:00,12,5,1,0,0.0,0.0,0.0,0.0,2,22.4,0,0.0
3,2026-08-15,2026-08-15 13:00:00,13,5,1,0,0.0,0.0,51.36,0.0,2,23.31,1,0.0
3,2026-08-15,2026-08-15 14:00:00,14,5,1,0,0.0,0.0,0.0,0.0,2,23.55,0,35.87
3,2026-08-15,2026-08-15 15:00:00,15,5,1,0,35.87,0.0,0.0,1.494583,2,21.44,0,0.0
3,2026-08-15,2026-08-15 16:00:00,16,5,1,0,0.0,0.0,0.0,1.494583,2,22.93,0,0.0
3,2026-08-15,2026-08-15 17:00:00,17,5,1,0,0.0,0.0,0.0,1.494583,2,22.4,0,0.0
3,2026-08-15,2026-08-15 18:00:00,18,5,1,0,0.0,0.0,0.0,1.494583,2,21.75,0,0.0
3,2026-08-15,2026-08-15 19:00:00,19,5,1,0,0.0,0.0,0.0,1.494583,2,18.46,0,0.0
3,2026-08-15,2026-08-15 20:00:00,20,5,1,0,0.0,0.0,0.0,1.494583,2,18.14,0,0.0
3,2026-08-15,2026-08-15 21:00:00,21,5,1,0,0.0,0.0,0.0,1.494583,2,16.98,0,0.0
3,2026-08-15,2026-08-15 22:00:00,22,5,1,0,0.0,0.0,0.0,1.494583,2,19.12,0,0.0
3,2026-08-15,2026-08-15 23:00:00,23,5,1,0,0.0,0.0,0.0,1.494583,2,16.25,0,0.0
3,2026-08-16,2026-08-16 00:00:00,0,6,1,0,0.0,0.0,0.0,1.494583,2,17.88,0,0.0
3,2026-08-16,2026-08-16 01:00:00,1,6,1,0,0.0,0.0,0.0,1.494583,2,15.9,1,0.0
3,2026-08-16,2026-08-16 02:00:00,2,6,1,0,0.0,0.0,0.0,1.494583,2,18.8,0,0.0
3,2026-08-16,2026-08-16 03:00:00,3,6,1,0,0.0,0.0,0.0,1.494583,2,18.44,0,0.0
3,2026-08-16,2026-08-16 04:00:00,4,6,1,0,0.0,0.0,0.0,1.494583,2,19.19,0,0.0
3,2026-08-16,2026-08-16 05:00:00,5,6,1,0,0.0,0.0,0.0,1.494583,2,18.32,1,0.0
3,2026-08-16,2026-08-16 06:00:00,6,6,1,0,0.0,0.0,0.0,1.494583,2,19.73,0,0.0
3,2026-08-16,2026-08-16 07:00:00,7,6,1,0,0.0,0.0,0.0,1.494583,2,20.94,0,0.0
3,2026-08-16,2026-08-16 08:00:00,8,6,1,0,0.0,0.0,0.0,1.494583,2,21.05,0,0.0
3,2026-08-16,2026-08-16 09:00:00,9,6,1,0,0.0,0.0,0.0,1.494583,2,21.6,0,0.0
3,2026-08-16,2026-08-16 10:00:00,10,6,1,0,0.0,0.0,0.0,1.494583,2,21.37,0,0.0
3,2026-08-16,2026-08-16 11:00:00,11,6,1,0,0.0,0.0,0.0,1.494583,2,24.28,0,0.0
3,2026-08-16,2026-08-16 12:00:00,12,6,1,0,0.0,0.0,0.0,1.494583,2,24.04,0,0.0
3,2026-08-16,2026-08-16 13:00:00,13,6,1,0,0.0,0.0,57.06,1.494583,2,24.16,0,0.0
3,2026-08-16,2026-08-16 14:00:00,14,6,1,0,0.0,35.87,0.0,1.494583,2,22.65,0,0.0
3,2026-08-16,2026-08-16 15:00:00,15,6,1,0,0.0,0.0,0.0,0.0,2,22.82,0,0.0
3,2026-08-16,2026-08-16 16:00:00,16,6,1,0,0.0,0.0,0.0,0.0,2,22.02,0,0.0
3,2026-08-16,2026-08-16 17:00:00,17,6,1,0,0.0,0.0,0.0,0.0,2,21.6,1,56.39
3,2026-08-16,2026-08-16 18:00:00,18,6,1,0,56.39,0.0,0.0,2.349583,2,19.93,0,0.0
3,2026-08-16,2026-08-16 19:00:00,19,6,1,0,0.0,0.0,0.0,2.349583,2,19.13,0,0.0
3,2026-08-16,2026-08-16 20:00:00,20,6,1,0,0.0,0.0,0.0,2.349583,2,20.0,0,0.0
3,2026-08-16,2026-08-16 21:00:00,21,6,1,0,0.0,0.0,0.0,2.349583,2,16.69,0,0.0
3,2026-08-16,2026-08-16 22:00:00,22,6,1,0,0.0,0.0,0.0,2.349583,2,17.76,0,0.0
3,2026-08-16,2026-08-16 23:00:00,23,6,1,0,0.0,0.0,0.0,2.349583,2,16.22,0,0.0
3,2026-08-17,2026-08-17 00:00:00,0,0,0,0,0.0,0.0,0.0,2.349583,2,16.05,0,0.0
3,2026-08-17,2026-08-17 01:00:00,1,0,0,0,0.0,0.0,0.0,2.349583,2,17.73,0,0.0
3,2026-08-17,2026-08-17 02:00:00,2,0,0,0,0.0,0.0,0.0,2.349583,2,17.47,0,0.0
3,2026-08-17,2026-08-17 03:00:00,3,0,0,0,0.0,0.0,0.0,2.349583,2,18.37,0,0.0
3,2026-08-17,2026-08-17 04:00:00,4,0,0,0,0.0,0.0,0.0,2.349583,2,19.85,0,0.0
3,2026-08-17,2026-08-17 05:00:00,5,0,0,0,0.0,0.0,0.0,2.349583,2,19.51,0,0.0
3,2026-08-17,2026-08-17 06:00:00,6,0,0,0,0.0,0.0,0.0,2.349583,2,20.28,0,0.0
3,2026-08-17,2026-08-17 07:00:00,7,0,0,0,0.0,0.0,0.0,2.349583,2,21.27,0,0.0
3,2026-08-17,2026-08-17 08:00:00,8,0,0,0,0.0,0.0,0.0,2.349583,2,20.63,0,43.32
3,2026-08-17,2026-08-17 09:00:00,9,0,0,0,43.32,0.0,16.44,4.154583,2,21.39,0,0.0
3,2026-08-17,2026-08-17 10:00:00,10,0,0,0,0.0,0.0,0.0,4.154583,2,23.34,0,0.0
3,2026-08-17,2026-08-17 11:00:00,11,0,0,0,0.0,0.0,0.0,4.154583,2,22.28,0,0.0
3,2026-08-17,2026-08-17 12:00:00,12,0,0,0,0.0,0.0,0.0,4.154583,2,21.57,1,0.0
3,2026-08-17,2026-08-17 13:00:00,13,0,0,0,0.0,0.0,0.0,4.154583,2,23.93,0,0.0
3,2026-08-17,2026-08-17 14:00:00,14,0,0,0,0.0,0.0,0.0,4.154583,2,22.77,0,0.0
3,2026-08-17,2026-08-17 15:00:00,15,0,0,0,0.0,0.0,0.0,4.154583,2,20.72,1,0.0
3,2026-08-17,2026-08-17 16:00:00,16,0,0,0,0.0,0.0,0.0,4.154583,2,22.96,1,0.0
3,2026-08-17,2026-08-17 17:00:00,17,0,0,0,0.0,56.39,0.0,4.154583,2,20.84,0,0.0
3,2026-08-17,2026-08-17 18:00:00,18,0,0,0,0.0,0.0,0.0,1.805,2,20.24,0,0.0
3,2026-08-17,2026-08-17 19:00:00,19,0,0,0,0.0,0.0,0.0,1.805,2,17.89,0,0.0
3,2026-08-17,2026-08-17 20:00:00,20,0,0,0,0.0,0.0,0.0,1.805,2,17.35,1,0.0
3,2026-08-17,2026-08-17 21:00:00,21,0,0,0,0.0,0.0,0.0,1.805,2,17.77,0,0.0
3,2026-08-17,2026-08-17 22:00:00,22,0,0,0,0.0,0.0,0.0,1.805,2,16.71,0,0.0
3,2026-08-17,2026-08-17 23:00:00,23,0,0,0,0.0,0.0,0.0,1.805,2,18.13,0,0.0
3,2026-08-18,2026-08-18 00:00:00,0,1,0,0,0.0,0.0,0.0,1.805,2,16.7,1,0.0
3,2026-08-18,2026-08-18 01:00:00,1,1,0,0,0.0,0.0,0.0,1.805,2,17.1,0,0.0
3,2026-08-18,2026-08-18 02:00:00,2,1,0,0,0.0,0.0,0.0,1.805,2,18.0,0,0.0
3,2026-08-18,2026-08-18 03:00:00,3,1,0,0,0.0,0.0,0.0,1.805,2,18.35,0,0.0
3,2026-08-18,2026-08-18 04:00:00,4,1,0,0,0.0,0.0,0.0,1.805,2,18.38,0,0.0
3,2026-08-18,2026-08-18 05:00:00,5,1,0,0,0.0,0.0,0.0,1.805,2,18.99,0,0.0
3,2026-08-18,2026-08-18 06:00:00,6,1,0,0,0.0,0.0,0.0,1.805,2,18.52,0,0.0
3,2026-08-18,2026-08-18 07:00:00,7,1,0,0,0.0,0.0,0.0,1.805,2,21.03,0,0.0
3,2026-08-18,2026-08-18 08:00:00,8,1,0,0,0.0,43.32,28.72,1.805,2,22.83,0,0.0
3,2026-08-18,2026-08-18 09:00:00,9,1,0,0,0.0,0.0,0.0,0.0,2,22.17,0,0.0
3,2026-08-18,2026-08-18 10:00:00,10,1,0,0,0.0,0.0,0.0,0.0,2,23.5,0,0.0
3,2026-08-18,2026-08-18 11:00:00,11,1,0,0,0.0,0.0,0.0,0.0,2,21.55,0,0.0
3,2026-08-18,2026-08-18 12:00:00,12,1,0,0,0.0,0.0,0.0,0.0,2,23.77,1,0.0
3,2026-08-18,2026-08-18 13:00:00,13,1,0,0,0.0,0.0,0.0,0.0,2,21.59,0,0.0
3,2026-08-18,2026-08-18 14:00:00,14,1,0,0,0.0,0.0,0.0,0.0,2,22.41,0,0.0
3,2026-08-18,2026-08-18 15:00:00,15,1,0,0,0.0,0.0,0.0,0.0,2,21.81,0,0.0
3,2026-08-18,2026-08-18 16:00:00,16,1,0,0,0.0,0.0,0.0,0.0,2,22.01,0,0.0
3,2026-08-18,2026-08-18 17:00:00,17,1,0,0,0.0,0.0,0.0,0.0,2,20.43,0,0.0
3,2026-08-18,2026-08-18 18:00:00,18,1,0,0,0.0,0.0,0.0,0.0,2,19.88,0,0.0
3,2026-08-18,2026-08-18 19:00:00,19,1,0,0,0.0,0.0,0.0,0.0,2,19.87,0,0.0
3,2026-08-18,2026-08-18 20:00:00,20,1,0,0,0.0,0.0,0.0,0.0,2,19.11,0,0.0
3,2026-08-18,2026-08-18 21:00:00,21,1,0,0,0.0,0.0,0.0,0.0,2,16.35,0,0.0
3,2026-08-18,2026-08-18 22:00:00,22,1,0,0,0.0,0.0,0.0,0.0,2,16.19,0,0.0
3,2026-08-18,2026-08-18 23:00:00,23,1,0,0,0.0,0.0,0.0,0.0,2,17.51,0,0.0
3,2026-08-19,2026-08-19 00:00:00,0,2,0,0,0.0,0.0,0.0,0.0,2,18.01,0,0.0
3,2026-08-19,2026-08-19 01:00:00,1,2,0,0,0.0,0.0,0.0,0.0,2,17.52,0,0.0
3,2026-08-19,2026-08-19 02:00:00,2,2,0,0,0.0,0.0,0.0,0.0,2,17.46,1,0.0
3,2026-08-19,2026-08-19 03:00:00,3,2,0,0,0.0,0.0,0.0,0.0,2,17.95,1,0.0
3,2026-08-19,2026-08-19 04:00:00,4,2,0,0,0.0,0.0,0.0,0.0,2,19.56,1,0.0
3,2026-08-19,2026-08-19 05:00:00,5,2,0,0,0.0,0.0,0.0,0.0,2,19.92,0,0.0
3,2026-08-19,2026-08-19 06:00:00,6,2,0,0,0.0,0.0,0.0,0.0,2,20.24,0,0.0
3,2026-08-19,2026-08-19 07:00:00,7,2,0,0,0.0,0.0,0.0,0.0,2,20.77,0,0.0
3,2026-08-19,2026-08-19 08:00:00,8,2,0,0,0.0,0.0,0.0,0.0,2,20.63,0,0.0
3,2026-08-19,2026-08-19 09:00:00,9,2,0,0,0.0,0.0,0.0,0.0,2,20.68,1,0.0
3,2026-08-19,2026-08-19 10:00:00,10,2,0,0,0.0,0.0,0.0,0.0,2,22.68,1,0.0
3,2026-08-19,2026-08-19 11:00:00,11,2,0,0,0.0,0.0,0.0,0.0,2,22.98,0,0.0
3,2026-08-19,2026-08-19 12:00:00,12,2,0,0,0.0,0.0,0.0,0.0,2,23.51,0,0.0
3,2026-08-19,2026-08-19 13:00:00,13,2,0,0,0.0,0.0,0.0,0.0,2,21.69,1,0.0
3,2026-08-19,2026-08-19 14:00:00,14,2,0,0,0.0,0.0,19.49,0.0,2,21.83,0,0.0
3,2026-08-19,2026-08-19 15:00:00,15,2,0,0,0.0,0.0,0.0,0.0,2,21.25,0,0.0
3,2026-08-19,2026-08-19 16:00:00,16,2,0,0,0.0,0.0,0.0,0.0,2,22.26,0,0.0
3,2026-08-19,2026-08-19 17:00:00,17,2,0,0,0.0,0.0,0.0,0.0,2,21.97,0,0.0
3,2026-08-19,2026-08-19 18:00:00,18,2,0,0,0.0,0.0,0.0,0.0,2,21.06,0,0.0
3,2026-08-19,2026-08-19 19:00:00,19,2,0,0,0.0,0.0,0.0,0.0,2,18.15,0,0.0
3,2026-08-19,2026-08-19 20:00:00,20,2,0,0,0.0,0.0,0.0,0.0,2,18.52,0,29.18
3,2026-08-19,2026-08-19 21:00:00,21,2,0,0,29.18,0.0,0.0,1.215833,2,17.16,0,0.0
3,2026-08-19,2026-08-19 22:00:00,22,2,0,0,0.0,0.0,0.0,1.215833,2,16.65,0,0.0
3,2026-08-19,2026-08-19 23:00:00,23,2,0,0,0.0,0.0,0.0,1.215833,2,17.48,1,0.0
3,2026-08-20,2026-08-20 00:00:00,0,3,0,0,0.0,0.0,0.0,1.215833,2,15.25,1,0.0
3,2026-08-20,2026-08-20 01:00:00,1,3,0,0,0.0,0.0,0.0,1.215833,2,15.41,0,0.0
3,2026-08-20,2026-08-20 02:00:00,2,3,0,0,0.0,0.0,0.0,1.215833,2,16.38,0,0.0
3,2026-08-20,2026-08-20 03:00:00,3,3,0,0,0.0,0.0,0.0,1.215833,2,16.34,0,0.0
3,2026-08-20,2026-08-20 04:00:00,4,3,0,0,0.0,0.0,0.0,1.215833,2,19.17,0,0.0
3,2026-08-20,2026-08-20 05:00:00,5,3,0,0,0.0,0.0,0.0,1.215833,2,18.49,0,0.0
3,2026-08-20,2026-08-20 06:00:00,6,3,0,0,0.0,0.0,0.0,1.215833,2,19.71,0,0.0
3,2026-08-20,2026-08-20 07:00:00,7,3,0,0,0.0,0.0,0.0,1.215833,2,21.59,0,23.32
3,2026-08-20,2026-08-20 08:00:00,8,3,0,0,23.32,0.0,0.0,2.1875,2,20.31,0,0.0
3,2026-08-20,2026-08-20 09:00:00,9,3,0,0,0.0,0.0,0.0,2.1875,2,21.03,0,0.0
3,2026-08-20,2026-08-20 10:00:00,10,3,0,0,0.0,0.0,0.0,2.1875,2,21.62,0,0.0
3,2026-08-20,2026-08-20 11:00:00,11,3,0,0,0.0,0.0,0.0,2.1875,2,22.9,0,0.0
3,2026-08-20,2026-08-20 12:00:00,12,3,0,0,0.0,0.0,0.0,2.1875,2,21.22,1,0.0
3,2026-08-20,2026-08-20 13:00:00,13,3,0,0,0.0,0.0,0.0,2.1875,2,21.88,0,0.0
3,2026-08-20,2026-08-20 14:00:00,14,3,0,0,0.0,0.0,0.0,2.1875,2,21.88,1,0.0
3,2026-08-20,2026-08-20 15:00:00,15,3,0,0,0.0,0.0,0.0,2.1875,2,20.56,0,0.0
3,2026-08-20,2026-08-20 16:00:00,16,3,0,0,0.0,0.0,0.0,2.1875,2,22.19,0,0.0
3,2026-08-20,2026-08-20 17:00:00,17,3,0,0,0.0,0.0,0.0,2.1875,2,20.7,0,0.0
3,2026-08-20,2026-08-20 18:00:00,18,3,0,0,0.0,0.0,0.0,2.1875,2,20.73,0,0.0
3,2026-08-20,2026-08-20 19:00:00,19,3,0,0,0.0,0.0,0.0,2.1875,2,19.29,1,0.0
3,2026-08-20,2026-08-20 20:00:00,20,3,0,0,0.0,29.18,0.0,2.1875,2,18.89,0,0.0
3,2026-08-20,2026-08-20 21:00:00,21,3,0,0,0.0,0.0,0.0,0.971667,2,18.14,0,0.0
3,2026-08-20,2026-08-20 22:00:00,22,3,0,0,0.0,0.0,0.0,0.971667,2,15.97,0,0.0
3,2026-08-20,2026-08-20 23:00:00,23,3,0,0,0.0,0.0,0.0,0.971667,2,17.02,0,0.0
3,2026-08-21,2026-08-21 00:00:00,0,4,0,0,0.0,0.0,0.0,0.971667,2,15.5,0,0.0
3,2026-08-21,2026-08-21 01:00:00,1,4,0,0,0.0,0.0,0.0,0.971667,2,17.75,0,0.0
3,2026-08-21,2026-08-21 02:00:00,2,4,0,0,0.0,0.0,0.0,0.971667,2,16.35,0,0.0
3,2026-08-21,2026-08-21 03:00:00,3,4,0,0,0.0,0.0,0.0,0.971667,2,16.96,1,0.0
3,2026-08-21,2026-08-21 04:00:00,4,4,0,0,0.0,0.0,0.0,0.971667,2,18.16,0,0.0
3,2026-08-21,2026-08-21 05:00:00,5,4,0,0,0.0,0.0,0.0,0.971667,2,19.0,0,0.0
3,2026-08-21,2026-08-21 06:00:00,6,4,0,0,0.0,0.0,0.0,0.971667,2,18.03,1,0.0
3,2026-08-21,2026-08-21 07:00:00,7,4,0,0,0.0,23.32,0.0,0.971667,2,21.58,0,0.0
3,2026-08-21,2026-08-21 08:00:00,8,4,0,0,0.0,0.0,0.0,0.0,2,21.16,0,0.0
3,2026-08-21,2026-08-21 09:00:00,9,4,0,0,0.0,0.0,0.0,0.0,2,22.83,0,0.0
3,2026-08-21,2026-08-21 10:00:00,10,4,0,0,0.0,0.0,0.0,0.0,2,22.66,0,51.59
3,2026-08-21,2026-08-21 11:00:00,11,4,0,0,51.59,0.0,0.0,2.149583,2,22.24,0,0.0
3,2026-08-21,2026-08-21 12:00:00,12,4,0,0,0.0,0.0,0.0,2.149583,2,22.13,1,0.0
3,2026-08-21,2026-08-21 13:00:00,13,4,0,0,0.0,0.0,0.0,2.149583,2,23.16,0,0.0
3,2026-08-21,2026-08-21 14:00:00,14,4,0,0,0.0,0.0,0.0,2.149583,2,21.5,0,0.0
3,2026-08-21,2026-08-21 15:00:00,15,4,0,0,0.0,0.0,0.0,2.149583,2,22.41,0,0.0
3,2026-08-21,2026-08-21 16:00:00,16,4,0,0,0.0,0.0,0.0,2.149583,2,20.78,0,0.0
3,2026-08-21,2026-08-21 17:00:00,17,4,0,0,0.0,0.0,0.0,2.149583,2,20.5,0,0.0
3,2026-08-21,2026-08-21 18:00:00,18,4,0,0,0.0,0.0,0.0,2.149583,2,20.75,0,0.0
3,2026-08-21,2026-08-21 19:00:00,19,4,0,0,0.0,0.0,0.0,2.149583,2,19.88,0,0.0
3,2026-08-21,2026-08-21 20:00:00,20,4,0,0,0.0,0.0,0.0,2.149583,2,18.06,0,0.0
3,2026-08-21,2026-08-21 21:00:00,21,4,0,0,0.0,0.0,0.0,2.149583,2,16.87,0,0.0
3,2026-08-21,2026-08-21 22:00:00,22,4,0,0,0.0,0.0,0.0,2.149583,2,16.8,0,0.0
3,2026-08-21,2026-08-21 23:00:00,23,4,0,0,0.0,0.0,0.0,2.149583,2,18.01,0,0.0
3,2026-08-22,2026-08-22 00:00:00,0,5,1,0,0.0,0.0,0.0,2.149583,2,15.29,0,0.0
3,2026-08-22,2026-08-22 01:00:00,1,5,1,0,0.0,0.0,0.0,2.149583,2,16.52,0,0.0
3,2026-08-22,2026-08-22 02:00:00,2,5,1,0,0.0,0.0,0.0,2.149583,2,17.85,0,0.0
3,2026-08-22,2026-08-22 03:00:00,3,5,1,0,0.0,0.0,0.0,2.149583,2,16.6,0,0.0
3,2026-08-22,2026-08-22 04:00:00,4,5,1,0,0.0,0.0,0.0,2.149583,2,16.27,0,0.0
3,2026-08-22,2026-08-22 05:00:00,5,5,1,0,0.0,0.0,0.0,2.149583,2,17.65,0,0.0
3,2026-08-22,2026-08-22 06:00:00,6,5,1,0,0.0,0.0,0.0,2.149583,2,18.98,1,0.0
3,2026-08-22,2026-08-22 07:00:00,7,5,1,0,0.0,0.0,0.0,2.149583,2,19.77,0,0.0
3,2026-08-22,2026-08-22 08:00:00,8,5,1,0,0.0,0.0,0.0,2.149583,2,21.65,0,0.0
3,2026-08-22,2026-08-22 09:00:00,9,5,1,0,0.0,0.0,0.0,2.149583,2,21.61,0,29.68
3,2026-08-22,2026-08-22 10:00:00,10,5,1,0,29.68,51.59,0.0,3.38625,2,22.88,0,0.0
3,2026-08-22,2026-08-22 11:00:00,11,5,1,0,0.0,0.0,0.0,1.236667,2,22.04,0,0.0
3,2026-08-22,2026-08-22 12:00:00,12,5,1,0,0.0,0.0,0.0,1.236667,2,23.52,0,0.0
3,2026-08-22,2026-08-22 13:00:00,13,5,1,0,0.0,0.0,0.0,1.236667,2,21.75,1,0.0
3,2026-08-22,2026-08-22 14:00:00,14,5,1,0,0.0,0.0,35.87,1.236667,2,22.4,1,0.0
3,2026-08-22,2026-08-22 15:00:00,15,5,1,0,0.0,0.0,0.0,1.236667,2,20.91,0,0.0
3,2026-08-22,2026-08-22 16:00:00,16,5,1,0,0.0,0.0,0.0,1.236667,2,21.68,0,0.0
3,2026-08-22,2026-08-22 17:00:00,17,5,1,0,0.0,0.0,0.0,1.236667,2,20.81,0,0.0
3,2026-08-22,2026-08-22 18:00:00,18,5,1,0,0.0,0.0,0.0,1.236667,2,18.6,0,0.0
3,2026-08-22,2026-08-22 19:00:00,19,5,1,0,0.0,0.0,0.0,1.236667,2,18.92,0,0.0
3,2026-08-22,2026-08-22 20:00:00,20,5,1,0,0.0,0.0,0.0,1.236667,2,17.42,1,0.0
3,2026-08-22,2026-08-22 21:00:00,21,5,1,0,0.0,0.0,0.0,1.236667,2,16.98,0,0.0
3,2026-08-22,2026-08-22 22:00:00,22,5,1,0,0.0,0.0,0.0,1.236667,2,16.55,0,0.0
3,2026-08-22,2026-08-22 23:00:00,23,5,1,0,0.0,0.0,0.0,1.236667,2,17.19,1,0.0
3,2026-08-23,2026-08-23 00:00:00,0,6,1,0,0.0,0.0,0.0,1.236667,2,17.59,0,0.0
3,2026-08-23,2026-08-23 01:00:00,1,6,1,0,0.0,0.0,0.0,1.236667,2,17.14,1,0.0
3,2026-08-23,2026-08-23 02:00:00,2,6,1,0,0.0,0.0,0.0,1.236667,2,16.42,0,0.0
3,2026-08-23,2026-08-23 03:00:00,3,6,1,0,0.0,0.0,0.0,1.236667,2,16.36,1,0.0
3,2026-08-23,2026-08-23 04:00:00,4,6,1,0,0.0,0.0,0.0,1.236667,2,18.71,0,0.0
3,2026-08-23,2026-08-23 05:00:00,5,6,1,0,0.0,0.0,0.0,1.236667,2,17.86,1,0.0
3,2026-08-23,2026-08-23 06:00:00,6,6,1,0,0.0,0.0,0.0,1.236667,2,19.3,0,0.0
3,2026-08-23,2026-08-23 07:00:00,7,6,1,0,0.0,0.0,0.0,1.236667,2,21.26,0,0.0
3,2026-08-23,2026-08-23 08:00:00,8,6,1,0,0.0,0.0,0.0,1.236667,2,19.49,0,0.0
3,2026-08-23,2026-08-23 09:00:00,9,6,1,0,0.0,29.68,0.0,1.236667,2,20.22,0,0.0
3,2026-08-23,2026-08-23 10:00:00,10,6,1,0,0.0,0.0,0.0,0.0,2,20.46,0,29.02
3,2026-08-23,2026-08-23 11:00:00,11,6,1,0,29.02,0.0,0.0,1.209167,2,23.45,0,0.0
3,2026-08-23,2026-08-23 12:00:00,12,6,1,0,0.0,0.0,0.0,1.209167,2,22.35,0,0.0
3,2026-08-23,2026-08-23 13:00:00,13,6,1,0,0.0,0.0,0.0,1.209167,2,22.2,0,0.0
3,2026-08-23,2026-08-23 14:00:00,14,6,1,0,0.0,0.0,0.0,1.209167,2,21.74,0,0.0
3,2026-08-23,2026-08-23 15:00:00,15,6,1,0,0.0,0.0,0.0,1.209167,2,21.54,0,0.0
3,2026-08-23,2026-08-23 16:00:00,16,6,1,0,0.0,0.0,0.0,1.209167,2,21.43,0,0.0
3,2026-08-23,2026-08-23 17:00:00,17,6,1,0,0.0,0.0,56.39,1.209167,2,18.91,1,0.0
3,2026-08-23,2026-08-23 18:00:00,18,6,1,0,0.0,0.0,0.0,1.209167,2,18.09,1,0.0
3,2026-08-23,2026-08-23 19:00:00,19,6,1,0,0.0,0.0,0.0,1.209167,2,18.94,0,0.0
3,2026-08-23,2026-08-23 20:00:00,20,6,1,0,0.0,0.0,0.0,1.209167,2,18.7,0,0.0
3,2026-08-23,2026-08-23 21:00:00,21,6,1,0,0.0,0.0,0.0,1.209167,2,18.0,0,0.0
3,2026-08-23,2026-08-23 22:00:00,22,6,1,0,0.0,0.0,0.0,1.209167,2,16.79,0,0.0
3,2026-08-23,2026-08-23 23:00:00,23,6,1,0,0.0,0.0,0.0,1.209167,2,15.33,1,0.0
3,2026-08-24,2026-08-24 00:00:00,0,0,0,0,0.0,0.0,0.0,1.209167,2,16.25,1,0.0
3,2026-08-24,2026-08-24 01:00:00,1,0,0,0,0.0,0.0,0.0,1.209167,2,17.33,0,0.0
3,2026-08-24,2026-08-24 02:00:00,2,0,0,0,0.0,0.0,0.0,1.209167,2,15.09,0,0.0
3,2026-08-24,2026-08-24 03:00:00,3,0,0,0,0.0,0.0,0.0,1.209167,2,16.56,0,0.0
3,2026-08-24,2026-08-24 04:00:00,4,0,0,0,0.0,0.0,0.0,1.209167,2,16.04,1,0.0
3,2026-08-24,2026-08-24 05:00:00,5,0,0,0,0.0,0.0,0.0,1.209167,2,17.08,0,0.0
3,2026-08-24,2026-08-24 06:00:00,6,0,0,0,0.0,0.0,0.0,1.209167,2,20.04,1,0.0
3,2026-08-24,2026-08-24 07:00:00,7,0,0,0,0.0,0.0,0.0,1.209167,2,18.68,1,12.4
3,2026-08-24,2026-08-24 08:00:00,8,0,0,0,12.4,0.0,43.32,1.725833,2,19.36,0,0.0
3,2026-08-24,2026-08-24 09:00:00,9,0,0,0,0.0,0.0,0.0,1.725833,2,22.53,0,0.0
3,2026-08-24,2026-08-24 10:00:00,10,0,0,0,0.0,29.02,0.0,1.725833,2,20.64,0,0.0
3,2026-08-24,2026-08-24 11:00:00,11,0,0,0,0.0,0.0,0.0,0.516667,2,20.75,1,0.0
3,2026-08-24,2026-08-24 12:00:00,12,0,0,0,0.0,0.0,0.0,0.516667,2,22.41,0,0.0
3,2026-08-24,2026-08-24 13:00:00,13,0,0,0,0.0,0.0,0.0,0.516667,2,21.93,1,0.0
3,2026-08-24,2026-08-24 14:00:00,14,0,0,0,0.0,0.0,0.0,0.516667,2,20.26,0,0.0
3,2026-08-24,2026-08-24 15:00:00,15,0,0,0,0.0,0.0,0.0,0.516667,2,20.35,0,0.0
3,2026-08-24,2026-08-24 16:00:00,16,0,0,0,0.0,0.0,0.0,0.516667,2,19.62,0,0.0
3,2026-08-24,2026-08-24 17:00:00,17,0,0,0,0.0,0.0,0.0,0.516667,2,19.99,1,0.0
3,2026-08-24,2026-08-24 18:00:00,18,0,0,0,0.0,0.0,0.0,0.516667,2,17.45,0,0.0
3,2026-08-24,2026-08-24 19:00:00,19,0,0,0,0.0,0.0,0.0,0.516667,2,17.05,1,0.0
3,2026-08-24,2026-08-24 20:00:00,20,0,0,0,0.0,0.0,0.0,0.516667,2,18.5,0,0.0
3,2026-08-24,2026-08-24 21:00:00,21,0,0,0,0.0,0.0,0.0,0.516667,2,17.7,0,0.0
3,2026-08-24,2026-08-24 22:00:00,22,0,0,0,0.0,0.0,0.0,0.516667,2,15.09,0,0.0
3,2026-08-24,2026-08-24 23:00:00,23,0,0,0,0.0,0.0,0.0,0.516667,2,16.74,0,0.0
3,2026-08-25,2026-08-25 00:00:00,0,1,0,0,0.0,0.0,0.0,0.516667,2,17.07,1,0.0
3,2026-08-25,2026-08-25 01:00:00,1,1,0,0,0.0,0.0,0.0,0.516667,2,14.43,1,0.0
3,2026-08-25,2026-08-25 02:00:00,2,1,0,0,0.0,0.0,0.0,0.516667,2,15.98,0,0.0
3,2026-08-25,2026-08-25 03:00:00,3,1,0,0,0.0,0.0,0.0,0.516667,2,16.14,0,0.0
3,2026-08-25,2026-08-25 04:00:00,4,1,0,0,0.0,0.0,0.0,0.516667,2,17.94,0,0.0
3,2026-08-25,2026-08-25 05:00:00,5,1,0,0,0.0,0.0,0.0,0.516667,2,17.5,0,0.0
3,2026-08-25,2026-08-25 06:00:00,6,1,0,0,0.0,0.0,0.0,0.516667,2,18.34,0,0.0
3,2026-08-25,2026-08-25 07:00:00,7,1,0,0,0.0,12.4,0.0,0.516667,2,20.73,0,0.0
3,2026-08-25,2026-08-25 08:00:00,8,1,0,0,0.0,0.0,0.0,0.0,2,21.29,0,0.0
3,2026-08-25,2026-08-25 09:00:00,9,1,0,0,0.0,0.0,0.0,0.0,2,20.81,0,0.0
3,2026-08-25,2026-08-25 10:00:00,10,1,0,0,0.0,0.0,0.0,0.0,2,22.66,0,0.0
3,2026-08-25,2026-08-25 11:00:00,11,1,0,0,0.0,0.0,0.0,0.0,2,21.53,0,0.0
3,2026-08-25,2026-08-25 12:00:00,12,1,0,0,0.0,0.0,0.0,0.0,2,21.4,0,0.0
3,2026-08-25,2026-08-25 13:00:00,13,1,0,0,0.0,0.0,0.0,0.0,2,22.6,1,0.0
3,2026-08-25,2026-08-25 14:00:00,14,1,0,0,0.0,0.0,0.0,0.0,2,21.98,0,0.0
3,2026-08-25,2026-08-25 15:00:00,15,1,0,0,0.0,0.0,0.0,0.0,2,20.64,1,0.0
3,2026-08-25,2026-08-25 16:00:00,16,1,0,0,0.0,0.0,0.0,0.0,2,21.23,1,0.0
3,2026-08-25,2026-08-25 17:00:00,17,1,0,0,0.0,0.0,0.0,0.0,2,20.71,0,0.0
3,2026-08-25,2026-08-25 18:00:00,18,1,0,0,0.0,0.0,0.0,0.0,2,20.0,0,0.0
3,2026-08-25,2026-08-25 19:00:00,19,1,0,0,0.0,0.0,0.0,0.0,2,18.29,0,0.0
3,2026-08-25,2026-08-25 20:00:00,20,1,0,0,0.0,0.0,0.0,0.0,2,16.92,1,0.0
3,2026-08-25,2026-08-25 21:00:00,21,1,0,0,0.0,0.0,0.0,0.0,2,15.72,0,0.0
3,2026-08-25,2026-08-25 22:00:00,22,1,0,0,0.0,0.0,0.0,0.0,2,14.72,0,0.0
3,2026-08-25,2026-08-25 23:00:00,23,1,0,0,0.0,0.0,0.0,0.0,2,16.13,0,0.0
3,2026-08-26,2026-08-26 00:00:00,0,2,0,0,0.0,0.0,0.0,0.0,2,15.99,0,0.0
3,2026-08-26,2026-08-26 01:00:00,1,2,0,0,0.0,0.0,0.0,0.0,2,16.79,0,0.0
3,2026-08-26,2026-08-26 02:00:00,2,2,0,0,0.0,0.0,0.0,0.0,2,15.83,1,0.0
3,2026-08-26,2026-08-26 03:00:00,3,2,0,0,0.0,0.0,0.0,0.0,2,17.81,0,0.0
3,2026-08-26,2026-08-26 04:00:00,4,2,0,0,0.0,0.0,0.0,0.0,2,17.36,0,0.0
3,2026-08-26,2026-08-26 05:00:00,5,2,0,0,0.0,0.0,0.0,0.0,2,18.8,1,0.0
3,2026-08-26,2026-08-26 06:00:00,6,2,0,0,0.0,0.0,0.0,0.0,2,19.67,0,0.0
3,2026-08-26,2026-08-26 07:00:00,7,2,0,0,0.0,0.0,0.0,0.0,2,18.19,0,0.0
3,2026-08-26,2026-08-26 08:00:00,8,2,0,0,0.0,0.0,0.0,0.0,2,20.73,0,0.0
3,2026-08-26,2026-08-26 09:00:00,9,2,0,0,0.0,0.0,0.0,0.0,2,19.66,0,0.0
3,2026-08-26,2026-08-26 10:00:00,10,2,0,0,0.0,0.0,0.0,0.0,2,21.7,1,0.0
3,2026-08-26,2026-08-26 11:00:00,11,2,0,0,0.0,0.0,0.0,0.0,2,21.28,1,0.0
3,2026-08-26,2026-08-26 12:00:00,12,2,0,0,0.0,0.0,0.0,0.0,2,22.92,0,0.0
3,2026-08-26,2026-08-26 13:00:00,13,2,0,0,0.0,0.0,0.0,0.0,2,20.78,0,0.0
3,2026-08-26,2026-08-26 14:00:00,14,2,0,0,0.0,0.0,0.0,0.0,2,20.71,0,0.0
3,2026-08-26,2026-08-26 15:00:00,15,2,0,0,0.0,0.0,0.0,0.0,2,19.53,0,0.0
3,2026-08-26,2026-08-26 16:00:00,16,2,0,0,0.0,0.0,0.0,0.0,2,18.9,1,0.0
3,2026-08-26,2026-08-26 17:00:00,17,2,0,0,0.0,0.0,0.0,0.0,2,17.99,0,0.0
3,2026-08-26,2026-08-26 18:00:00,18,2,0,0,0.0,0.0,0.0,0.0,2,17.47,0,0.0
3,2026-08-26,2026-08-26 19:00:00,19,2,0,0,0.0,0.0,0.0,0.0,2,16.61,0,0.0
3,2026-08-26,2026-08-26 20:00:00,20,2,0,0,0.0,0.0,29.18,0.0,2,18.45,1,0.0
3,2026-08-26,2026-08-26 21:00:00,21,2,0,0,0.0,0.0,0.0,0.0,2,17.62,0,0.0
3,2026-08-26,2026-08-26 22:00:00,22,2,0,0,0.0,0.0,0.0,0.0,2,17.31,1,0.0
3,2026-08-26,2026-08-26 23:00:00,23,2,0,0,0.0,0.0,0.0,0.0,2,14.66,1,0.0
3,2026-08-27,2026-08-27 00:00:00,0,3,0,0,0.0,0.0,0.0,0.0,2,13.96,0,0.0
3,2026-08-27,2026-08-27 01:00:00,1,3,0,0,0.0,0.0,0.0,0.0,2,15.12,0,0.0
3,2026-08-27,2026-08-27 02:00:00,2,3,0,0,0.0,0.0,0.0,0.0,2,16.58,0,0.0
3,2026-08-27,2026-08-27 03:00:00,3,3,0,0,0.0,0.0,0.0,0.0,2,14.99,0,0.0
3,2026-08-27,2026-08-27 04:00:00,4,3,0,0,0.0,0.0,0.0,0.0,2,16.1,0,0.0
3,2026-08-27,2026-08-27 05:00:00,5,3,0,0,0.0,0.0,0.0,0.0,2,17.67,1,0.0
3,2026-08-27,2026-08-27 06:00:00,6,3,0,0,0.0,0.0,0.0,0.0,2,17.12,0,0.0
3,2026-08-27,2026-08-27 07:00:00,7,3,0,0,0.0,0.0,23.32,0.0,2,20.27,0,0.0
3,2026-08-27,2026-08-27 08:00:00,8,3,0,0,0.0,0.0,0.0,0.0,2,21.39,0,0.0
3,2026-08-27,2026-08-27 09:00:00,9,3,0,0,0.0,0.0,0.0,0.0,2,19.64,1,0.0
3,2026-08-27,2026-08-27 10:00:00,10,3,0,0,0.0,0.0,0.0,0.0,2,21.14,1,0.0
3,2026-08-27,2026-08-27 11:00:00,11,3,0,0,0.0,0.0,0.0,0.0,2,21.55,1,0.0
3,2026-08-27,2026-08-27 12:00:00,12,3,0,0,0.0,0.0,0.0,0.0,2,20.42,0,0.0
3,2026-08-27,2026-08-27 13:00:00,13,3,0,0,0.0,0.0,0.0,0.0,2,21.74,0,0.0
3,2026-08-27,2026-08-27 14:00:00,14,3,0,0,0.0,0.0,0.0,0.0,2,22.35,0,0.0
3,2026-08-27,2026-08-27 15:00:00,15,3,0,0,0.0,0.0,0.0,0.0,2,20.48,0,0.0
3,2026-08-27,2026-08-27 16:00:00,16,3,0,0,0.0,0.0,0.0,0.0,2,18.45,0,0.0
3,2026-08-27,2026-08-27 17:00:00,17,3,0,0,0.0,0.0,0.0,0.0,2,20.65,1,0.0
3,2026-08-27,2026-08-27 18:00:00,18,3,0,0,0.0,0.0,0.0,0.0,2,18.22,1,0.0
3,2026-08-27,2026-08-27 19:00:00,19,3,0,0,0.0,0.0,0.0,0.0,2,18.97,0,0.0
3,2026-08-27,2026-08-27 20:00:00,20,3,0,0,0.0,0.0,0.0,0.0,2,17.86,0,0.0
3,2026-08-27,2026-08-27 21:00:00,21,3,0,0,0.0,0.0,0.0,0.0,2,15.87,1,0.0
3,2026-08-27,2026-08-27 22:00:00,22,3,0,0,0.0,0.0,0.0,0.0,2,16.26,0,0.0
3,2026-08-27,2026-08-27 23:00:00,23,3,0,0,0.0,0.0,0.0,0.0,2,16.92,0,0.0
3,2026-08-28,2026-08-28 00:00:00,0,4,0,0,0.0,0.0,0.0,0.0,2,14.53,0,0.0
3,2026-08-28,2026-08-28 01:00:00,1,4,0,0,0.0,0.0,0.0,0.0,2,16.37,0,0.0
3,2026-08-28,2026-08-28 02:00:00,2,4,0,0,0.0,0.0,0.0,0.0,2,17.06,0,0.0
3,2026-08-28,2026-08-28 03:00:00,3,4,0,0,0.0,0.0,0.0,0.0,2,16.59,0,0.0
3,2026-08-28,2026-08-28 04:00:00,4,4,0,0,0.0,0.0,0.0,0.0,2,15.89,0,0.0
3,2026-08-28,2026-08-28 05:00:00,5,4,0,0,0.0,0.0,0.0,0.0,2,16.87,0,0.0
3,2026-08-28,2026-08-28 06:00:00,6,4,0,0,0.0,0.0,0.0,0.0,2,19.54,0,0.0
3,2026-08-28,2026-08-28 07:00:00,7,4,0,0,0.0,0.0,0.0,0.0,2,19.3,0,0.0
3,2026-08-28,2026-08-28 08:00:00,8,4,0,0,0.0,0.0,0.0,0.0,2,19.42,0,0.0
3,2026-08-28,2026-08-28 09:00:00,9,4,0,0,0.0,0.0,0.0,0.0,2,20.89,0,0.0
3,2026-08-28,2026-08-28 10:00:00,10,4,0,0,0.0,0.0,51.59,0.0,2,22.13,0,0.0
3,2026-08-28,2026-08-28 11:00:00,11,4,0,0,0.0,0.0,0.0,0.0,2,19.72,0,0.0
3,2026-08-28,2026-08-28 12:00:00,12,4,0,0,0.0,0.0,0.0,0.0,2,22.1,0,0.0
3,2026-08-28,2026-08-28 13:00:00,13,4,0,0,0.0,0.0,0.0,0.0,2,22.06,0,0.0
3,2026-08-28,2026-08-28 14:00:00,14,4,0,0,0.0,0.0,0.0,0.0,2,22.2,0,0.0
3,2026-08-28,2026-08-28 15:00:00,15,4,0,0,0.0,0.0,0.0,0.0,2,19.36,0,0.0
3,2026-08-28,2026-08-28 16:00:00,16,4,0,0,0.0,0.0,0.0,0.0,2,21.07,0,0.0
3,2026-08-28,2026-08-28 17:00:00,17,4,0,0,0.0,0.0,0.0,0.0,2,18.96,0,0.0
3,2026-08-28,2026-08-28 18:00:00,18,4,0,0,0.0,0.0,0.0,0.0,2,19.19,0,0.0
3,2026-08-28,2026-08-28 19:00:00,19,4,0,0,0.0,0.0,0.0,0.0,2,17.5,0,0.0
3,2026-08-28,2026-08-28 20:00:00,20,4,0,0,0.0,0.0,0.0,0.0,2,17.44,0,0.0
3,2026-08-28,2026-08-28 21:00:00,21,4,0,0,0.0,0.0,0.0,0.0,2,17.38,0,0.0
3,2026-08-28,2026-08-28 22:00:00,22,4,0,0,0.0,0.0,0.0,0.0,2,16.98,1,0.0
3,2026-08-28,2026-08-28 23:00:00,23,4,0,0,0.0,0.0,0.0,0.0,2,14.39,0,0.0
3,2026-08-29,2026-08-29 00:00:00,0,5,1,0,0.0,0.0,0.0,0.0,2,13.91,0,0.0
3,2026-08-29,2026-08-29 01:00:00,1,5,1,0,0.0,0.0,0.0,0.0,2,13.88,0,0.0
3,2026-08-29,2026-08-29 02:00:00,2,5,1,0,0.0,0.0,0.0,0.0,2,14.24,0,0.0
3,2026-08-29,2026-08-29 03:00:00,3,5,1,0,0.0,0.0,0.0,0.0,2,16.2,0,0.0
3,2026-08-29,2026-08-29 04:00:00,4,5,1,0,0.0,0.0,0.0,0.0,2,16.75,0,0.0
3,2026-08-29,2026-08-29 05:00:00,5,5,1,0,0.0,0.0,0.0,0.0,2,17.61,0,0.0
3,2026-08-29,2026-08-29 06:00:00,6,5,1,0,0.0,0.0,0.0,0.0,2,17.04,0,0.0
3,2026-08-29,2026-08-29 07:00:00,7,5,1,0,0.0,0.0,0.0,0.0,2,20.2,1,0.0
3,2026-08-29,2026-08-29 08:00:00,8,5,1,0,0.0,0.0,0.0,0.0,2,20.61,0,0.0
3,2026-08-29,2026-08-29 09:00:00,9,5,1,0,0.0,0.0,29.68,0.0,2,20.19,1,38.11
3,2026-08-29,2026-08-29 10:00:00,10,5,1,0,38.11,0.0,0.0,1.587917,2,21.87,0,0.0
3,2026-08-29,2026-08-29 11:00:00,11,5,1,0,0.0,0.0,0.0,1.587917,2,19.73,0,0.0
3,2026-08-29,2026-08-29 12:00:00,12,5,1,0,0.0,0.0,0.0,1.587917,2,22.37,0,0.0
3,2026-08-29,2026-08-29 13:00:00,13,5,1,0,0.0,0.0,0.0,1.587917,2,22.02,0,0.0
3,2026-08-29,2026-08-29 14:00:00,14,5,1,0,0.0,0.0,0.0,1.587917,2,20.83,1,0.0
3,2026-08-29,2026-08-29 15:00:00,15,5,1,0,0.0,0.0,0.0,1.587917,2,21.07,0,0.0
3,2026-08-29,2026-08-29 16:00:00,16,5,1,0,0.0,0.0,0.0,1.587917,2,20.23,1,0.0
3,2026-08-29,2026-08-29 17:00:00,17,5,1,0,0.0,0.0,0.0,1.587917,2,18.39,0,0.0
3,2026-08-29,2026-08-29 18:00:00,18,5,1,0,0.0,0.0,0.0,1.587917,2,16.96,0,0.0
3,2026-08-29,2026-08-29 19:00:00,19,5,1,0,0.0,0.0,0.0,1.587917,2,16.28,0,0.0
3,2026-08-29,2026-08-29 20:00:00,20,5,1,0,0.0,0.0,0.0,1.587917,2,17.08,0,0.0
3,2026-08-29,2026-08-29 21:00:00,21,5,1,0,0.0,0.0,0.0,1.587917,2,16.34,0,0.0
3,2026-08-29,2026-08-29 22:00:00,22,5,1,0,0.0,0.0,0.0,1.587917,2,14.25,0,0.0
3,2026-08-29,2026-08-29 23:00:00,23,5,1,0,0.0,0.0,0.0,1.587917,2,14.72,0,0.0
3,2026-08-30,2026-08-30 00:00:00,0,6,1,0,0.0,0.0,0.0,1.587917,2,14.01,0,0.0
3,2026-08-30,2026-08-30 01:00:00,1,6,1,0,0.0,0.0,0.0,1.587917,2,15.64,0,0.0
3,2026-08-30,2026-08-30 02:00:00,2,6,1,0,0.0,0.0,0.0,1.587917,2,15.25,0,0.0
3,2026-08-30,2026-08-30 03:00:00,3,6,1,0,0.0,0.0,0.0,1.587917,2,14.97,0,0.0
3,2026-08-30,2026-08-30 04:00:00,4,6,1,0,0.0,0.0,0.0,1.587917,2,17.58,0,0.0
3,2026-08-30,2026-08-30 05:00:00,5,6,1,0,0.0,0.0,0.0,1.587917,2,16.78,0,0.0
3,2026-08-30,2026-08-30 06:00:00,6,6,1,0,0.0,0.0,0.0,1.587917,2,18.82,0,0.0
3,2026-08-30,2026-08-30 07:00:00,7,6,1,0,0.0,0.0,0.0,1.587917,2,19.04,1,0.0
3,2026-08-30,2026-08-30 08:00:00,8,6,1,0,0.0,0.0,0.0,1.587917,2,19.97,0,0.0
3,2026-08-30,2026-08-30 09:00:00,9,6,1,0,0.0,38.11,0.0,1.587917,2,19.26,0,0.0
3,2026-08-30,2026-08-30 10:00:00,10,6,1,0,0.0,0.0,29.02,0.0,2,19.55,0,0.0
3,2026-08-30,2026-08-30 11:00:00,11,6,1,0,0.0,0.0,0.0,0.0,2,21.83,0,0.0
3,2026-08-30,2026-08-30 12:00:00,12,6,1,0,0.0,0.0,0.0,0.0,2,22.05,0,0.0
3,2026-08-30,2026-08-30 13:00:00,13,6,1,0,0.0,0.0,0.0,0.0,2,20.75,1,0.0
3,2026-08-30,2026-08-30 14:00:00,14,6,1,0,0.0,0.0,0.0,0.0,2,20.66,0,0.0
3,2026-08-30,2026-08-30 15:00:00,15,6,1,0,0.0,0.0,0.0,0.0,2,19.13,0,0.0
3,2026-08-30,2026-08-30 16:00:00,16,6,1,0,0.0,0.0,0.0,0.0,2,18.5,0,0.0
3,2026-08-30,2026-08-30 17:00:00,17,6,1,0,0.0,0.0,0.0,0.0,2,18.51,0,0.0
3,2026-08-30,2026-08-30 18:00:00,18,6,1,0,0.0,0.0,0.0,0.0,2,18.73,0,0.0
3,2026-08-30,2026-08-30 19:00:00,19,6,1,0,0.0,0.0,0.0,0.0,2,15.83,0,0.0
3,2026-08-30,2026-08-30 20:00:00,20,6,1,0,0.0,0.0,0.0,0.0,2,15.43,0,0.0
3,2026-08-30,2026-08-30 21:00:00,21,6,1,0,0.0,0.0,0.0,0.0,2,15.24,0,0.0
3,2026-08-30,2026-08-30 22:00:00,22,6,1,0,0.0,0.0,0.0,0.0,2,15.29,0,0.0
3,2026-08-30,2026-08-30 23:00:00,23,6,1,0,0.0,0.0,0.0,0.0,2,14.98,0,0.0
3,2026-08-31,2026-08-31 00:00:00,0,0,0,0,0.0,0.0,0.0,0.0,2,15.38,1,0.0
3,2026-08-31,2026-08-31 01:00:00,1,0,0,0,0.0,0.0,0.0,0.0,2,15.24,1,0.0
3,2026-08-31,2026-08-31 02:00:00,2,0,0,0,0.0,0.0,0.0,0.0,2,14.21,0,0.0
3,2026-08-31,2026-08-31 03:00:00,3,0,0,0,0.0,0.0,0.0,0.0,2,17.04,1,0.0
3,2026-08-31,2026-08-31 04:00:00,4,0,0,0,0.0,0.0,0.0,0.0,2,17.01,0,0.0
3,2026-08-31,2026-08-31 05:00:00,5,0,0,0,0.0,0.0,0.0,0.0,2,17.84,0,0.0
3,2026-08-31,2026-08-31 06:00:00,6,0,0,0,0.0,0.0,0.0,0.0,2,17.28,0,0.0
3,2026-08-31,2026-08-31 07:00:00,7,0,0,0,0.0,0.0,12.4,0.0,2,17.97,0,0.0
3,2026-08-31,2026-08-31 08:00:00,8,0,0,0,0.0,0.0,0.0,0.0,2,19.25,1,0.0
3,2026-08-31,2026-08-31 09:00:00,9,0,0,0,0.0,0.0,0.0,0.0,2,19.93,0,0.0
3,2026-08-31,2026-08-31 10:00:00,10,0,0,0,0.0,0.0,0.0,0.0,2,19.37,0,0.0
3,2026-08-31,2026-08-31 11:00:00,11,0,0,0,0.0,0.0,0.0,0.0,2,20.1,0,0.0
3,2026-08-31,2026-08-31 12:00:00,12,0,0,0,0.0,0.0,0.0,0.0,2,22.24,1,0.0
3,2026-08-31,2026-08-31 13:00:00,13,0,0,0,0.0,0.0,0.0,0.0,2,22.11,0,0.0
3,2026-08-31,2026-08-31 14:00:00,14,0,0,0,0.0,0.0,0.0,0.0,2,21.76,1,0.0
3,2026-08-31,2026-08-31 15:00:00,15,0,0,0,0.0,0.0,0.0,0.0,2,20.01,0,0.0
3,2026-08-31,2026-08-31 16:00:00,16,0,0,0,0.0,0.0,0.0,0.0,2,19.97,0,0.0
3,2026-08-31,2026-08-31 17:00:00,17,0,0,0,0.0,0.0,0.0,0.0,2,19.81,0,0.0
3,2026-08-31,2026-08-31 18:00:00,18,0,0,0,0.0,0.0,0.0,0.0,2,18.49,0,0.0
3,2026-08-31,2026-08-31 19:00:00,19,0,0,0,0.0,0.0,0.0,0.0,2,15.81,0,0.0
3,2026-08-31,2026-08-31 20:00:00,20,0,0,0,0.0,0.0,0.0,0.0,2,17.22,0,0.0
3,2026-08-31,2026-08-31 21:00:00,21,0,0,0,0.0,0.0,0.0,0.0,2,16.16,0,0.0
3,2026-08-31,2026-08-31 22:00:00,22,0,0,0,0.0,0.0,0.0,0.0,2,14.97,1,0.0
3,2026-08-31,2026-08-31 23:00:00,23,0,0,0,0.0,0.0,0.0,0.0,2,15.81,0,0.0
3,2026-09-01,2026-09-01 00:00:00,0,1,0,0,0.0,0.0,0.0,0.0,2,13.9,1,0.0
3,2026-09-01,2026-09-01 01:00:00,1,1,0,0,0.0,0.0,0.0,0.0,2,13.48,0,0.0
3,2026-09-01,2026-09-01 02:00:00,2,1,0,0,0.0,0.0,0.0,0.0,2,14.59,0,0.0
3,2026-09-01,2026-09-01 03:00:00,3,1,0,0,0.0,0.0,0.0,0.0,2,14.6,0,0.0
3,2026-09-01,2026-09-01 04:00:00,4,1,0,0,0.0,0.0,0.0,0.0,2,16.48,1,0.0
3,2026-09-01,2026-09-01 05:00:00,5,1,0,0,0.0,0.0,0.0,0.0,2,16.06,0,0.0
3,2026-09-01,2026-09-01 06:00:00,6,1,0,0,0.0,0.0,0.0,0.0,2,17.95,0,0.0
3,2026-09-01,2026-09-01 07:00:00,7,1,0,0,0.0,0.0,0.0,0.0,2,18.09,0,0.0
3,2026-09-01,2026-09-01 08:00:00,8,1,0,0,0.0,0.0,0.0,0.0,2,19.5,0,0.0
3,2026-09-01,2026-09-01 09:00:00,9,1,0,0,0.0,0.0,0.0,0.0,2,21.12,0,0.0
3,2026-09-01,2026-09-01 10:00:00,10,1,0,0,0.0,0.0,0.0,0.0,2,20.79,0,0.0
3,2026-09-01,2026-09-01 11:00:00,11,1,0,0,0.0,0.0,0.0,0.0,2,21.51,0,0.0
3,2026-09-01,2026-09-01 12:00:00,12,1,0,0,0.0,0.0,0.0,0.0,2,21.44,0,0.0
3,2026-09-01,2026-09-01 13:00:00,13,1,0,0,0.0,0.0,0.0,0.0,2,21.69,0,0.0
3,2026-09-01,2026-09-01 14:00:00,14,1,0,0,0.0,0.0,0.0,0.0,2,19.43,0,0.0
3,2026-09-01,2026-09-01 15:00:00,15,1,0,0,0.0,0.0,0.0,0.0,2,18.42,0,0.0
3,2026-09-01,2026-09-01 16:00:00,16,1,0,0,0.0,0.0,0.0,0.0,2,18.17,0,0.0
3,2026-09-01,2026-09-01 17:00:00,17,1,0,0,0.0,0.0,0.0,0.0,2,17.91,1,0.0
3,2026-09-01,2026-09-01 18:00:00,18,1,0,0,0.0,0.0,0.0,0.0,2,18.05,0,0.0
3,2026-09-01,2026-09-01 19:00:00,19,1,0,0,0.0,0.0,0.0,0.0,2,16.66,0,29.94
3,2026-09-01,2026-09-01 20:00:00,20,1,0,0,29.94,0.0,0.0,1.2475,2,17.23,0,0.0
3,2026-09-01,2026-09-01 21:00:00,21,1,0,0,0.0,0.0,0.0,1.2475,2,15.85,0,0.0
3,2026-09-01,2026-09-01 22:00:00,22,1,0,0,0.0,0.0,0.0,1.2475,2,14.86,0,0.0
3,2026-09-01,2026-09-01 23:00:00,23,1,0,0,0.0,0.0,0.0,1.2475,2,14.82,0,0.0
3,2026-09-02,2026-09-02 00:00:00,0,2,0,0,0.0,0.0,0.0,1.2475,2,14.23,0,0.0
3,2026-09-02,2026-09-02 01:00:00,1,2,0,0,0.0,0.0,0.0,1.2475,2,14.21,0,0.0
3,2026-09-02,2026-09-02 02:00:00,2,2,0,0,0.0,0.0,0.0,1.2475,2,15.1,0,0.0
3,2026-09-02,2026-09-02 03:00:00,3,2,0,0,0.0,0.0,0.0,1.2475,2,16.26,1,0.0
3,2026-09-02,2026-09-02 04:00:00,4,2,0,0,0.0,0.0,0.0,1.2475,2,14.93,1,0.0
3,2026-09-02,2026-09-02 05:00:00,5,2,0,0,0.0,0.0,0.0,1.2475,2,17.94,0,0.0
3,2026-09-02,2026-09-02 06:00:00,6,2,0,0,0.0,0.0,0.0,1.2475,2,18.6,0,0.0
3,2026-09-02,2026-09-02 07:00:00,7,2,0,0,0.0,0.0,0.0,1.2475,2,17.25,0,0.0
3,2026-09-02,2026-09-02 08:00:00,8,2,0,0,0.0,0.0,0.0,1.2475,2,17.8,0,0.0
3,2026-09-02,2026-09-02 09:00:00,9,2,0,0,0.0,0.0,0.0,1.2475,2,19.81,0,0.0
3,2026-09-02,2026-09-02 10:00:00,10,2,0,0,0.0,0.0,0.0,1.2475,2,20.82,0,0.0
3,2026-09-02,2026-09-02 11:00:00,11,2,0,0,0.0,0.0,0.0,1.2475,2,19.26,0,51.88
4,2026-08-17,2026-08-17 20:00:00,20,0,0,0,0.0,0.0,25.1,0.0,3,19.66,0,0.0
4,2026-08-17,2026-08-17 21:00:00,21,0,0,0,0.0,0.0,0.0,0.0,3,18.97,0,0.0
4,2026-08-17,2026-08-17 22:00:00,22,0,0,0,0.0,0.0,0.0,0.0,3,18.18,0,0.0
4,2026-08-17,2026-08-17 23:00:00,23,0,0,0,0.0,0.0,0.0,0.0,3,17.08,0,0.0
4,2026-08-18,2026-08-18 00:00:00,0,1,0,0,0.0,0.0,0.0,0.0,3,15.9,0,0.0
4,2026-08-18,2026-08-18 01:00:00,1,1,0,0,0.0,0.0,0.0,0.0,3,16.85,0,0.0
4,2026-08-18,2026-08-18 02:00:00,2,1,0,0,0.0,0.0,0.0,0.0,3,17.25,0,0.0
4,2026-08-18,2026-08-18 03:00:00,3,1,0,0,0.0,0.0,0.0,0.0,3,17.51,0,0.0
4,2026-08-18,2026-08-18 04:00:00,4,1,0,0,0.0,0.0,0.0,0.0,3,19.2,1,0.0
4,2026-08-18,2026-08-18 05:00:00,5,1,0,0,0.0,0.0,0.0,0.0,3,18.53,0,0.0
4,2026-08-18,2026-08-18 06:00:00,6,1,0,0,0.0,0.0,0.0,0.0,3,18.31,0,0.0
4,2026-08-18,2026-08-18 07:00:00,7,1,0,0,0.0,0.0,0.0,0.0,3,19.23,0,0.0
4,2026-08-18,2026-08-18 08:00:00,8,1,0,0,0.0,0.0,0.0,0.0,3,21.67,0,0.0
4,2026-08-18,2026-08-18 09:00:00,9,1,0,0,0.0,0.0,0.0,0.0,3,21.61,0,39.34
4,2026-08-18,2026-08-18 10:00:00,10,1,0,0,39.34,0.0,0.0,1.639167,3,22.92,0,0.0
4,2026-08-18,2026-08-18 11:00:00,11,1,0,0,0.0,0.0,0.0,1.639167,3,23.33,0,0.0
4,2026-08-18,2026-08-18 12:00:00,12,1,0,0,0.0,0.0,0.0,1.639167,3,23.93,1,0.0
4,2026-08-18,2026-08-18 13:00:00,13,1,0,0,0.0,0.0,0.0,1.639167,3,23.79,0,0.0
4,2026-08-18,2026-08-18 14:00:00,14,1,0,0,0.0,0.0,0.0,1.639167,3,22.6,1,0.0
4,2026-08-18,2026-08-18 15:00:00,15,1,0,0,0.0,0.0,0.0,1.639167,3,21.65,1,0.0
4,2026-08-18,2026-08-18 16:00:00,16,1,0,0,0.0,0.0,0.0,1.639167,3,22.38,0,0.0
4,2026-08-18,2026-08-18 17:00:00,17,1,0,0,0.0,0.0,0.0,1.639167,3,21.89,0,0.0
4,2026-08-18,2026-08-18 18:00:00,18,1,0,0,0.0,0.0,0.0,1.639167,3,18.46,0,0.0
4,2026-08-18,2026-08-18 19:00:00,19,1,0,0,0.0,0.0,0.0,1.639167,3,17.9,1,0.0
4,2026-08-18,2026-08-18 20:00:00,20,1,0,0,0.0,0.0,0.0,1.639167,3,18.21,0,0.0
4,2026-08-18,2026-08-18 21:00:00,21,1,0,0,0.0,0.0,0.0,1.639167,3,16.25,0,0.0
4,2026-08-18,2026-08-18 22:00:00,22,1,0,0,0.0,0.0,0.0,1.639167,3,18.26,0,0.0
4,2026-08-18,2026-08-18 23:00:00,23,1,0,0,0.0,0.0,0.0,1.639167,3,17.23,0,0.0
4,2026-08-19,2026-08-19 00:00:00,0,2,0,0,0.0,0.0,0.0,1.639167,3,17.88,0,0.0
4,2026-08-19,2026-08-19 01:00:00,1,2,0,0,0.0,0.0,0.0,1.639167,3,15.53,0,0.0
4,2026-08-19,2026-08-19 02:00:00,2,2,0,0,0.0,0.0,0.0,1.639167,3,18.01,0,0.0
4,2026-08-19,2026-08-19 03:00:00,3,2,0,0,0.0,0.0,0.0,1.639167,3,17.73,0,0.0
4,2026-08-19,2026-08-19 04:00:00,4,2,0,0,0.0,0.0,0.0,1.639167,3,17.74,0,0.0
4,2026-08-19,2026-08-19 05:00:00,5,2,0,0,0.0,0.0,0.0,1.639167,3,17.32,1,0.0
4,2026-08-19,2026-08-19 06:00:00,6,2,0,0,0.0,0.0,0.0,1.639167,3,18.86,1,0.0
4,2026-08-19,2026-08-19 07:00:00,7,2,0,0,0.0,0.0,0.0,1.639167,3,18.98,0,0.0
4,2026-08-19,2026-08-19 08:00:00,8,2,0,0,0.0,0.0,0.0,1.639167,3,20.57,0,0.0
4,2026-08-19,2026-08-19 09:00:00,9,2,0,0,0.0,39.34,0.0,1.639167,3,22.52,0,0.0
4,2026-08-19,2026-08-19 10:00:00,10,2,0,0,0.0,0.0,0.0,0.0,3,21.02,0,0.0
4,2026-08-19,2026-08-19 11:00:00,11,2,0,0,0.0,0.0,0.0,0.0,3,22.95,0,0.0
4,2026-08-19,2026-08-19 12:00:00,12,2,0,0,0.0,0.0,0.0,0.0,3,23.02,0,0.0
4,2026-08-19,2026-08-19 13:00:00,13,2,0,0,0.0,0.0,0.0,0.0,3,23.64,0,0.0
4,2026-08-19,2026-08-19 14:00:00,14,2,0,0,0.0,0.0,0.0,0.0,3,21.03,0,0.0
4,2026-08-19,2026-08-19 15:00:00,15,2,0,0,0.0,0.0,0.0,0.0,3,21.18,0,0.0
4,2026-08-19,2026-08-19 16:00:00,16,2,0,0,0.0,0.0,0.0,0.0,3,20.84,0,0.0
4,2026-08-19,2026-08-19 17:00:00,17,2,0,0,0.0,0.0,0.0,0.0,3,21.43,0,0.0
4,2026-08-19,2026-08-19 18:00:00,18,2,0,0,0.0,0.0,0.0,0.0,3,19.54,0,0.0
4,2026-08-19,2026-08-19 19:00:00,19,2,0,0,0.0,0.0,0.0,0.0,3,19.24,0,0.0
4,2026-08-19,2026-08-19 20:00:00,20,2,0,0,0.0,0.0,0.0,0.0,3,19.51,0,0.0
4,2026-08-19,2026-08-19 21:00:00,21,2,0,0,0.0,0.0,0.0,0.0,3,17.91,0,0.0
4,2026-08-19,2026-08-19 22:00:00,22,2,0,0,0.0,0.0,0.0,0.0,3,16.89,0,0.0
4,2026-08-19,2026-08-19 23:00:00,23,2,0,0,0.0,0.0,0.0,0.0,3,16.01,0,0.0
4,2026-08-20,2026-08-20 00:00:00,0,3,0,0,0.0,0.0,0.0,0.0,3,16.36,0,0.0
4,2026-08-20,2026-08-20 01:00:00,1,3,0,0,0.0,0.0,0.0,0.0,3,16.09,1,0.0
4,2026-08-20,2026-08-20 02:00:00,2,3,0,0,0.0,0.0,0.0,0.0,3,16.6,0,0.0
4,2026-08-20,2026-08-20 03:00:00,3,3,0,0,0.0,0.0,0.0,0.0,3,17.17,0,0.0
4,2026-08-20,2026-08-20 04:00:00,4,3,0,0,0.0,0.0,0.0,0.0,3,18.91,0,0.0
4,2026-08-20,2026-08-20 05:00:00,5,3,0,0,0.0,0.0,0.0,0.0,3,19.39,0,0.0
4,2026-08-20,2026-08-20 06:00:00,6,3,0,0,0.0,0.0,0.0,0.0,3,20.69,0,0.0
4,2026-08-20,2026-08-20 07:00:00,7,3,0,0,0.0,0.0,0.0,0.0,3,20.36,0,0.0
4,2026-08-20,2026-08-20 08:00:00,8,3,0,0,0.0,0.0,0.0,0.0,3,21.03,0,0.0
4,2026-08-20,2026-08-20 09:00:00,9,3,0,0,0.0,0.0,0.0,0.0,3,21.43,0,0.0
4,2026-08-20,2026-08-20 10:00:00,10,3,0,0,0.0,0.0,0.0,0.0,3,23.25,0,0.0
4,2026-08-20,2026-08-20 11:00:00,11,3,0,0,0.0,0.0,0.0,0.0,3,21.31,1,0.0
4,2026-08-20,2026-08-20 12:00:00,12,3,0,0,0.0,0.0,0.0,0.0,3,20.93,0,0.0
4,2026-08-20,2026-08-20 13:00:00,13,3,0,0,0.0,0.0,0.0,0.0,3,22.72,0,0.0
4,2026-08-20,2026-08-20 14:00:00,14,3,0,0,0.0,0.0,0.0,0.0,3,23.23,0,0.0
4,2026-08-20,2026-08-20 15:00:00,15,3,0,0,0.0,0.0,0.0,0.0,3,20.61,1,0.0
4,2026-08-20,2026-08-20 16:00:00,16,3,0,0,0.0,0.0,0.0,0.0,3,20.98,0,0.0
4,2026-08-20,2026-08-20 17:00:00,17,3,0,0,0.0,0.0,0.0,0.0,3,20.16,0,0.0
4,2026-08-20,2026-08-20 18:00:00,18,3,0,0,0.0,0.0,0.0,0.0,3,18.09,1,0.0
4,2026-08-20,2026-08-20 19:00:00,19,3,0,0,0.0,0.0,0.0,0.0,3,18.02,0,0.0
4,2026-08-20,2026-08-20 20:00:00,20,3,0,0,0.0,0.0,0.0,0.0,3,19.08,0,0.0
4,2026-08-20,2026-08-20 21:00:00,21,3,0,0,0.0,0.0,0.0,0.0,3,17.73,0,0.0
4,2026-08-20,2026-08-20 22:00:00,22,3,0,0,0.0,0.0,0.0,0.0,3,18.26,1,0.0
4,2026-08-20,2026-08-20 23:00:00,23,3,0,0,0.0,0.0,0.0,0.0,3,17.91,0,0.0
4,2026-08-21,2026-08-21 00:00:00,0,4,0,0,0.0,0.0,0.0,0.0,3,15.95,0,0.0
4,2026-08-21,2026-08-21 01:00:00,1,4,0,0,0.0,0.0,0.0,0.0,3,15.35,0,0.0
4,2026-08-21,2026-08-21 02:00:00,2,4,0,0,0.0,0.0,0.0,0.0,3,17.36,0,0.0
4,2026-08-21,2026-08-21 03:00:00,3,4,0,0,0.0,0.0,0.0,0.0,3,18.65,0,0.0
4,2026-08-21,2026-08-21 04:00:00,4,4,0,0,0.0,0.0,0.0,0.0,3,18.3,0,0.0
4,2026-08-21,2026-08-21 05:00:00,5,4,0,0,0.0,0.0,0.0,0.0,3,19.71,1,0.0
4,2026-08-21,2026-08-21 06:00:00,6,4,0,0,0.0,0.0,0.0,0.0,3,19.26,0,0.0
4,2026-08-21,2026-08-21 07:00:00,7,4,0,0,0.0,0.0,0.0,0.0,3,20.32,0,0.0
4,2026-08-21,2026-08-21 08:00:00,8,4,0,0,0.0,0.0,0.0,0.0,3,19.83,0,0.0
4,2026-08-21,2026-08-21 09:00:00,9,4,0,0,0.0,0.0,0.0,0.0,3,20.18,0,0.0
4,2026-08-21,2026-08-21 10:00:00,10,4,0,0,0.0,0.0,0.0,0.0,3,20.47,1,0.0
4,2026-08-21,2026-08-21 11:00:00,11,4,0,0,0.0,0.0,0.0,0.0,3,22.13,0,0.0
4,2026-08-21,2026-08-21 12:00:00,12,4,0,0,0.0,0.0,12.64,0.0,3,22.27,1,0.0
4,2026-08-21,2026-08-21 13:00:00,13,4,0,0,0.0,0.0,0.0,0.0,3,22.9,0,0.0
4,2026-08-21,2026-08-21 14:00:00,14,4,0,0,0.0,0.0,0.0,0.0,3,23.27,0,0.0
4,2026-08-21,2026-08-21 15:00:00,15,4,0,0,0.0,0.0,0.0,0.0,3,22.75,1,0.0
4,2026-08-21,2026-08-21 16:00:00,16,4,0,0,0.0,0.0,0.0,0.0,3,20.92,0,0.0
4,2026-08-21,2026-08-21 17:00:00,17,4,0,0,0.0,0.0,0.0,0.0,3,21.29,0,0.0
4,2026-08-21,2026-08-21 18:00:00,18,4,0,0,0.0,0.0,0.0,0.0,3,19.38,0,0.0
4,2026-08-21,2026-08-21 19:00:00,19,4,0,0,0.0,0.0,0.0,0.0,3,17.64,1,0.0
4,2026-08-21,2026-08-21 20:00:00,20,4,0,0,0.0,0.0,0.0,0.0,3,17.33,1,0.0
4,2026-08-21,2026-08-21 21:00:00,21,4,0,0,0.0,0.0,0.0,0.0,3,16.74,0,0.0
4,2026-08-21,2026-08-21 22:00:00,22,4,0,0,0.0,0.0,0.0,0.0,3,15.27,1,0.0
4,2026-08-21,2026-08-21 23:00:00,23,4,0,0,0.0,0.0,0.0,0.0,3,15.19,0,0.0
4,2026-08-22,2026-08-22 00:00:00,0,5,1,0,0.0,0.0,0.0,0.0,3,17.13,0,0.0
4,2026-08-22,2026-08-22 01:00:00,1,5,1,0,0.0,0.0,0.0,0.0,3,16.16,0,0.0
4,2026-08-22,2026-08-22 02:00:00,2,5,1,0,0.0,0.0,0.0,0.0,3,15.32,1,0.0
4,2026-08-22,2026-08-22 03:00:00,3,5,1,0,0.0,0.0,0.0,0.0,3,18.02,1,0.0
4,2026-08-22,2026-08-22 04:00:00,4,5,1,0,0.0,0.0,0.0,0.0,3,16.78,0,0.0
4,2026-08-22,2026-08-22 05:00:00,5,5,1,0,0.0,0.0,0.0,0.0,3,19.55,0,0.0
4,2026-08-22,2026-08-22 06:00:00,6,5,1,0,0.0,0.0,0.0,0.0,3,19.13,1,0.0
4,2026-08-22,2026-08-22 07:00:00,7,5,1,0,0.0,0.0,0.0,0.0,3,18.9,0,0.0
4,2026-08-22,2026-08-22 08:00:00,8,5,1,0,0.0,0.0,0.0,0.0,3,19.19,0,0.0
4,2026-08-22,2026-08-22 09:00:00,9,5,1,0,0.0,0.0,0.0,0.0,3,22.7,1,0.0
4,2026-08-22,2026-08-22 10:00:00,10,5,1,0,0.0,0.0,0.0,0.0,3,20.88,0,0.0
4,2026-08-22,2026-08-22 11:00:00,11,5,1,0,0.0,0.0,0.0,0.0,3,21.76,1,0.0
4,2026-08-22,2026-08-22 12:00:00,12,5,1,0,0.0,0.0,0.0,0.0,3,22.93,0,26.6
4,2026-08-22,2026-08-22 13:00:00,13,5,1,0,26.6,0.0,0.0,1.108333,3,20.56,0,0.0
4,2026-08-22,2026-08-22 14:00:00,14,5,1,0,0.0,0.0,0.0,1.108333,3,21.1,0,0.0
4,2026-08-22,2026-08-22 15:00:00,15,5,1,0,0.0,0.0,0.0,1.108333,3,19.97,0,0.0
4,2026-08-22,2026-08-22 16:00:00,16,5,1,0,0.0,0.0,0.0,1.108333,3,19.71,1,0.0
4,2026-08-22,2026-08-22 17:00:00,17,5,1,0,0.0,0.0,0.0,1.108333,3,18.91,1,0.0
4,2026-08-22,2026-08-22 18:00:00,18,5,1,0,0.0,0.0,0.0,1.108333,3,20.01,0,0.0
4,2026-08-22,2026-08-22 19:00:00,19,5,1,0,0.0,0.0,0.0,1.108333,3,18.54,0,0.0
4,2026-08-22,2026-08-22 20:00:00,20,5,1,0,0.0,0.0,0.0,1.108333,3,17.77,0,0.0
4,2026-08-22,2026-08-22 21:00:00,21,5,1,0,0.0,0.0,0.0,1.108333,3,15.82,0,0.0
4,2026-08-22,2026-08-22 22:00:00,22,5,1,0,0.0,0.0,0.0,1.108333,3,17.06,0,0.0
4,2026-08-22,2026-08-22 23:00:00,23,5,1,0,0.0,0.0,0.0,1.108333,3,15.2,0,0.0
4,2026-08-23,2026-08-23 00:00:00,0,6,1,0,0.0,0.0,0.0,1.108333,3,14.91,1,0.0
4,2026-08-23,2026-08-23 01:00:00,1,6,1,0,0.0,0.0,0.0,1.108333,3,15.08,0,0.0
4,2026-08-23,2026-08-23 02:00:00,2,6,1,0,0.0,0.0,0.0,1.108333,3,17.2,1,0.0
4,2026-08-23,2026-08-23 03:00:00,3,6,1,0,0.0,0.0,0.0,1.108333,3,17.95,1,0.0
4,2026-08-23,2026-08-23 04:00:00,4,6,1,0,0.0,0.0,0.0,1.108333,3,17.53,0,0.0
4,2026-08-23,2026-08-23 05:00:00,5,6,1,0,0.0,0.0,0.0,1.108333,3,18.04,0,0.0
4,2026-08-23,2026-08-23 06:00:00,6,6,1,0,0.0,0.0,0.0,1.108333,3,20.17,0,0.0
4,2026-08-23,2026-08-23 07:00:00,7,6,1,0,0.0,0.0,0.0,1.108333,3,21.23,1,0.0
4,2026-08-23,2026-08-23 08:00:00,8,6,1,0,0.0,0.0,0.0,1.108333,3,20.69,0,0.0
4,2026-08-23,2026-08-23 09:00:00,9,6,1,0,0.0,0.0,0.0,1.108333,3,22.39,1,0.0
4,2026-08-23,2026-08-23 10:00:00,10,6,1,0,0.0,0.0,0.0,1.108333,3,21.76,1,0.0
4,2026-08-23,2026-08-23 11:00:00,11,6,1,0,0.0,0.0,0.0,1.108333,3,20.51,0,0.0
4,2026-08-23,2026-08-23 12:00:00,12,6,1,0,0.0,26.6,0.0,1.108333,3,20.76,0,0.0
4,2026-08-23,2026-08-23 13:00:00,13,6,1,0,0.0,0.0,0.0,0.0,3,21.04,0,0.0
4,2026-08-23,2026-08-23 14:00:00,14,6,1,0,0.0,0.0,0.0,0.0,3,22.1,0,0.0
4,2026-08-23,2026-08-23 15:00:00,15,6,1,0,0.0,0.0,0.0,0.0,3,22.25,0,0.0
4,2026-08-23,2026-08-23 16:00:00,16,6,1,0,0.0,0.0,0.0,0.0,3,19.08,0,0.0
4,2026-08-23,2026-08-23 17:00:00,17,6,1,0,0.0,0.0,0.0,0.0,3,19.27,0,0.0
4,2026-08-23,2026-08-23 18:00:00,18,6,1,0,0.0,0.0,0.0,0.0,3,18.05,0,0.0
4,2026-08-23,2026-08-23 19:00:00,19,6,1,0,0.0,0.0,0.0,0.0,3,17.49,0,0.0
4,2026-08-23,2026-08-23 20:00:00,20,6,1,0,0.0,0.0,0.0,0.0,3,16.37,0,0.0
4,2026-08-23,2026-08-23 21:00:00,21,6,1,0,0.0,0.0,0.0,0.0,3,17.28,1,0.0
4,2026-08-23,2026-08-23 22:00:00,22,6,1,0,0.0,0.0,0.0,0.0,3,15.57,0,0.0
4,2026-08-23,2026-08-23 23:00:00,23,6,1,0,0.0,0.0,0.0,0.0,3,16.26,0,0.0
4,2026-08-24,2026-08-24 00:00:00,0,0,0,0,0.0,0.0,0.0,0.0,3,15.08,1,0.0
4,2026-08-24,2026-08-24 01:00:00,1,0,0,0,0.0,0.0,0.0,0.0,3,14.56,0,0.0
4,2026-08-24,2026-08-24 02:00:00,2,0,0,0,0.0,0.0,0.0,0.0,3,16.2,1,0.0
4,2026-08-24,2026-08-24 03:00:00,3,0,0,0,0.0,0.0,0.0,0.0,3,17.32,0,0.0
4,2026-08-24,2026-08-24 04:00:00,4,0,0,0,0.0,0.0,0.0,0.0,3,18.67,0,0.0
4,2026-08-24,2026-08-24 05:00:00,5,0,0,0,0.0,0.0,0.0,0.0,3,17.1,1,0.0
4,2026-08-24,2026-08-24 06:00:00,6,0,0,0,0.0,0.0,0.0,0.0,3,19.59,0,0.0
4,2026-08-24,2026-08-24 07:00:00,7,0,0,0,0.0,0.0,0.0,0.0,3,20.57,0,0.0
4,2026-08-24,2026-08-24 08:00:00,8,0,0,0,0.0,0.0,0.0,0.0,3,21.27,0,0.0
4,2026-08-24,2026-08-24 09:00:00,9,0,0,0,0.0,0.0,0.0,0.0,3,21.73,0,0.0
4,2026-08-24,2026-08-24 10:00:00,10,0,0,0,0.0,0.0,0.0,0.0,3,21.33,0,0.0
4,2026-08-24,2026-08-24 11:00:00,11,0,0,0,0.0,0.0,0.0,0.0,3,21.6,0,0.0
4,2026-08-24,2026-08-24 12:00:00,12,0,0,0,0.0,0.0,0.0,0.0,3,21.54,0,0.0
4,2026-08-24,2026-08-24 13:00:00,13,0,0,0,0.0,0.0,0.0,0.0,3,22.58,0,0.0
4,2026-08-24,2026-08-24 14:00:00,14,0,0,0,0.0,0.0,0.0,0.0,3,20.05,0,0.0
4,2026-08-24,2026-08-24 15:00:00,15,0,0,0,0.0,0.0,0.0,0.0,3,20.48,0,0.0
4,2026-08-24,2026-08-24 16:00:00,16,0,0,0,0.0,0.0,0.0,0.0,3,19.47,0,0.0
4,2026-08-24,2026-08-24 17:00:00,17,0,0,0,0.0,0.0,0.0,0.0,3,19.75,0,0.0
4,2026-08-24,2026-08-24 18:00:00,18,0,0,0,0.0,0.0,0.0,0.0,3,18.97,0,0.0
4,2026-08-24,2026-08-24 19:00:00,19,0,0,0,0.0,0.0,0.0,0.0,3,16.88,1,0.0
4,2026-08-24,2026-08-24 20:00:00,20,0,0,0,0.0,0.0,0.0,0.0,3,17.32,0,0.0
4,2026-08-24,2026-08-24 21:00:00,21,0,0,0,0.0,0.0,0.0,0.0,3,17.71,0,0.0
4,2026-08-24,2026-08-24 22:00:00,22,0,0,0,0.0,0.0,0.0,0.0,3,15.21,0,0.0
4,2026-08-24,2026-08-24 23:00:00,23,0,0,0,0.0,0.0,0.0,0.0,3,14.67,0,0.0
4,2026-08-25,2026-08-25 00:00:00,0,1,0,0,0.0,0.0,0.0,0.0,3,17.03,1,0.0
4,2026-08-25,2026-08-25 01:00:00,1,1,0,0,0.0,0.0,0.0,0.0,3,14.94,0,0.0
4,2026-08-25,2026-08-25 02:00:00,2,1,0,0,0.0,0.0,0.0,0.0,3,15.53,0,0.0
4,2026-08-25,2026-08-25 03:00:00,3,1,0,0,0.0,0.0,0.0,0.0,3,17.0,0,0.0
4,2026-08-25,2026-08-25 04:00:00,4,1,0,0,0.0,0.0,0.0,0.0,3,16.64,0,0.0
4,2026-08-25,2026-08-25 05:00:00,5,1,0,0,0.0,0.0,0.0,0.0,3,17.52,0,0.0
4,2026-08-25,2026-08-25 06:00:00,6,1,0,0,0.0,0.0,0.0,0.0,3,18.1,1,0.0
4,2026-08-25,2026-08-25 07:00:00,7,1,0,0,0.0,0.0,0.0,0.0,3,19.33,0,0.0
4,2026-08-25,2026-08-25 08:00:00,8,1,0,0,0.0,0.0,0.0,0.0,3,18.82,0,0.0
4,2026-08-25,2026-08-25 09:00:00,9,1,0,0,0.0,0.0,39.34,0.0,3,21.88,0,0.0
4,2026-08-25,2026-08-25 10:00:00,10,1,0,0,0.0,0.0,0.0,0.0,3,22.19,0,0.0
4,2026-08-25,2026-08-25 11:00:00,11,1,0,0,0.0,0.0,0.0,0.0,3,23.0,0,0.0
4,2026-08-25,2026-08-25 12:00:00,12,1,0,0,0.0,0.0,0.0,0.0,3,22.34,0,0.0
4,2026-08-25,2026-08-25 13:00:00,13,1,0,0,0.0,0.0,0.0,0.0,3,20.72,0,0.0
4,2026-08-25,2026-08-25 14:00:00,14,1,0,0,0.0,0.0,0.0,0.0,3,22.22,0,0.0
4,2026-08-25,2026-08-25 15:00:00,15,1,0,0,0.0,0.0,0.0,0.0,3,21.11,0,0.0
4,2026-08-25,2026-08-25 16:00:00,16,1,0,0,0.0,0.0,0.0,0.0,3,21.24,0,0.0
4,2026-08-25,2026-08-25 17:00:00,17,1,0,0,0.0,0.0,0.0,0.0,3,18.9,0,0.0
4,2026-08-25,2026-08-25 18:00:00,18,1,0,0,0.0,0.0,0.0,0.0,3,18.82,0,0.0
4,2026-08-25,2026-08-25 19:00:00,19,1,0,0,0.0,0.0,0.0,0.0,3,18.83,0,0.0
4,2026-08-25,2026-08-25 20:00:00,20,1,0,0,0.0,0.0,0.0,0.0,3,16.72,0,0.0
4,2026-08-25,2026-08-25 21:00:00,21,1,0,0,0.0,0.0,0.0,0.0,3,17.93,0,0.0
4,2026-08-25,2026-08-25 22:00:00,22,1,0,0,0.0,0.0,0.0,0.0,3,14.66,1,0.0
4,2026-08-25,2026-08-25 23:00:00,23,1,0,0,0.0,0.0,0.0,0.0,3,15.15,0,0.0
4,2026-08-26,2026-08-26 00:00:00,0,2,0,0,0.0,0.0,0.0,0.0,3,16.21,0,0.0
4,2026-08-26,2026-08-26 01:00:00,1,2,0,0,0.0,0.0,0.0,0.0,3,16.77,0,0.0
4,2026-08-26,2026-08-26 02:00:00,2,2,0,0,0.0,0.0,0.0,0.0,3,16.53,0,0.0
4,2026-08-26,2026-08-26 03:00:00,3,2,0,0,0.0,0.0,0.0,0.0,3,16.17,0,0.0
4,2026-08-26,2026-08-26 04:00:00,4,2,0,0,0.0,0.0,0.0,0.0,3,18.21,0,0.0
4,2026-08-26,2026-08-26 05:00:00,5,2,0,0,0.0,0.0,0.0,0.0,3,16.71,0,0.0
4,2026-08-26,2026-08-26 06:00:00,6,2,0,0,0.0,0.0,0.0,0.0,3,18.93,1,0.0
4,2026-08-26,2026-08-26 07:00:00,7,2,0,0,0.0,0.0,0.0,0.0,3,17.84,0,0.0
4,2026-08-26,2026-08-26 08:00:00,8,2,0,0,0.0,0.0,0.0,0.0,3,21.28,0,0.0
4,2026-08-26,2026-08-26 09:00:00,9,2,0,0,0.0,0.0,0.0,0.0,3,21.85,0,14.09
4,2026-08-26,2026-08-26 10:00:00,10,2,0,0,14.09,0.0,0.0,0.587083,3,22.19,0,0.0
4,2026-08-26,2026-08-26 11:00:00,11,2,0,0,0.0,0.0,0.0,0.587083,3,21.71,0,0.0
4,2026-08-26,2026-08-26 12:00:00,12,2,0,0,0.0,0.0,0.0,0.587083,3,22.54,0,0.0
4,2026-08-26,2026-08-26 13:00:00,13,2,0,0,0.0,0.0,0.0,0.587083,3,20.47,0,0.0
4,2026-08-26,2026-08-26 14:00:00,14,2,0,0,0.0,0.0,0.0,0.587083,3,22.12,0,0.0
4,2026-08-26,2026-08-26 15:00:00,15,2,0,0,0.0,0.0,0.0,0.587083,3,21.72,0,0.0
4,2026-08-26,2026-08-26 16:00:00,16,2,0,0,0.0,0.0,0.0,0.587083,3,18.47,0,0.0
4,2026-08-26,2026-08-26 17:00:00,17,2,0,0,0.0,0.0,0.0,0.587083,3,18.67,0,0.0
4,2026-08-26,2026-08-26 18:00:00,18,2,0,0,0.0,0.0,0.0,0.587083,3,19.82,0,0.0
4,2026-08-26,2026-08-26 19:00:00,19,2,0,0,0.0,0.0,0.0,0.587083,3,17.25,0,0.0
4,2026-08-26,2026-08-26 20:00:00,20,2,0,0,0.0,0.0,0.0,0.587083,3,18.09,0,0.0
4,2026-08-26,2026-08-26 21:00:00,21,2,0,0,0.0,0.0,0.0,0.587083,3,16.14,0,0.0
4,2026-08-26,2026-08-26 22:00:00,22,2,0,0,0.0,0.0,0.0,0.587083,3,15.81,0,0.0
4,2026-08-26,2026-08-26 23:00:00,23,2,0,0,0.0,0.0,0.0,0.587083,3,15.97,0,0.0
4,2026-08-27,2026-08-27 00:00:00,0,3,0,0,0.0,0.0,0.0,0.587083,3,15.56,0,0.0
4,2026-08-27,2026-08-27 01:00:00,1,3,0,0,0.0,0.0,0.0,0.587083,3,14.73,0,0.0
4,2026-08-27,2026-08-27 02:00:00,2,3,0,0,0.0,0.0,0.0,0.587083,3,16.11,1,0.0
4,2026-08-27,2026-08-27 03:00:00,3,3,0,0,0.0,0.0,0.0,0.587083,3,17.47,0,0.0
4,2026-08-27,2026-08-27 04:00:00,4,3,0,0,0.0,0.0,0.0,0.587083,3,16.55,0,0.0
4,2026-08-27,2026-08-27 05:00:00,5,3,0,0,0.0,0.0,0.0,0.587083,3,16.61,0,0.0
4,2026-08-27,2026-08-27 06:00:00,6,3,0,0,0.0,0.0,0.0,0.587083,3,17.36,0,0.0
4,2026-08-27,2026-08-27 07:00:00,7,3,0,0,0.0,0.0,0.0,0.587083,3,20.14,0,0.0
4,2026-08-27,2026-08-27 08:00:00,8,3,0,0,0.0,0.0,0.0,0.587083,3,19.67,0,0.0
4,2026-08-27,2026-08-27 09:00:00,9,3,0,0,0.0,14.09,0.0,0.587083,3,21.32,0,0.0
4,2026-08-27,2026-08-27 10:00:00,10,3,0,0,0.0,0.0,0.0,0.0,3,19.86,1,0.0
4,2026-08-27,2026-08-27 11:00:00,11,3,0,0,0.0,0.0,0.0,0.0,3,19.97,1,0.0
4,2026-08-27,2026-08-27 12:00:00,12,3,0,0,0.0,0.0,0.0,0.0,3,21.63,0,0.0
4,2026-08-27,2026-08-27 13:00:00,13,3,0,0,0.0,0.0,0.0,0.0,3,21.18,0,0.0
4,2026-08-27,2026-08-27 14:00:00,14,3,0,0,0.0,0.0,0.0,0.0,3,21.25,1,0.0
4,2026-08-27,2026-08-27 15:00:00,15,3,0,0,0.0,0.0,0.0,0.0,3,19.32,1,0.0
4,2026-08-27,2026-08-27 16:00:00,16,3,0,0,0.0,0.0,0.0,0.0,3,20.59,0,0.0
4,2026-08-27,2026-08-27 17:00:00,17,3,0,0,0.0,0.0,0.0,0.0,3,17.72,0,0.0
4,2026-08-27,2026-08-27 18:00:00,18,3,0,0,0.0,0.0,0.0,0.0,3,17.23,0,0.0
4,2026-08-27,2026-08-27 19:00:00,19,3,0,0,0.0,0.0,0.0,0.0,3,16.58,0,0.0
4,2026-08-27,2026-08-27 20:00:00,20,3,0,0,0.0,0.0,0.0,0.0,3,16.28,0,0.0
4,2026-08-27,2026-08-27 21:00:00,21,3,0,0,0.0,0.0,0.0,0.0,3,17.47,0,0.0
4,2026-08-27,2026-08-27 22:00:00,22,3,0,0,0.0,0.0,0.0,0.0,3,15.68,0,0.0
4,2026-08-27,2026-08-27 23:00:00,23,3,0,0,0.0,0.0,0.0,0.0,3,15.84,0,0.0
4,2026-08-28,2026-08-28 00:00:00,0,4,0,0,0.0,0.0,0.0,0.0,3,16.09,1,0.0
4,2026-08-28,2026-08-28 01:00:00,1,4,0,0,0.0,0.0,0.0,0.0,3,16.09,0,0.0
4,2026-08-28,2026-08-28 02:00:00,2,4,0,0,0.0,0.0,0.0,0.0,3,16.84,0,0.0
4,2026-08-28,2026-08-28 03:00:00,3,4,0,0,0.0,0.0,0.0,0.0,3,16.02,0,0.0
4,2026-08-28,2026-08-28 04:00:00,4,4,0,0,0.0,0.0,0.0,0.0,3,16.12,0,0.0
4,2026-08-28,2026-08-28 05:00:00,5,4,0,0,0.0,0.0,0.0,0.0,3,17.84,1,0.0
4,2026-08-28,2026-08-28 06:00:00,6,4,0,0,0.0,0.0,0.0,0.0,3,17.8,0,0.0
4,2026-08-28,2026-08-28 07:00:00,7,4,0,0,0.0,0.0,0.0,0.0,3,17.46,0,0.0
4,2026-08-28,2026-08-28 08:00:00,8,4,0,0,0.0,0.0,0.0,0.0,3,18.44,0,26.89
4,2026-08-28,2026-08-28 09:00:00,9,4,0,0,26.89,0.0,0.0,1.120417,3,19.07,0,0.0
4,2026-08-28,2026-08-28 10:00:00,10,4,0,0,0.0,0.0,0.0,1.120417,3,20.46,1,0.0
4,2026-08-28,2026-08-28 11:00:00,11,4,0,0,0.0,0.0,0.0,1.120417,3,22.04,0,0.0
4,2026-08-28,2026-08-28 12:00:00,12,4,0,0,0.0,0.0,0.0,1.120417,3,20.52,0,0.0
4,2026-08-28,2026-08-28 13:00:00,13,4,0,0,0.0,0.0,0.0,1.120417,3,22.25,0,0.0
4,2026-08-28,2026-08-28 14:00:00,14,4,0,0,0.0,0.0,0.0,1.120417,3,20.2,0,0.0
4,2026-08-28,2026-08-28 15:00:00,15,4,0,0,0.0,0.0,0.0,1.120417,3,20.36,0,0.0
4,2026-08-28,2026-08-28 16:00:00,16,4,0,0,0.0,0.0,0.0,1.120417,3,21.13,0,0.0
4,2026-08-28,2026-08-28 17:00:00,17,4,0,0,0.0,0.0,0.0,1.120417,3,18.79,0,0.0
4,2026-08-28,2026-08-28 18:00:00,18,4,0,0,0.0,0.0,0.0,1.120417,3,17.67,0,0.0
4,2026-08-28,2026-08-28 19:00:00,19,4,0,0,0.0,0.0,0.0,1.120417,3,18.22,0,0.0
4,2026-08-28,2026-08-28 20:00:00,20,4,0,0,0.0,0.0,0.0,1.120417,3,17.88,0,14.89
4,2026-08-28,2026-08-28 21:00:00,21,4,0,0,14.89,0.0,0.0,1.740833,3,16.43,0,0.0
4,2026-08-28,2026-08-28 22:00:00,22,4,0,0,0.0,0.0,0.0,1.740833,3,16.68,0,0.0
4,2026-08-28,2026-08-28 23:00:00,23,4,0,0,0.0,0.0,0.0,1.740833,3,15.04,0,0.0
4,2026-08-29,2026-08-29 00:00:00,0,5,1,0,0.0,0.0,0.0,1.740833,3,14.95,0,0.0
4,2026-08-29,2026-08-29 01:00:00,1,5,1,0,0.0,0.0,0.0,1.740833,3,16.5,0,0.0
4,2026-08-29,2026-08-29 02:00:00,2,5,1,0,0.0,0.0,0.0,1.740833,3,16.21,0,0.0
4,2026-08-29,2026-08-29 03:00:00,3,5,1,0,0.0,0.0,0.0,1.740833,3,14.74,0,0.0
4,2026-08-29,2026-08-29 04:00:00,4,5,1,0,0.0,0.0,0.0,1.740833,3,17.08,0,0.0
4,2026-08-29,2026-08-29 05:00:00,5,5,1,0,0.0,0.0,0.0,1.740833,3,16.93,0,0.0
4,2026-08-29,2026-08-29 06:00:00,6,5,1,0,0.0,0.0,0.0,1.740833,3,16.79,1,0.0
4,2026-08-29,2026-08-29 07:00:00,7,5,1,0,0.0,0.0,0.0,1.740833,3,17.47,0,0.0
4,2026-08-29,2026-08-29 08:00:00,8,5,1,0,0.0,26.89,0.0,1.740833,3,18.84,1,0.0
4,2026-08-29,2026-08-29 09:00:00,9,5,1,0,0.0,0.0,0.0,0.620417,3,19.79,0,0.0
4,2026-08-29,2026-08-29 10:00:00,10,5,1,0,0.0,0.0,0.0,0.620417,3,22.03,0,0.0
4,2026-08-29,2026-08-29 11:00:00,11,5,1,0,0.0,0.0,0.0,0.620417,3,22.1,0,0.0
4,2026-08-29,2026-08-29 12:00:00,12,5,1,0,0.0,0.0,26.6,0.620417,3,21.85,0,0.0
4,2026-08-29,2026-08-29 13:00:00,13,5,1,0,0.0,0.0,0.0,0.620417,3,19.38,0,0.0
4,2026-08-29,2026-08-29 14:00:00,14,5,1,0,0.0,0.0,0.0,0.620417,3,20.73,0,19.43
4,2026-08-29,2026-08-29 15:00:00,15,5,1,0,19.43,0.0,0.0,1.43,3,20.57,0,0.0
4,2026-08-29,2026-08-29 16:00:00,16,5,1,0,0.0,0.0,0.0,1.43,3,19.85,0,0.0
4,2026-08-29,2026-08-29 17:00:00,17,5,1,0,0.0,0.0,0.0,1.43,3,18.36,0,0.0
4,2026-08-29,2026-08-29 18:00:00,18,5,1,0,0.0,0.0,0.0,1.43,3,16.87,0,0.0
4,2026-08-29,2026-08-29 19:00:00,19,5,1,0,0.0,0.0,0.0,1.43,3,17.48,1,0.0
4,2026-08-29,2026-08-29 20:00:00,20,5,1,0,0.0,14.89,0.0,1.43,3,15.72,0,0.0
4,2026-08-29,2026-08-29 21:00:00,21,5,1,0,0.0,0.0,0.0,0.809583,3,15.43,0,0.0
4,2026-08-29,2026-08-29 22:00:00,22,5,1,0,0.0,0.0,0.0,0.809583,3,15.66,0,0.0
4,2026-08-29,2026-08-29 23:00:00,23,5,1,0,0.0,0.0,0.0,0.809583,3,13.82,0,0.0
4,2026-08-30,2026-08-30 00:00:00,0,6,1,0,0.0,0.0,0.0,0.809583,3,16.22,0,0.0
4,2026-08-30,2026-08-30 01:00:00,1,6,1,0,0.0,0.0,0.0,0.809583,3,13.89,0,0.0
4,2026-08-30,2026-08-30 02:00:00,2,6,1,0,0.0,0.0,0.0,0.809583,3,16.16,1,0.0
4,2026-08-30,2026-08-30 03:00:00,3,6,1,0,0.0,0.0,0.0,0.809583,3,16.73,0,0.0
4,2026-08-30,2026-08-30 04:00:00,4,6,1,0,0.0,0.0,0.0,0.809583,3,15.95,0,0.0
4,2026-08-30,2026-08-30 05:00:00,5,6,1,0,0.0,0.0,0.0,0.809583,3,17.59,1,0.0
4,2026-08-30,2026-08-30 06:00:00,6,6,1,0,0.0,0.0,0.0,0.809583,3,18.63,0,0.0
4,2026-08-30,2026-08-30 07:00:00,7,6,1,0,0.0,0.0,0.0,0.809583,3,19.9,0,0.0
4,2026-08-30,2026-08-30 08:00:00,8,6,1,0,0.0,0.0,0.0,0.809583,3,18.18,0,0.0
4,2026-08-30,2026-08-30 09:00:00,9,6,1,0,0.0,0.0,0.0,0.809583,3,21.32,0,12.88
4,2026-08-30,2026-08-30 10:00:00,10,6,1,0,12.88,0.0,0.0,1.34625,3,20.0,1,0.0
4,2026-08-30,2026-08-30 11:00:00,11,6,1,0,0.0,0.0,0.0,1.34625,3,19.25,0,0.0
4,2026-08-30,2026-08-30 12:00:00,12,6,1,0,0.0,0.0,0.0,1.34625,3,19.68,0,0.0
4,2026-08-30,2026-08-30 13:00:00,13,6,1,0,0.0,0.0,0.0,1.34625,3,19.21,0,58.0
4,2026-08-30,2026-08-30 14:00:00,14,6,1,0,58.0,19.43,0.0,3.762917,3,21.83,0,0.0
4,2026-08-30,2026-08-30 15:00:00,15,6,1,0,0.0,0.0,0.0,2.953333,3,20.67,0,0.0
4,2026-08-30,2026-08-30 16:00:00,16,6,1,0,0.0,0.0,0.0,2.953333,3,18.85,0,0.0
4,2026-08-30,2026-08-30 17:00:00,17,6,1,0,0.0,0.0,0.0,2.953333,3,17.92,0,0.0
4,2026-08-30,2026-08-30 18:00:00,18,6,1,0,0.0,0.0,0.0,2.953333,3,18.95,0,0.0
4,2026-08-30,2026-08-30 19:00:00,19,6,1,0,0.0,0.0,0.0,2.953333,3,17.89,0,0.0
4,2026-08-30,2026-08-30 20:00:00,20,6,1,0,0.0,0.0,0.0,2.953333,3,17.14,0,0.0
4,2026-08-30,2026-08-30 21:00:00,21,6,1,0,0.0,0.0,0.0,2.953333,3,15.65,0,0.0
4,2026-08-30,2026-08-30 22:00:00,22,6,1,0,0.0,0.0,0.0,2.953333,3,15.59,1,0.0
4,2026-08-30,2026-08-30 23:00:00,23,6,1,0,0.0,0.0,0.0,2.953333,3,13.79,0,0.0
4,2026-08-31,2026-08-31 00:00:00,0,0,0,0,0.0,0.0,0.0,2.953333,3,14.26,0,0.0
4,2026-08-31,2026-08-31 01:00:00,1,0,0,0,0.0,0.0,0.0,2.953333,3,14.99,0,0.0
4,2026-08-31,2026-08-31 02:00:00,2,0,0,0,0.0,0.0,0.0,2.953333,3,16.26,0,0.0
4,2026-08-31,2026-08-31 03:00:00,3,0,0,0,0.0,0.0,0.0,2.953333,3,14.27,1,0.0
4,2026-08-31,2026-08-31 04:00:00,4,0,0,0,0.0,0.0,0.0,2.953333,3,17.57,0,0.0
4,2026-08-31,2026-08-31 05:00:00,5,0,0,0,0.0,0.0,0.0,2.953333,3,18.17,1,0.0
4,2026-08-31,2026-08-31 06:00:00,6,0,0,0,0.0,0.0,0.0,2.953333,3,16.53,0,0.0
4,2026-08-31,2026-08-31 07:00:00,7,0,0,0,0.0,0.0,0.0,2.953333,3,18.45,0,0.0
4,2026-08-31,2026-08-31 08:00:00,8,0,0,0,0.0,0.0,0.0,2.953333,3,19.99,0,0.0
4,2026-08-31,2026-08-31 09:00:00,9,0,0,0,0.0,12.88,0.0,2.953333,3,20.24,1,0.0
4,2026-08-31,2026-08-31 10:00:00,10,0,0,0,0.0,0.0,0.0,2.416667,3,20.34,0,0.0
4,2026-08-31,2026-08-31 11:00:00,11,0,0,0,0.0,0.0,0.0,2.416667,3,21.04,1,0.0
4,2026-08-31,2026-08-31 12:00:00,12,0,0,0,0.0,0.0,0.0,2.416667,3,19.64,0,0.0
4,2026-08-31,2026-08-31 13:00:00,13,0,0,0,0.0,58.0,0.0,2.416667,3,19.78,1,0.0
4,2026-08-31,2026-08-31 14:00:00,14,0,0,0,0.0,0.0,0.0,0.0,3,20.66,0,30.44
4,2026-08-31,2026-08-31 15:00:00,15,0,0,0,30.44,0.0,0.0,1.268333,3,21.06,0,0.0
4,2026-08-31,2026-08-31 16:00:00,16,0,0,0,0.0,0.0,0.0,1.268333,3,19.17,0,0.0
4,2026-08-31,2026-08-31 17:00:00,17,0,0,0,0.0,0.0,0.0,1.268333,3,18.62,1,38.05
4,2026-08-31,2026-08-31 18:00:00,18,0,0,0,38.05,0.0,0.0,2.85375,3,16.8,0,0.0
4,2026-08-31,2026-08-31 19:00:00,19,0,0,0,0.0,0.0,0.0,2.85375,3,17.66,0,15.83
4,2026-08-31,2026-08-31 20:00:00,20,0,0,0,15.83,0.0,0.0,3.513333,3,15.28,0,0.0
4,2026-08-31,2026-08-31 21:00:00,21,0,0,0,0.0,0.0,0.0,3.513333,3,15.92,0,0.0
4,2026-08-31,2026-08-31 22:00:00,22,0,0,0,0.0,0.0,0.0,3.513333,3,15.01,0,0.0
4,2026-08-31,2026-08-31 23:00:00,23,0,0,0,0.0,0.0,0.0,3.513333,3,14.84,0,0.0
4,2026-09-01,2026-09-01 00:00:00,0,1,0,0,0.0,0.0,0.0,3.513333,3,15.03,0,0.0
4,2026-09-01,2026-09-01 01:00:00,1,1,0,0,0.0,0.0,0.0,3.513333,3,13.81,0,0.0
4,2026-09-01,2026-09-01 02:00:00,2,1,0,0,0.0,0.0,0.0,3.513333,3,14.98,0,0.0
4,2026-09-01,2026-09-01 03:00:00,3,1,0,0,0.0,0.0,0.0,3.513333,3,14.92,1,0.0
4,2026-09-01,2026-09-01 04:00:00,4,1,0,0,0.0,0.0,0.0,3.513333,3,15.13,1,0.0
4,2026-09-01,2026-09-01 05:00:00,5,1,0,0,0.0,0.0,0.0,3.513333,3,17.15,0,0.0
4,2026-09-01,2026-09-01 06:00:00,6,1,0,0,0.0,0.0,0.0,3.513333,3,16.33,0,0.0
4,2026-09-01,2026-09-01 07:00:00,7,1,0,0,0.0,0.0,0.0,3.513333,3,18.67,1,0.0
4,2026-09-01,2026-09-01 08:00:00,8,1,0,0,0.0,0.0,0.0,3.513333,3,18.87,0,0.0
4,2026-09-01,2026-09-01 09:00:00,9,1,0,0,0.0,0.0,0.0,3.513333,3,20.53,0,0.0
4,2026-09-01,2026-09-01 10:00:00,10,1,0,0,0.0,0.0,0.0,3.513333,3,20.79,0,0.0
4,2026-09-01,2026-09-01 11:00:00,11,1,0,0,0.0,0.0,0.0,3.513333,3,20.16,0,0.0
4,2026-09-01,2026-09-01 12:00:00,12,1,0,0,0.0,0.0,0.0,3.513333,3,20.22,0,0.0
4,2026-09-01,2026-09-01 13:00:00,13,1,0,0,0.0,0.0,0.0,3.513333,3,21.21,0,0.0
4,2026-09-01,2026-09-01 14:00:00,14,1,0,0,0.0,30.44,0.0,3.513333,3,20.88,0,0.0
4,2026-09-01,2026-09-01 15:00:00,15,1,0,0,0.0,0.0,0.0,2.245,3,19.93,0,24.4
5,2026-08-15,2026-08-15 08:00:00,8,5,1,0,0.0,0.0,40.61,0.0,4,22.8,0,0.0
5,2026-08-15,2026-08-15 09:00:00,9,5,1,0,0.0,0.0,0.0,0.0,4,22.94,0,0.0
5,2026-08-15,2026-08-15 10:00:00,10,5,1,0,0.0,0.0,0.0,0.0,4,23.13,1,0.0
5,2026-08-15,2026-08-15 11:00:00,11,5,1,0,0.0,0.0,22.1,0.0,4,21.47,1,0.0
5,2026-08-15,2026-08-15 12:00:00,12,5,1,0,0.0,0.0,0.0,0.0,4,23.0,0,0.0
5,2026-08-15,2026-08-15 13:00:00,13,5,1,0,0.0,0.0,0.0,0.0,4,22.27,0,0.0
5,2026-08-15,2026-08-15 14:00:00,14,5,1,0,0.0,0.0,0.0,0.0,4,21.48,0,0.0
5,2026-08-15,2026-08-15 15:00:00,15,5,1,0,0.0,0.0,0.0,0.0,4,22.17,0,0.0
5,2026-08-15,2026-08-15 16:00:00,16,5,1,0,0.0,0.0,0.0,0.0,4,20.26,0,0.0
5,2026-08-15,2026-08-15 17:00:00,17,5,1,0,0.0,0.0,0.0,0.0,4,20.31,1,0.0
5,2026-08-15,2026-08-15 18:00:00,18,5,1,0,0.0,0.0,0.0,0.0,4,20.89,0,0.0
5,2026-08-15,2026-08-15 19:00:00,19,5,1,0,0.0,0.0,0.0,0.0,4,20.74,0,0.0
5,2026-08-15,2026-08-15 20:00:00,20,5,1,0,0.0,0.0,0.0,0.0,4,19.03,1,36.13
5,2026-08-15,2026-08-15 21:00:00,21,5,1,0,36.13,0.0,0.0,1.505417,4,19.14,1,0.0
5,2026-08-15,2026-08-15 22:00:00,22,5,1,0,0.0,0.0,0.0,1.505417,4,17.42,0,0.0
5,2026-08-15,2026-08-15 23:00:00,23,5,1,0,0.0,0.0,0.0,1.505417,4,16.7,0,0.0
5,2026-08-16,2026-08-16 00:00:00,0,6,1,0,0.0,0.0,0.0,1.505417,4,16.88,0,0.0
5,2026-08-16,2026-08-16 01:00:00,1,6,1,0,0.0,0.0,0.0,1.505417,4,17.0,0,0.0
5,2026-08-16,2026-08-16 02:00:00,2,6,1,0,0.0,0.0,0.0,1.505417,4,16.2,0,0.0
5,2026-08-16,2026-08-16 03:00:00,3,6,1,0,0.0,0.0,0.0,1.505417,4,16.95,1,0.0
5,2026-08-16,2026-08-16 04:00:00,4,6,1,0,0.0,0.0,0.0,1.505417,4,18.11,1,0.0
5,2026-08-16,2026-08-16 05:00:00,5,6,1,0,0.0,0.0,0.0,1.505417,4,17.78,0,0.0
5,2026-08-16,2026-08-16 06:00:00,6,6,1,0,0.0,0.0,0.0,1.505417,4,20.53,0,0.0
5,2026-08-16,2026-08-16 07:00:00,7,6,1,0,0.0,0.0,0.0,1.505417,4,19.7,0,0.0
5,2026-08-16,2026-08-16 08:00:00,8,6,1,0,0.0,0.0,55.93,1.505417,4,22.31,0,0.0
5,2026-08-16,2026-08-16 09:00:00,9,6,1,0,0.0,0.0,0.0,1.505417,4,21.61,0,0.0
5,2026-08-16,2026-08-16 10:00:00,10,6,1,0,0.0,0.0,0.0,1.505417,4,23.81,0,0.0
5,2026-08-16,2026-08-16 11:00:00,11,6,1,0,0.0,0.0,0.0,1.505417,4,23.56,0,0.0
5,2026-08-16,2026-08-16 12:00:00,12,6,1,0,0.0,0.0,0.0,1.505417,4,22.64,0,0.0
5,2026-08-16,2026-08-16 13:00:00,13,6,1,0,0.0,0.0,0.0,1.505417,4,22.91,0,0.0
5,2026-08-16,2026-08-16 14:00:00,14,6,1,0,0.0,0.0,0.0,1.505417,4,22.34,0,0.0
5,2026-08-16,2026-08-16 15:00:00,15,6,1,0,0.0,0.0,0.0,1.505417,4,20.97,1,0.0
5,2026-08-16,2026-08-16 16:00:00,16,6,1,0,0.0,0.0,0.0,1.505417,4,20.55,0,0.0
5,2026-08-16,2026-08-16 17:00:00,17,6,1,0,0.0,0.0,0.0,1.505417,4,19.61,0,0.0
5,2026-08-16,2026-08-16 18:00:00,18,6,1,0,0.0,0.0,0.0,1.505417,4,21.23,0,0.0
5,2026-08-16,2026-08-16 19:00:00,19,6,1,0,0.0,0.0,0.0,1.505417,4,18.47,0,0.0
5,2026-08-16,2026-08-16 20:00:00,20,6,1,0,0.0,36.13,0.0,1.505417,4,17.59,0,0.0
5,2026-08-16,2026-08-16 21:00:00,21,6,1,0,0.0,0.0,0.0,0.0,4,18.92,0,0.0
5,2026-08-16,2026-08-16 22:00:00,22,6,1,0,0.0,0.0,0.0,0.0,4,17.0,0,0.0
5,2026-08-16,2026-08-16 23:00:00,23,6,1,0,0.0,0.0,0.0,0.0,4,17.41,0,0.0
5,2026-08-17,2026-08-17 00:00:00,0,0,0,0,0.0,0.0,0.0,0.0,4,18.1,0,0.0
5,2026-08-17,2026-08-17 01:00:00,1,0,0,0,0.0,0.0,0.0,0.0,4,16.0,0,0.0
5,2026-08-17,2026-08-17 02:00:00,2,0,0,0,0.0,0.0,0.0,0.0,4,18.05,0,0.0
5,2026-08-17,2026-08-17 03:00:00,3,0,0,0,0.0,0.0,0.0,0.0,4,16.18,0,0.0
5,2026-08-17,2026-08-17 04:00:00,4,0,0,0,0.0,0.0,0.0,0.0,4,19.68,0,0.0
5,2026-08-17,2026-08-17 05:00:00,5,0,0,0,0.0,0.0,0.0,0.0,4,18.31,0,0.0
5,2026-08-17,2026-08-17 06:00:00,6,0,0,0,0.0,0.0,0.0,0.0,4,20.58,0,0.0
5,2026-08-17,2026-08-17 07:00:00,7,0,0,0,0.0,0.0,0.0,0.0,4,21.63,0,0.0
5,2026-08-17,2026-08-17 08:00:00,8,0,0,0,0.0,0.0,0.0,0.0,4,21.33,0,0.0
5,2026-08-17,2026-08-17 09:00:00,9,0,0,0,0.0,0.0,0.0,0.0,4,21.11,0,0.0
5,2026-08-17,2026-08-17 10:00:00,10,0,0,0,0.0,0.0,0.0,0.0,4,21.04,0,0.0
5,2026-08-17,2026-08-17 11:00:00,11,0,0,0,0.0,0.0,0.0,0.0,4,21.43,0,0.0
5,2026-08-17,2026-08-17 12:00:00,12,0,0,0,0.0,0.0,0.0,0.0,4,22.77,0,0.0
5,2026-08-17,2026-08-17 13:00:00,13,0,0,0,0.0,0.0,0.0,0.0,4,21.38,0,0.0
5,2026-08-17,2026-08-17 14:00:00,14,0,0,0,0.0,0.0,0.0,0.0,4,21.83,1,0.0
5,2026-08-17,2026-08-17 15:00:00,15,0,0,0,0.0,0.0,0.0,0.0,4,21.58,0,0.0
5,2026-08-17,2026-08-17 16:00:00,16,0,0,0,0.0,0.0,0.0,0.0,4,22.72,0,0.0
5,2026-08-17,2026-08-17 17:00:00,17,0,0,0,0.0,0.0,0.0,0.0,4,21.15,0,0.0
5,2026-08-17,2026-08-17 18:00:00,18,0,0,0,0.0,0.0,0.0,0.0,4,19.27,0,0.0
5,2026-08-17,2026-08-17 19:00:00,19,0,0,0,0.0,0.0,0.0,0.0,4,18.97,0,0.0
5,2026-08-17,2026-08-17 20:00:00,20,0,0,0,0.0,0.0,0.0,0.0,4,19.26,0,0.0
5,2026-08-17,2026-08-17 21:00:00,21,0,0,0,0.0,0.0,0.0,0.0,4,16.45,1,0.0
5,2026-08-17,2026-08-17 22:00:00,22,0,0,0,0.0,0.0,0.0,0.0,4,16.57,0,0.0
5,2026-08-17,2026-08-17 23:00:00,23,0,0,0,0.0,0.0,0.0,0.0,4,16.14,1,0.0
5,2026-08-18,2026-08-18 00:00:00,0,1,0,0,0.0,0.0,0.0,0.0,4,15.53,0,0.0
5,2026-08-18,2026-08-18 01:00:00,1,1,0,0,0.0,0.0,0.0,0.0,4,15.37,0,0.0
5,2026-08-18,2026-08-18 02:00:00,2,1,0,0,0.0,0.0,0.0,0.0,4,15.95,0,0.0
5,2026-08-18,2026-08-18 03:00:00,3,1,0,0,0.0,0.0,0.0,0.0,4,18.21,0,0.0
5,2026-08-18,2026-08-18 04:00:00,4,1,0,0,0.0,0.0,0.0,0.0,4,17.21,1,0.0
5,2026-08-18,2026-08-18 05:00:00,5,1,0,0,0.0,0.0,0.0,0.0,4,17.85,0,0.0
5,2026-08-18,2026-08-18 06:00:00,6,1,0,0,0.0,0.0,0.0,0.0,4,20.47,0,0.0
5,2026-08-18,2026-08-18 07:00:00,7,1,0,0,0.0,0.0,0.0,0.0,4,21.28,0,0.0
5,2026-08-18,2026-08-18 08:00:00,8,1,0,0,0.0,0.0,0.0,0.0,4,21.78,0,0.0
5,2026-08-18,2026-08-18 09:00:00,9,1,0,0,0.0,0.0,0.0,0.0,4,20.95,0,0.0
5,2026-08-18,2026-08-18 10:00:00,10,1,0,0,0.0,0.0,0.0,0.0,4,20.94,0,0.0
5,2026-08-18,2026-08-18 11:00:00,11,1,0,0,0.0,0.0,0.0,0.0,4,23.26,0,0.0
5,2026-08-18,2026-08-18 12:00:00,12,1,0,0,0.0,0.0,0.0,0.0,4,21.13,1,0.0
5,2026-08-18,2026-08-18 13:00:00,13,1,0,0,0.0,0.0,0.0,0.0,4,22.93,1,0.0
5,2026-08-18,2026-08-18 14:00:00,14,1,0,0,0.0,0.0,0.0,0.0,4,23.4,0,0.0
5,2026-08-18,2026-08-18 15:00:00,15,1,0,0,0.0,0.0,0.0,0.0,4,20.63,0,0.0
5,2026-08-18,2026-08-18 16:00:00,16,1,0,0,0.0,0.0,0.0,0.0,4,20.61,0,0.0
5,2026-08-18,2026-08-18 17:00:00,17,1,0,0,0.0,0.0,0.0,0.0,4,20.14,0,0.0
5,2026-08-18,2026-08-18 18:00:00,18,1,0,0,0.0,0.0,0.0,0.0,4,19.88,0,0.0
5,2026-08-18,2026-08-18 19:00:00,19,1,0,0,0.0,0.0,0.0,0.0,4,18.07,1,0.0
5,2026-08-18,2026-08-18 20:00:00,20,1,0,0,0.0,0.0,0.0,0.0,4,16.82,0,0.0
5,2026-08-18,2026-08-18 21:00:00,21,1,0,0,0.0,0.0,48.61,0.0,4,18.62,0,0.0
5,2026-08-18,2026-08-18 22:00:00,22,1,0,0,0.0,0.0,0.0,0.0,4,17.88,0,0.0
5,2026-08-18,2026-08-18 23:00:00,23,1,0,0,0.0,0.0,0.0,0.0,4,17.15,1,0.0
5,2026-08-19,2026-08-19 00:00:00,0,2,0,0,0.0,0.0,0.0,0.0,4,17.64,0,0.0
5,2026-08-19,2026-08-19 01:00:00,1,2,0,0,0.0,0.0,0.0,0.0,4,15.52,1,0.0
5,2026-08-19,2026-08-19 02:00:00,2,2,0,0,0.0,0.0,0.0,0.0,4,16.02,0,0.0
5,2026-08-19,2026-08-19 03:00:00,3,2,0,0,0.0,0.0,0.0,0.0,4,17.64,0,0.0
5,2026-08-19,2026-08-19 04:00:00,4,2,0,0,0.0,0.0,0.0,0.0,4,17.5,0,0.0
5,2026-08-19,2026-08-19 05:00:00,5,2,0,0,0.0,0.0,0.0,0.0,4,17.88,0,0.0
5,2026-08-19,2026-08-19 06:00:00,6,2,0,0,0.0,0.0,0.0,0.0,4,20.65,1,0.0
5,2026-08-19,2026-08-19 07:00:00,7,2,0,0,0.0,0.0,0.0,0.0,4,19.71,0,0.0
5,2026-08-19,2026-08-19 08:00:00,8,2,0,0,0.0,0.0,0.0,0.0,4,19.5,0,0.0
5,2026-08-19,2026-08-19 09:00:00,9,2,0,0,0.0,0.0,0.0,0.0,4,21.49,0,0.0
5,2026-08-19,2026-08-19 10:00:00,10,2,0,0,0.0,0.0,0.0,0.0,4,21.98,0,0.0
5,2026-08-19,2026-08-19 11:00:00,11,2,0,0,0.0,0.0,0.0,0.0,4,23.78,0,0.0
5,2026-08-19,2026-08-19 12:00:00,12,2,0,0,0.0,0.0,0.0,0.0,4,22.28,0,0.0
5,2026-08-19,2026-08-19 13:00:00,13,2,0,0,0.0,0.0,0.0,0.0,4,22.31,0,0.0
5,2026-08-19,2026-08-19 14:00:00,14,2,0,0,0.0,0.0,0.0,0.0,4,23.17,0,0.0
5,2026-08-19,2026-08-19 15:00:00,15,2,0,0,0.0,0.0,0.0,0.0,4,20.64,0,0.0
5,2026-08-19,2026-08-19 16:00:00,16,2,0,0,0.0,0.0,0.0,0.0,4,19.48,0,0.0
5,2026-08-19,2026-08-19 17:00:00,17,2,0,0,0.0,0.0,0.0,0.0,4,19.6,0,0.0
5,2026-08-19,2026-08-19 18:00:00,18,2,0,0,0.0,0.0,0.0,0.0,4,20.88,1,0.0
5,2026-08-19,2026-08-19 19:00:00,19,2,0,0,0.0,0.0,0.0,0.0,4,19.18,0,0.0
5,2026-08-19,2026-08-19 20:00:00,20,2,0,0,0.0,0.0,0.0,0.0,4,17.26,0,0.0
5,2026-08-19,2026-08-19 21:00:00,21,2,0,0,0.0,0.0,0.0,0.0,4,16.57,0,0.0
5,2026-08-19,2026-08-19 22:00:00,22,2,0,0,0.0,0.0,0.0,0.0,4,15.72,0,0.0
5,2026-08-19,2026-08-19 23:00:00,23,2,0,0,0.0,0.0,0.0,0.0,4,17.42,0,0.0
5,2026-08-20,2026-08-20 00:00:00,0,3,0,0,0.0,0.0,0.0,0.0,4,16.23,0,0.0
5,2026-08-20,2026-08-20 01:00:00,1,3,0,0,0.0,0.0,0.0,0.0,4,16.13,0,0.0
5,2026-08-20,2026-08-20 02:00:00,2,3,0,0,0.0,0.0,0.0,0.0,4,15.21,0,0.0
5,2026-08-20,2026-08-20 03:00:00,3,3,0,0,0.0,0.0,0.0,0.0,4,17.06,0,0.0
5,2026-08-20,2026-08-20 04:00:00,4,3,0,0,0.0,0.0,0.0,0.0,4,19.07,0,0.0
5,2026-08-20,2026-08-20 05:00:00,5,3,0,0,0.0,0.0,0.0,0.0,4,19.45,0,0.0
5,2026-08-20,2026-08-20 06:00:00,6,3,0,0,0.0,0.0,0.0,0.0,4,18.31,0,0.0
5,2026-08-20,2026-08-20 07:00:00,7,3,0,0,0.0,0.0,0.0,0.0,4,19.8,0,0.0
5,2026-08-20,2026-08-20 08:00:00,8,3,0,0,0.0,0.0,0.0,0.0,4,21.29,0,0.0
5,2026-08-20,2026-08-20 09:00:00,9,3,0,0,0.0,0.0,0.0,0.0,4,21.28,0,0.0
5,2026-08-20,2026-08-20 10:00:00,10,3,0,0,0.0,0.0,0.0,0.0,4,22.64,0,0.0
5,2026-08-20,2026-08-20 11:00:00,11,3,0,0,0.0,0.0,0.0,0.0,4,22.53,1,0.0
5,2026-08-20,2026-08-20 12:00:00,12,3,0,0,0.0,0.0,0.0,0.0,4,21.13,0,0.0
5,2026-08-20,2026-08-20 13:00:00,13,3,0,0,0.0,0.0,0.0,0.0,4,23.15,0,0.0
5,2026-08-20,2026-08-20 14:00:00,14,3,0,0,0.0,0.0,0.0,0.0,4,20.74,0,0.0
5,2026-08-20,2026-08-20 15:00:00,15,3,0,0,0.0,0.0,0.0,0.0,4,22.14,0,0.0
5,2026-08-20,2026-08-20 16:00:00,16,3,0,0,0.0,0.0,0.0,0.0,4,22.11,0,0.0
5,2026-08-20,2026-08-20 17:00:00,17,3,0,0,0.0,0.0,0.0,0.0,4,18.69,0,36.88
5,2026-08-20,2026-08-20 18:00:00,18,3,0,0,36.88,0.0,0.0,1.536667,4,18.05,0,0.0
5,2026-08-20,2026-08-20 19:00:00,19,3,0,0,0.0,0.0,0.0,1.536667,4,18.42,0,0.0
5,2026-08-20,2026-08-20 20:00:00,20,3,0,0,0.0,0.0,33.25,1.536667,4,17.63,0,0.0
5,2026-08-20,2026-08-20 21:00:00,21,3,0,0,0.0,0.0,0.0,1.536667,4,16.94,0,0.0
5,2026-08-20,2026-08-20 22:00:00,22,3,0,0,0.0,0.0,0.0,1.536667,4,15.22,0,0.0
5,2026-08-20,2026-08-20 23:00:00,23,3,0,0,0.0,0.0,0.0,1.536667,4,17.4,0,0.0
5,2026-08-21,2026-08-21 00:00:00,0,4,0,0,0.0,0.0,0.0,1.536667,4,15.21,0,0.0
5,2026-08-21,2026-08-21 01:00:00,1,4,0,0,0.0,0.0,0.0,1.536667,4,16.69,0,0.0
5,2026-08-21,2026-08-21 02:00:00,2,4,0,0,0.0,0.0,0.0,1.536667,4,17.98,1,0.0
5,2026-08-21,2026-08-21 03:00:00,3,4,0,0,0.0,0.0,0.0,1.536667,4,18.08,0,0.0
5,2026-08-21,2026-08-21 04:00:00,4,4,0,0,0.0,0.0,0.0,1.536667,4,16.91,1,0.0
5,2026-08-21,2026-08-21 05:00:00,5,4,0,0,0.0,0.0,0.0,1.536667,4,17.57,1,0.0
5,2026-08-21,2026-08-21 06:00:00,6,4,0,0,0.0,0.0,0.0,1.536667,4,18.41,1,0.0
5,2026-08-21,2026-08-21 07:00:00,7,4,0,0,0.0,0.0,0.0,1.536667,4,18.45,0,0.0
5,2026-08-21,2026-08-21 08:00:00,8,4,0,0,0.0,0.0,0.0,1.536667,4,19.6,1,0.0
5,2026-08-21,2026-08-21 09:00:00,9,4,0,0,0.0,0.0,0.0,1.536667,4,22.65,0,0.0
5,2026-08-21,2026-08-21 10:00:00,10,4,0,0,0.0,0.0,0.0,1.536667,4,20.38,0,0.0
5,2026-08-21,2026-08-21 11:00:00,11,4,0,0,0.0,0.0,0.0,1.536667,4,22.4,0,0.0
5,2026-08-21,2026-08-21 12:00:00,12,4,0,0,0.0,0.0,0.0,1.536667,4,23.03,0,0.0
5,2026-08-21,2026-08-21 13:00:00,13,4,0,0,0.0,0.0,0.0,1.536667,4,22.73,1,0.0
5,2026-08-21,2026-08-21 14:00:00,14,4,0,0,0.0,0.0,0.0,1.536667,4,20.76,0,0.0
5,2026-08-21,2026-08-21 15:00:00,15,4,0,0,0.0,0.0,0.0,1.536667,4,21.98,0,0.0
5,2026-08-21,2026-08-21 16:00:00,16,4,0,0,0.0,0.0,0.0,1.536667,4,21.35,0,0.0
5,2026-08-21,2026-08-21 17:00:00,17,4,0,0,0.0,36.88,0.0,1.536667,4,20.89,0,0.0
5,2026-08-21,2026-08-21 18:00:00,18,4,0,0,0.0,0.0,0.0,0.0,4,17.68,0,0.0
5,2026-08-21,2026-08-21 19:00:00,19,4,0,0,0.0,0.0,0.0,0.0,4,19.24,0,0.0
5,2026-08-21,2026-08-21 20:00:00,20,4,0,0,0.0,0.0,0.0,0.0,4,17.37,1,0.0
5,2026-08-21,2026-08-21 21:00:00,21,4,0,0,0.0,0.0,0.0,0.0,4,16.52,0,0.0
5,2026-08-21,2026-08-21 22:00:00,22,4,0,0,0.0,0.0,0.0,0.0,4,16.82,0,0.0
5,2026-08-21,2026-08-21 23:00:00,23,4,0,0,0.0,0.0,0.0,0.0,4,17.41,0,0.0
5,2026-08-22,2026-08-22 00:00:00,0,5,1,0,0.0,0.0,0.0,0.0,4,16.83,0,0.0
5,2026-08-22,2026-08-22 01:00:00,1,5,1,0,0.0,0.0,0.0,0.0,4,14.76,0,0.0
5,2026-08-22,2026-08-22 02:00:00,2,5,1,0,0.0,0.0,0.0,0.0,4,15.51,0,0.0
5,2026-08-22,2026-08-22 03:00:00,3,5,1,0,0.0,0.0,0.0,0.0,4,18.12,0,0.0
5,2026-08-22,2026-08-22 04:00:00,4,5,1,0,0.0,0.0,0.0,0.0,4,17.25,0,0.0
5,2026-08-22,2026-08-22 05:00:00,5,5,1,0,0.0,0.0,0.0,0.0,4,18.45,0,0.0
5,2026-08-22,2026-08-22 06:00:00,6,5,1,0,0.0,0.0,0.0,0.0,4,19.47,1,0.0
5,2026-08-22,2026-08-22 07:00:00,7,5,1,0,0.0,0.0,0.0,0.0,4,21.18,0,0.0
5,2026-08-22,2026-08-22 08:00:00,8,5,1,0,0.0,0.0,0.0,0.0,4,19.78,0,0.0
5,2026-08-22,2026-08-22 09:00:00,9,5,1,0,0.0,0.0,0.0,0.0,4,22.2,0,0.0
5,2026-08-22,2026-08-22 10:00:00,10,5,1,0,0.0,0.0,0.0,0.0,4,20.35,0,0.0
5,2026-08-22,2026-08-22 11:00:00,11,5,1,0,0.0,0.0,0.0,0.0,4,21.72,0,0.0
5,2026-08-22,2026-08-22 12:00:00,12,5,1,0,0.0,0.0,0.0,0.0,4,21.6,0,0.0
5,2026-08-22,2026-08-22 13:00:00,13,5,1,0,0.0,0.0,0.0,0.0,4,22.88,0,0.0
5,2026-08-22,2026-08-22 14:00:00,14,5,1,0,0.0,0.0,0.0,0.0,4,21.37,1,0.0
5,2026-08-22,2026-08-22 15:00:00,15,5,1,0,0.0,0.0,0.0,0.0,4,19.78,0,0.0
5,2026-08-22,2026-08-22 16:00:00,16,5,1,0,0.0,0.0,0.0,0.0,4,19.79,1,0.0
5,2026-08-22,2026-08-22 17:00:00,17,5,1,0,0.0,0.0,0.0,0.0,4,19.36,1,0.0
5,2026-08-22,2026-08-22 18:00:00,18,5,1,0,0.0,0.0,0.0,0.0,4,18.12,0,0.0
5,2026-08-22,2026-08-22 19:00:00,19,5,1,0,0.0,0.0,0.0,0.0,4,16.8,0,0.0
5,2026-08-22,2026-08-22 20:00:00,20,5,1,0,0.0,0.0,36.13,0.0,4,17.9,0,0.0
5,2026-08-22,2026-08-22 21:00:00,21,5,1,0,0.0,0.0,0.0,0.0,4,18.2,0,0.0
5,2026-08-22,2026-08-22 22:00:00,22,5,1,0,0.0,0.0,0.0,0.0,4,17.86,0,0.0
5,2026-08-22,2026-08-22 23:00:00,23,5,1,0,0.0,0.0,0.0,0.0,4,16.29,0,0.0
5,2026-08-23,2026-08-23 00:00:00,0,6,1,0,0.0,0.0,0.0,0.0,4,16.29,1,0.0
5,2026-08-23,2026-08-23 01:00:00,1,6,1,0,0.0,0.0,0.0,0.0,4,14.85,1,0.0
5,2026-08-23,2026-08-23 02:00:00,2,6,1,0,0.0,0.0,0.0,0.0,4,15.43,0,0.0
5,2026-08-23,2026-08-23 03:00:00,3,6,1,0,0.0,0.0,0.0,0.0,4,17.38,0,0.0
5,2026-08-23,2026-08-23 04:00:00,4,6,1,0,0.0,0.0,0.0,0.0,4,16.27,0,0.0
5,2026-08-23,2026-08-23 05:00:00,5,6,1,0,0.0,0.0,0.0,0.0,4,19.2,0,0.0
5,2026-08-23,2026-08-23 06:00:00,6,6,1,0,0.0,0.0,0.0,0.0,4,17.77,0,0.0
5,2026-08-23,2026-08-23 07:00:00,7,6,1,0,0.0,0.0,0.0,0.0,4,18.12,0,0.0
5,2026-08-23,2026-08-23 08:00:00,8,6,1,0,0.0,0.0,0.0,0.0,4,21.29,0,0.0
5,2026-08-23,2026-08-23 09:00:00,9,6,1,0,0.0,0.0,0.0,0.0,4,21.28,0,0.0
5,2026-08-23,2026-08-23 10:00:00,10,6,1,0,0.0,0.0,0.0,0.0,4,22.14,1,0.0
5,2026-08-23,2026-08-23 11:00:00,11,6,1,0,0.0,0.0,0.0,0.0,4,22.54,0,0.0
5,2026-08-23,2026-08-23 12:00:00,12,6,1,0,0.0,0.0,0.0,0.0,4,22.0,0,0.0
5,2026-08-23,2026-08-23 13:00:00,13,6,1,0,0.0,0.0,0.0,0.0,4,21.23,0,0.0
5,2026-08-23,2026-08-23 14:00:00,14,6,1,0,0.0,0.0,0.0,0.0,4,21.03,0,0.0
5,2026-08-23,2026-08-23 15:00:00,15,6,1,0,0.0,0.0,0.0,0.0,4,20.07,0,0.0
5,2026-08-23,2026-08-23 16:00:00,16,6,1,0,0.0,0.0,0.0,0.0,4,21.14,0,0.0
5,2026-08-23,2026-08-23 17:00:00,17,6,1,0,0.0,0.0,0.0,0.0,4,20.61,1,0.0
5,2026-08-23,2026-08-23 18:00:00,18,6,1,0,0.0,0.0,0.0,0.0,4,17.4,0,0.0
5,2026-08-23,2026-08-23 19:00:00,19,6,1,0,0.0,0.0,0.0,0.0,4,18.44,0,0.0
5,2026-08-23,2026-08-23 20:00:00,20,6,1,0,0.0,0.0,0.0,0.0,4,17.53,0,0.0
5,2026-08-23,2026-08-23 21:00:00,21,6,1,0,0.0,0.0,0.0,0.0,4,17.18,0,0.0
5,2026-08-23,2026-08-23 22:00:00,22,6,1,0,0.0,0.0,0.0,0.0,4,15.76,0,0.0
5,2026-08-23,2026-08-23 23:00:00,23,6,1,0,0.0,0.0,0.0,0.0,4,16.32,0,0.0
5,2026-08-24,2026-08-24 00:00:00,0,0,0,0,0.0,0.0,0.0,0.0,4,16.39,0,0.0
5,2026-08-24,2026-08-24 01:00:00,1,0,0,0,0.0,0.0,0.0,0.0,4,14.83,0,0.0
5,2026-08-24,2026-08-24 02:00:00,2,0,0,0,0.0,0.0,0.0,0.0,4,15.55,0,0.0
5,2026-08-24,2026-08-24 03:00:00,3,0,0,0,0.0,0.0,0.0,0.0,4,17.49,0,0.0
5,2026-08-24,2026-08-24 04:00:00,4,0,0,0,0.0,0.0,0.0,0.0,4,18.27,0,0.0
5,2026-08-24,2026-08-24 05:00:00,5,0,0,0,0.0,0.0,0.0,0.0,4,17.91,0,0.0
5,2026-08-24,2026-08-24 06:00:00,6,0,0,0,0.0,0.0,0.0,0.0,4,17.32,0,0.0
5,2026-08-24,2026-08-24 07:00:00,7,0,0,0,0.0,0.0,0.0,0.0,4,19.53,0,0.0
5,2026-08-24,2026-08-24 08:00:00,8,0,0,0,0.0,0.0,0.0,0.0,4,20.42,1,0.0
5,2026-08-24,2026-08-24 09:00:00,9,0,0,0,0.0,0.0,0.0,0.0,4,19.88,0,0.0
5,2026-08-24,2026-08-24 10:00:00,10,0,0,0,0.0,0.0,0.0,0.0,4,20.46,0,0.0
5,2026-08-24,2026-08-24 11:00:00,11,0,0,0,0.0,0.0,0.0,0.0,4,20.56,0,0.0
5,2026-08-24,2026-08-24 12:00:00,12,0,0,0,0.0,0.0,0.0,0.0,4,22.34,0,0.0
5,2026-08-24,2026-08-24 13:00:00,13,0,0,0,0.0,0.0,0.0,0.0,4,21.96,1,0.0
5,2026-08-24,2026-08-24 14:00:00,14,0,0,0,0.0,0.0,0.0,0.0,4,20.03,0,0.0
5,2026-08-24,2026-08-24 15:00:00,15,0,0,0,0.0,0.0,0.0,0.0,4,20.48,0,0.0
5,2026-08-24,2026-08-24 16:00:00,16,0,0,0,0.0,0.0,0.0,0.0,4,20.75,0,0.0
5,2026-08-24,2026-08-24 17:00:00,17,0,0,0,0.0,0.0,0.0,0.0,4,18.17,0,0.0
5,2026-08-24,2026-08-24 18:00:00,18,0,0,0,0.0,0.0,0.0,0.0,4,19.99,0,0.0
5,2026-08-24,2026-08-24 19:00:00,19,0,0,0,0.0,0.0,0.0,0.0,4,17.89,0,0.0
5,2026-08-24,2026-08-24 20:00:00,20,0,0,0,0.0,0.0,0.0,0.0,4,18.07,1,29.85
5,2026-08-24,2026-08-24 21:00:00,21,0,0,0,29.85,0.0,0.0,1.24375,4,16.68,0,0.0
5,2026-08-24,2026-08-24 22:00:00,22,0,0,0,0.0,0.0,0.0,1.24375,4,16.64,1,0.0
5,2026-08-24,2026-08-24 23:00:00,23,0,0,0,0.0,0.0,0.0,1.24375,4,16.03,0,0.0
5,2026-08-25,2026-08-25 00:00:00,0,1,0,0,0.0,0.0,0.0,1.24375,4,14.28,0,0.0
5,2026-08-25,2026-08-25 01:00:00,1,1,0,0,0.0,0.0,0.0,1.24375,4,15.39,0,0.0
5,2026-08-25,2026-08-25 02:00:00,2,1,0,0,0.0,0.0,0.0,1.24375,4,17.26,0,0.0
5,2026-08-25,2026-08-25 03:00:00,3,1,0,0,0.0,0.0,0.0,1.24375,4,15.59,0,0.0
5,2026-08-25,2026-08-25 04:00:00,4,1,0,0,0.0,0.0,0.0,1.24375,4,18.23,1,0.0
5,2026-08-25,2026-08-25 05:00:00,5,1,0,0,0.0,0.0,0.0,1.24375,4,17.02,0,0.0
5,2026-08-25,2026-08-25 06:00:00,6,1,0,0,0.0,0.0,0.0,1.24375,4,18.58,0,0.0
5,2026-08-25,2026-08-25 07:00:00,7,1,0,0,0.0,0.0,0.0,1.24375,4,18.83,0,0.0
5,2026-08-25,2026-08-25 08:00:00,8,1,0,0,0.0,0.0,0.0,1.24375,4,20.26,0,0.0
5,2026-08-25,2026-08-25 09:00:00,9,1,0,0,0.0,0.0,0.0,1.24375,4,21.03,0,0.0
5,2026-08-25,2026-08-25 10:00:00,10,1,0,0,0.0,0.0,0.0,1.24375,4,22.16,1,0.0
5,2026-08-25,2026-08-25 11:00:00,11,1,0,0,0.0,0.0,0.0,1.24375,4,20.87,0,0.0
5,2026-08-25,2026-08-25 12:00:00,12,1,0,0,0.0,0.0,0.0,1.24375,4,20.87,0,0.0
5,2026-08-25,2026-08-25 13:00:00,13,1,0,0,0.0,0.0,0.0,1.24375,4,20.44,0,0.0
5,2026-08-25,2026-08-25 14:00:00,14,1,0,0,0.0,0.0,0.0,1.24375,4,20.48,0,0.0
5,2026-08-25,2026-08-25 15:00:00,15,1,0,0,0.0,0.0,0.0,1.24375,4,19.59,0,0.0
5,2026-08-25,2026-08-25 16:00:00,16,1,0,0,0.0,0.0,0.0,1.24375,4,18.94,0,0.0
5,2026-08-25,2026-08-25 17:00:00,17,1,0,0,0.0,0.0,0.0,1.24375,4,18.66,0,0.0
5,2026-08-25,2026-08-25 18:00:00,18,1,0,0,0.0,0.0,0.0,1.24375,4,17.31,0,0.0
5,2026-08-25,2026-08-25 19:00:00,19,1,0,0,0.0,0.0,0.0,1.24375,4,16.74,0,0.0
5,2026-08-25,2026-08-25 20:00:00,20,1,0,0,0.0,29.85,0.0,1.24375,4,17.82,0,0.0
5,2026-08-25,2026-08-25 21:00:00,21,1,0,0,0.0,0.0,0.0,0.0,4,15.79,0,0.0
5,2026-08-25,2026-08-25 22:00:00,22,1,0,0,0.0,0.0,0.0,0.0,4,14.52,1,0.0
5,2026-08-25,2026-08-25 23:00:00,23,1,0,0,0.0,0.0,0.0,0.0,4,15.35,0,0.0
5,2026-08-26,2026-08-26 00:00:00,0,2,0,0,0.0,0.0,0.0,0.0,4,13.84,0,0.0
5,2026-08-26,2026-08-26 01:00:00,1,2,0,0,0.0,0.0,0.0,0.0,4,14.15,1,0.0
5,2026-08-26,2026-08-26 02:00:00,2,2,0,0,0.0,0.0,0.0,0.0,4,15.58,0,0.0
5,2026-08-26,2026-08-26 03:00:00,3,2,0,0,0.0,0.0,0.0,0.0,4,16.55,0,0.0
5,2026-08-26,2026-08-26 04:00:00,4,2,0,0,0.0,0.0,0.0,0.0,4,16.01,1,0.0
5,2026-08-26,2026-08-26 05:00:00,5,2,0,0,0.0,0.0,0.0,0.0,4,17.94,0,0.0
5,2026-08-26,2026-08-26 06:00:00,6,2,0,0,0.0,0.0,0.0,0.0,4,18.3,1,0.0
5,2026-08-26,2026-08-26 07:00:00,7,2,0,0,0.0,0.0,0.0,0.0,4,19.44,0,0.0
5,2026-08-26,2026-08-26 08:00:00,8,2,0,0,0.0,0.0,0.0,0.0,4,20.37,0,0.0
5,2026-08-26,2026-08-26 09:00:00,9,2,0,0,0.0,0.0,0.0,0.0,4,21.92,0,0.0
5,2026-08-26,2026-08-26 10:00:00,10,2,0,0,0.0,0.0,0.0,0.0,4,21.8,0,0.0
5,2026-08-26,2026-08-26 11:00:00,11,2,0,0,0.0,0.0,0.0,0.0,4,22.63,1,0.0
5,2026-08-26,2026-08-26 12:00:00,12,2,0,0,0.0,0.0,0.0,0.0,4,20.23,0,27.98
5,2026-08-26,2026-08-26 13:00:00,13,2,0,0,27.98,0.0,0.0,1.165833,4,20.55,1,0.0
5,2026-08-26,2026-08-26 14:00:00,14,2,0,0,0.0,0.0,0.0,1.165833,4,19.78,1,0.0
5,2026-08-26,2026-08-26 15:00:00,15,2,0,0,0.0,0.0,0.0,1.165833,4,19.01,1,0.0
5,2026-08-26,2026-08-26 16:00:00,16,2,0,0,0.0,0.0,0.0,1.165833,4,18.65,0,0.0
5,2026-08-26,2026-08-26 17:00:00,17,2,0,0,0.0,0.0,0.0,1.165833,4,20.55,0,0.0
5,2026-08-26,2026-08-26 18:00:00,18,2,0,0,0.0,0.0,0.0,1.165833,4,16.94,0,0.0
5,2026-08-26,2026-08-26 19:00:00,19,2,0,0,0.0,0.0,0.0,1.165833,4,18.57,0,0.0
5,2026-08-26,2026-08-26 20:00:00,20,2,0,0,0.0,0.0,0.0,1.165833,4,17.06,0,0.0
5,2026-08-26,2026-08-26 21:00:00,21,2,0,0,0.0,0.0,0.0,1.165833,4,15.53,0,0.0
5,2026-08-26,2026-08-26 22:00:00,22,2,0,0,0.0,0.0,0.0,1.165833,4,17.17,0,0.0
5,2026-08-26,2026-08-26 23:00:00,23,2,0,0,0.0,0.0,0.0,1.165833,4,14.72,0,0.0
5,2026-08-27,2026-08-27 00:00:00,0,3,0,0,0.0,0.0,0.0,1.165833,4,15.27,0,0.0
5,2026-08-27,2026-08-27 01:00:00,1,3,0,0,0.0,0.0,0.0,1.165833,4,16.14,1,0.0
5,2026-08-27,2026-08-27 02:00:00,2,3,0,0,0.0,0.0,0.0,1.165833,4,15.65,0,0.0
5,2026-08-27,2026-08-27 03:00:00,3,3,0,0,0.0,0.0,0.0,1.165833,4,14.8,0,0.0
5,2026-08-27,2026-08-27 04:00:00,4,3,0,0,0.0,0.0,0.0,1.165833,4,17.93,0,0.0
5,2026-08-27,2026-08-27 05:00:00,5,3,0,0,0.0,0.0,0.0,1.165833,4,16.41,0,0.0
5,2026-08-27,2026-08-27 06:00:00,6,3,0,0,0.0,0.0,0.0,1.165833,4,18.39,0,0.0
5,2026-08-27,2026-08-27 07:00:00,7,3,0,0,0.0,0.0,0.0,1.165833,4,20.34,0,0.0
5,2026-08-27,2026-08-27 08:00:00,8,3,0,0,0.0,0.0,0.0,1.165833,4,18.59,0,0.0
5,2026-08-27,2026-08-27 09:00:00,9,3,0,0,0.0,0.0,0.0,1.165833,4,19.16,0,0.0
5,2026-08-27,2026-08-27 10:00:00,10,3,0,0,0.0,0.0,0.0,1.165833,4,21.17,1,0.0
5,2026-08-27,2026-08-27 11:00:00,11,3,0,0,0.0,0.0,0.0,1.165833,4,21.51,0,0.0
5,2026-08-27,2026-08-27 12:00:00,12,3,0,0,0.0,27.98,0.0,1.165833,4,20.95,0,0.0
5,2026-08-27,2026-08-27 13:00:00,13,3,0,0,0.0,0.0,0.0,0.0,4,21.05,0,0.0
5,2026-08-27,2026-08-27 14:00:00,14,3,0,0,0.0,0.0,0.0,0.0,4,20.37,1,0.0
5,2026-08-27,2026-08-27 15:00:00,15,3,0,0,0.0,0.0,0.0,0.0,4,20.97,1,0.0
5,2026-08-27,2026-08-27 16:00:00,16,3,0,0,0.0,0.0,0.0,0.0,4,19.82,0,0.0
5,2026-08-27,2026-08-27 17:00:00,17,3,0,0,0.0,0.0,36.88,0.0,4,18.27,0,30.64
5,2026-08-27,2026-08-27 18:00:00,18,3,0,0,30.64,0.0,0.0,1.276667,4,19.56,0,0.0
5,2026-08-27,2026-08-27 19:00:00,19,3,0,0,0.0,0.0,0.0,1.276667,4,16.97,0,0.0
5,2026-08-27,2026-08-27 20:00:00,20,3,0,0,0.0,0.0,0.0,1.276667,4,17.03,0,0.0
5,2026-08-27,2026-08-27 21:00:00,21,3,0,0,0.0,0.0,0.0,1.276667,4,16.63,1,0.0
5,2026-08-27,2026-08-27 22:00:00,22,3,0,0,0.0,0.0,0.0,1.276667,4,15.73,0,0.0
5,2026-08-27,2026-08-27 23:00:00,23,3,0,0,0.0,0.0,0.0,1.276667,4,14.62,0,0.0
5,2026-08-28,2026-08-28 00:00:00,0,4,0,0,0.0,0.0,0.0,1.276667,4,15.47,0,0.0
5,2026-08-28,2026-08-28 01:00:00,1,4,0,0,0.0,0.0,0.0,1.276667,4,14.16,1,0.0
5,2026-08-28,2026-08-28 02:00:00,2,4,0,0,0.0,0.0,0.0,1.276667,4,16.75,0,0.0
5,2026-08-28,2026-08-28 03:00:00,3,4,0,0,0.0,0.0,0.0,1.276667,4,16.02,0,0.0
5,2026-08-28,2026-08-28 04:00:00,4,4,0,0,0.0,0.0,0.0,1.276667,4,16.41,0,0.0
5,2026-08-28,2026-08-28 05:00:00,5,4,0,0,0.0,0.0,0.0,1.276667,4,16.67,0,0.0
5,2026-08-28,2026-08-28 06:00:00,6,4,0,0,0.0,0.0,0.0,1.276667,4,19.04,0,0.0
5,2026-08-28,2026-08-28 07:00:00,7,4,0,0,0.0,0.0,0.0,1.276667,4,18.7,1,0.0
5,2026-08-28,2026-08-28 08:00:00,8,4,0,0,0.0,0.0,0.0,1.276667,4,19.73,0,0.0
5,2026-08-28,2026-08-28 09:00:00,9,4,0,0,0.0,0.0,0.0,1.276667,4,19.64,0,0.0
5,2026-08-28,2026-08-28 10:00:00,10,4,0,0,0.0,0.0,0.0,1.276667,4,21.34,1,0.0
5,2026-08-28,2026-08-28 11:00:00,11,4,0,0,0.0,0.0,0.0,1.276667,4,21.66,0,0.0
5,2026-08-28,2026-08-28 12:00:00,12,4,0,0,0.0,0.0,0.0,1.276667,4,19.58,1,0.0
5,2026-08-28,2026-08-28 13:00:00,13,4,0,0,0.0,0.0,0.0,1.276667,4,19.84,0,0.0
5,2026-08-28,2026-08-28 14:00:00,14,4,0,0,0.0,0.0,0.0,1.276667,4,21.97,0,0.0
5,2026-08-28,2026-08-28 15:00:00,15,4,0,0,0.0,0.0,0.0,1.276667,4,20.58,1,0.0
5,2026-08-28,2026-08-28 16:00:00,16,4,0,0,0.0,0.0,0.0,1.276667,4,18.72,0,0.0
5,2026-08-28,2026-08-28 17:00:00,17,4,0,0,0.0,30.64,0.0,1.276667,4,19.01,0,0.0
5,2026-08-28,2026-08-28 18:00:00,18,4,0,0,0.0,0.0,0.0,0.0,4,18.44,0,0.0
5,2026-08-28,2026-08-28 19:00:00,19,4,0,0,0.0,0.0,0.0,0.0,4,15.75,0,0.0
5,2026-08-28,2026-08-28 20:00:00,20,4,0,0,0.0,0.0,0.0,0.0,4,17.94,0,0.0
5,2026-08-28,2026-08-28 21:00:00,21,4,0,0,0.0,0.0,0.0,0.0,4,15.13,0,0.0
5,2026-08-28,2026-08-28 22:00:00,22,4,0,0,0.0,0.0,0.0,0.0,4,16.5,0,0.0
5,2026-08-28,2026-08-28 23:00:00,23,4,0,0,0.0,0.0,0.0,0.0,4,15.92,1,0.0
5,2026-08-29,2026-08-29 00:00:00,0,5,1,0,0.0,0.0,0.0,0.0,4,14.02,1,0.0
5,2026-08-29,2026-08-29 01:00:00,1,5,1,0,0.0,0.0,0.0,0.0,4,14.76,0,0.0
5,2026-08-29,2026-08-29 02:00:00,2,5,1,0,0.0,0.0,0.0,0.0,4,15.33,1,0.0
5,2026-08-29,2026-08-29 03:00:00,3,5,1,0,0.0,0.0,0.0,0.0,4,15.8,0,0.0
5,2026-08-29,2026-08-29 04:00:00,4,5,1,0,0.0,0.0,0.0,0.0,4,15.03,0,0.0
5,2026-08-29,2026-08-29 05:00:00,5,5,1,0,0.0,0.0,0.0,0.0,4,17.08,0,0.0
5,2026-08-29,2026-08-29 06:00:00,6,5,1,0,0.0,0.0,0.0,0.0,4,17.93,0,0.0
5,2026-08-29,2026-08-29 07:00:00,7,5,1,0,0.0,0.0,0.0,0.0,4,18.99,0,0.0
5,2026-08-29,2026-08-29 08:00:00,8,5,1,0,0.0,0.0,0.0,0.0,4,20.02,1,0.0
5,2026-08-29,2026-08-29 09:00:00,9,5,1,0,0.0,0.0,0.0,0.0,4,19.28,0,0.0
5,2026-08-29,2026-08-29 10:00:00,10,5,1,0,0.0,0.0,0.0,0.0,4,20.47,1,0.0
5,2026-08-29,2026-08-29 11:00:00,11,5,1,0,0.0,0.0,0.0,0.0,4,21.37,0,0.0
5,2026-08-29,2026-08-29 12:00:00,12,5,1,0,0.0,0.0,0.0,0.0,4,20.31,0,0.0
5,2026-08-29,2026-08-29 13:00:00,13,5,1,0,0.0,0.0,0.0,0.0,4,20.53,1,0.0
5,2026-08-29,2026-08-29 14:00:00,14,5,1,0,0.0,0.0,0.0,0.0,4,20.84,0,0.0
5,2026-08-29,2026-08-29 15:00:00,15,5,1,0,0.0,0.0,0.0,0.0,4,19.56,0,0.0
5,2026-08-29,2026-08-29 16:00:00,16,5,1,0,0.0,0.0,0.0,0.0,4,19.64,0,0.0
5,2026-08-29,2026-08-29 17:00:00,17,5,1,0,0.0,0.0,0.0,0.0,4,19.26,1,0.0
5,2026-08-29,2026-08-29 18:00:00,18,5,1,0,0.0,0.0,0.0,0.0,4,17.05,0,0.0
5,2026-08-29,2026-08-29 19:00:00,19,5,1,0,0.0,0.0,0.0,0.0,4,15.62,0,0.0
5,2026-08-29,2026-08-29 20:00:00,20,5,1,0,0.0,0.0,0.0,0.0,4,17.64,0,0.0
5,2026-08-29,2026-08-29 21:00:00,21,5,1,0,0.0,0.0,0.0,0.0,4,15.83,1,0.0
5,2026-08-29,2026-08-29 22:00:00,22,5,1,0,0.0,0.0,0.0,0.0,4,15.77,0,0.0
5,2026-08-29,2026-08-29 23:00:00,23,5,1,0,0.0,0.0,0.0,0.0,4,13.76,1,0.0
5,2026-08-30,2026-08-30 00:00:00,0,6,1,0,0.0,0.0,0.0,0.0,4,14.48,0,0.0
5,2026-08-30,2026-08-30 01:00:00,1,6,1,0,0.0,0.0,0.0,0.0,4,13.97,0,0.0
5,2026-08-30,2026-08-30 02:00:00,2,6,1,0,0.0,0.0,0.0,0.0,4,16.3,0,0.0
5,2026-08-30,2026-08-30 03:00:00,3,6,1,0,0.0,0.0,0.0,0.0,4,16.29,1,0.0
5,2026-08-30,2026-08-30 04:00:00,4,6,1,0,0.0,0.0,0.0,0.0,4,17.07,0,0.0
5,2026-08-30,2026-08-30 05:00:00,5,6,1,0,0.0,0.0,0.0,0.0,4,16.52,1,0.0
5,2026-08-30,2026-08-30 06:00:00,6,6,1,0,0.0,0.0,0.0,0.0,4,18.72,1,0.0
5,2026-08-30,2026-08-30 07:00:00,7,6,1,0,0.0,0.0,0.0,0.0,4,18.58,0,0.0
5,2026-08-30,2026-08-30 08:00:00,8,6,1,0,0.0,0.0,0.0,0.0,4,18.4,0,29.15
5,2026-08-30,2026-08-30 09:00:00,9,6,1,0,29.15,0.0,0.0,1.214583,4,18.48,0,0.0
5,2026-08-30,2026-08-30 10:00:00,10,6,1,0,0.0,0.0,0.0,1.214583,4,21.02,1,0.0
5,2026-08-30,2026-08-30 11:00:00,11,6,1,0,0.0,0.0,0.0,1.214583,4,19.54,0,0.0
5,2026-08-30,2026-08-30 12:00:00,12,6,1,0,0.0,0.0,0.0,1.214583,4,21.89,0,0.0
5,2026-08-30,2026-08-30 13:00:00,13,6,1,0,0.0,0.0,0.0,1.214583,4,21.99,0,0.0
5,2026-08-30,2026-08-30 14:00:00,14,6,1,0,0.0,0.0,0.0,1.214583,4,20.5,0,0.0
5,2026-08-30,2026-08-30 15:00:00,15,6,1,0,0.0,0.0,0.0,1.214583,4,19.72,0,0.0
5,2026-08-30,2026-08-30 16:00:00,16,6,1,0,0.0,0.0,0.0,1.214583,4,18.09,0,0.0
5,2026-08-30,2026-08-30 17:00:00,17,6,1,0,0.0,0.0,0.0,1.214583,4,18.16,0,0.0
5,2026-08-30,2026-08-30 18:00:00,18,6,1,0,0.0,0.0,0.0,1.214583,4,17.33,0,0.0
5,2026-08-30,2026-08-30 19:00:00,19,6,1,0,0.0,0.0,0.0,1.214583,4,15.69,1,0.0
5,2026-08-30,2026-08-30 20:00:00,20,6,1,0,0.0,0.0,0.0,1.214583,4,15.57,0,0.0
5,2026-08-30,2026-08-30 21:00:00,21,6,1,0,0.0,0.0,0.0,1.214583,4,16.34,0,0.0
5,2026-08-30,2026-08-30 22:00:00,22,6,1,0,0.0,0.0,0.0,1.214583,4,14.37,1,0.0
5,2026-08-30,2026-08-30 23:00:00,23,6,1,0,0.0,0.0,0.0,1.214583,4,14.32,0,0.0
5,2026-08-31,2026-08-31 00:00:00,0,0,0,0,0.0,0.0,0.0,1.214583,4,13.14,0,0.0
5,2026-08-31,2026-08-31 01:00:00,1,0,0,0,0.0,0.0,0.0,1.214583,4,13.48,0,0.0
5,2026-08-31,2026-08-31 02:00:00,2,0,0,0,0.0,0.0,0.0,1.214583,4,16.1,0,0.0
5,2026-08-31,2026-08-31 03:00:00,3,0,0,0,0.0,0.0,0.0,1.214583,4,15.82,0,0.0
5,2026-08-31,2026-08-31 04:00:00,4,0,0,0,0.0,0.0,0.0,1.214583,4,16.95,0,0.0
5,2026-08-31,2026-08-31 05:00:00,5,0,0,0,0.0,0.0,0.0,1.214583,4,18.06,0,0.0
5,2026-08-31,2026-08-31 06:00:00,6,0,0,0,0.0,0.0,0.0,1.214583,4,18.01,0,0.0
5,2026-08-31,2026-08-31 07:00:00,7,0,0,0,0.0,0.0,0.0,1.214583,4,18.83,0,0.0
5,2026-08-31,2026-08-31 08:00:00,8,0,0,0,0.0,29.15,0.0,1.214583,4,18.62,0,0.0
5,2026-08-31,2026-08-31 09:00:00,9,0,0,0,0.0,0.0,0.0,0.0,4,20.81,0,0.0
5,2026-08-31,2026-08-31 10:00:00,10,0,0,0,0.0,0.0,0.0,0.0,4,20.13,1,0.0
5,2026-08-31,2026-08-31 11:00:00,11,0,0,0,0.0,0.0,0.0,0.0,4,19.62,0,0.0
5,2026-08-31,2026-08-31 12:00:00,12,0,0,0,0.0,0.0,0.0,0.0,4,21.24,0,0.0
5,2026-08-31,2026-08-31 13:00:00,13,0,0,0,0.0,0.0,0.0,0.0,4,20.24,0,0.0
5,2026-08-31,2026-08-31 14:00:00,14,0,0,0,0.0,0.0,0.0,0.0,4,18.77,0,0.0
5,2026-08-31,2026-08-31 15:00:00,15,0,0,0,0.0,0.0,0.0,0.0,4,20.14,0,0.0
5,2026-08-31,2026-08-31 16:00:00,16,0,0,0,0.0,0.0,0.0,0.0,4,19.25,0,0.0
5,2026-08-31,2026-08-31 17:00:00,17,0,0,0,0.0,0.0,0.0,0.0,4,17.05,0,0.0
5,2026-08-31,2026-08-31 18:00:00,18,0,0,0,0.0,0.0,0.0,0.0,4,17.54,0,0.0
5,2026-08-31,2026-08-31 19:00:00,19,0,0,0,0.0,0.0,0.0,0.0,4,16.5,0,0.0
5,2026-08-31,2026-08-31 20:00:00,20,0,0,0,0.0,0.0,29.85,0.0,4,17.31,0,0.0
5,2026-08-31,2026-08-31 21:00:00,21,0,0,0,0.0,0.0,0.0,0.0,4,13.93,0,0.0
5,2026-08-31,2026-08-31 22:00:00,22,0,0,0,0.0,0.0,0.0,0.0,4,16.06,0,0.0
5,2026-08-31,2026-08-31 23:00:00,23,0,0,0,0.0,0.0,0.0,0.0,4,14.37,0,0.0
5,2026-09-01,2026-09-01 00:00:00,0,1,0,0,0.0,0.0,0.0,0.0,4,15.66,0,0.0
5,2026-09-01,2026-09-01 01:00:00,1,1,0,0,0.0,0.0,0.0,0.0,4,13.89,0,0.0
5,2026-09-01,2026-09-01 02:00:00,2,1,0,0,0.0,0.0,0.0,0.0,4,13.73,1,0.0
5,2026-09-01,2026-09-01 03:00:00,3,1,0,0,0.0,0.0,0.0,0.0,4,14.01,0,0.0
5,2026-09-01,2026-09-01 04:00:00,4,1,0,0,0.0,0.0,0.0,0.0,4,15.96,0,0.0
5,2026-09-01,2026-09-01 05:00:00,5,1,0,0,0.0,0.0,0.0,0.0,4,17.95,0,0.0
5,2026-09-01,2026-09-01 06:00:00,6,1,0,0,0.0,0.0,0.0,0.0,4,18.16,0,0.0
5,2026-09-01,2026-09-01 07:00:00,7,1,0,0,0.0,0.0,0.0,0.0,4,18.87,0,0.0
5,2026-09-01,2026-09-01 08:00:00,8,1,0,0,0.0,0.0,0.0,0.0,4,19.23,0,0.0
5,2026-09-01,2026-09-01 09:00:00,9,1,0,0,0.0,0.0,0.0,0.0,4,20.19,0,0.0
5,2026-09-01,2026-09-01 10:00:00,10,1,0,0,0.0,0.0,0.0,0.0,4,19.09,0,0.0
5,2026-09-01,2026-09-01 11:00:00,11,1,0,0,0.0,0.0,0.0,0.0,4,20.17,0,0.0
5,2026-09-01,2026-09-01 12:00:00,12,1,0,0,0.0,0.0,0.0,0.0,4,20.52,0,0.0
5,2026-09-01,2026-09-01 13:00:00,13,1,0,0,0.0,0.0,0.0,0.0,4,21.48,0,0.0
5,2026-09-01,2026-09-01 14:00:00,14,1,0,0,0.0,0.0,0.0,0.0,4,18.92,0,0.0
5,2026-09-01,2026-09-01 15:00:00,15,1,0,0,0.0,0.0,0.0,0.0,4,20.03,0,0.0
5,2026-09-01,2026-09-01 16:00:00,16,1,0,0,0.0,0.0,0.0,0.0,4,20.19,0,0.0
5,2026-09-01,2026-09-01 17:00:00,17,1,0,0,0.0,0.0,0.0,0.0,4,17.87,0,0.0
5,2026-09-01,2026-09-01 18:00:00,18,1,0,0,0.0,0.0,0.0,0.0,4,17.22,0,0.0
5,2026-09-01,2026-09-01 19:00:00,19,1,0,0,0.0,0.0,0.0,0.0,4,15.83,0,0.0
5,2026-09-01,2026-09-01 20:00:00,20,1,0,0,0.0,0.0,0.0,0.0,4,15.99,0,0.0
5,2026-09-01,2026-09-01 21:00:00,21,1,0,0,0.0,0.0,0.0,0.0,4,15.33,0,0.0
5,2026-09-01,2026-09-01 22:00:00,22,1,0,0,0.0,0.0,0.0,0.0,4,15.01,0,0.0
5,2026-09-01,2026-09-01 23:00:00,23,1,0,0,0.0,0.0,0.0,0.0,4,14.53,0,0.0
5,2026-09-02,2026-09-02 00:00:00,0,2,0,0,0.0,0.0,0.0,0.0,4,14.31,0,0.0
5,2026-09-02,2026-09-02 01:00:00,1,2,0,0,0.0,0.0,0.0,0.0,4,15.03,0,0.0
5,2026-09-02,2026-09-02 02:00:00,2,2,0,0,0.0,0.0,0.0,0.0,4,14.7,1,0.0
5,2026-09-02,2026-09-02 03:00:00,3,2,0,0,0.0,0.0,0.0,0.0,4,13.72,0,0.0
5,2026-09-02,2026-09-02 04:00:00,4,2,0,0,0.0,0.0,0.0,0.0,4,14.37,0,0.0
5,2026-09-02,2026-09-02 05:00:00,5,2,0,0,0.0,0.0,0.0,0.0,4,17.48,0,0.0
5,2026-09-02,2026-09-02 06:00:00,6,2,0,0,0.0,0.0,0.0,0.0,4,16.54,1,0.0
5,2026-09-02,2026-09-02 07:00:00,7,2,0,0,0.0,0.0,0.0,0.0,4,18.08,0,0.0
5,2026-09-02,2026-09-02 08:00:00,8,2,0,0,0.0,0.0,0.0,0.0,4,17.18,0,0.0
5,2026-09-02,2026-09-02 09:00:00,9,2,0,0,0.0,0.0,0.0,0.0,4,20.24,0,0.0
5,2026-09-02,2026-09-02 10:00:00,10,2,0,0,0.0,0.0,0.0,0.0,4,20.08,0,0.0
5,2026-09-02,2026-09-02 11:00:00,11,2,0,0,0.0,0.0,0.0,0.0,4,18.88,0,0.0
5,2026-09-02,2026-09-02 12:00:00,12,2,0,0,0.0,0.0,27.98,0.0,4,19.26,1,40.98
5,2026-09-02,2026-09-02 13:00:00,13,2,0,0,40.98,0.0,0.0,1.7075,4,18.79,0,0.0
5,2026-09-02,2026-09-02 14:00:00,14,2,0,0,0.0,0.0,0.0,1.7075,4,19.77,0,0.0
5,2026-09-02,2026-09-02 15:00:00,15,2,0,0,0.0,0.0,0.0,1.7075,4,20.73,0,0.0
5,2026-09-02,2026-09-02 16:00:00,16,2,0,0,0.0,0.0,0.0,1.7075,4,19.12,0,0.0
5,2026-09-02,2026-09-02 17:00:00,17,2,0,0,0.0,0.0,0.0,1.7075,4,18.01,0,0.0
5,2026-09-02,2026-09-02 18:00:00,18,2,0,0,0.0,0.0,0.0,1.7075,4,18.52,0,0.0
5,2026-09-02,2026-09-02 19:00:00,19,2,0,0,0.0,0.0,0.0,1.7075,4,15.41,0,0.0
5,2026-09-02,2026-09-02 20:00:00,20,2,0,0,0.0,0.0,0.0,1.7075,4,14.58,0,0.0
5,2026-09-02,2026-09-02 21:00:00,21,2,0,0,0.0,0.0,0.0,1.7075,4,14.98,0,0.0
5,2026-09-02,2026-09-02 22:00:00,22,2,0,0,0.0,0.0,0.0,1.7075,4,14.09,1,0.0
5,2026-09-02,2026-09-02 23:00:00,23,2,0,0,0.0,0.0,0.0,1.7075,4,13.12,0,0.0
5,2026-09-03,2026-09-03 00:00:00,0,3,0,0,0.0,0.0,0.0,1.7075,4,15.36,0,0.0
5,2026-09-03,2026-09-03 01:00:00,1,3,0,0,0.0,0.0,0.0,1.7075,4,12.67,0,0.0
5,2026-09-03,2026-09-03 02:00:00,2,3,0,0,0.0,0.0,0.0,1.7075,4,15.46,0,0.0
5,2026-09-03,2026-09-03 03:00:00,3,3,0,0,0.0,0.0,0.0,1.7075,4,14.31,0,0.0
5,2026-09-03,2026-09-03 04:00:00,4,3,0,0,0.0,0.0,0.0,1.7075,4,13.96,0,0.0
5,2026-09-03,2026-09-03 05:00:00,5,3,0,0,0.0,0.0,0.0,1.7075,4,17.03,0,0.0
5,2026-09-03,2026-09-03 06:00:00,6,3,0,0,0.0,0.0,0.0,1.7075,4,16.62,0,0.0
5,2026-09-03,2026-09-03 07:00:00,7,3,0,0,0.0,0.0,0.0,1.7075,4,19.0,0,0.0
5,2026-09-03,2026-09-03 08:00:00,8,3,0,0,0.0,0.0,0.0,1.7075,4,17.94,0,0.0
5,2026-09-03,2026-09-03 09:00:00,9,3,0,0,0.0,0.0,0.0,1.7075,4,20.11,1,0.0
5,2026-09-03,2026-09-03 10:00:00,10,3,0,0,0.0,0.0,0.0,1.7075,4,20.92,0,0.0
5,2026-09-03,2026-09-03 11:00:00,11,3,0,0,0.0,0.0,0.0,1.7075,4,20.46,0,0.0
5,2026-09-03,2026-09-03 12:00:00,12,3,0,0,0.0,40.98,0.0,1.7075,4,19.58,0,0.0
5,2026-09-03,2026-09-03 13:00:00,13,3,0,0,0.0,0.0,0.0,0.0,4,18.95,1,0.0
5,2026-09-03,2026-09-03 14:00:00,14,3,0,0,0.0,0.0,0.0,0.0,4,20.4,0,0.0
5,2026-09-03,2026-09-03 15:00:00,15,3,0,0,0.0,0.0,0.0,0.0,4,18.97,0,0.0
5,2026-09-03,2026-09-03 16:00:00,16,3,0,0,0.0,0.0,0.0,0.0,4,19.08,0,0.0
5,2026-09-03,2026-09-03 17:00:00,17,3,0,0,0.0,0.0,30.64,0.0,4,16.66,0,0.0
5,2026-09-03,2026-09-03 18:00:00,18,3,0,0,0.0,0.0,0.0,0.0,4,18.16,0,0.0
5,2026-09-03,2026-09-03 19:00:00,19,3,0,0,0.0,0.0,0.0,0.0,4,16.5,0,0.0
5,2026-09-03,2026-09-03 20:00:00,20,3,0,0,0.0,0.0,0.0,0.0,4,16.91,0,0.0
5,2026-09-03,2026-09-03 21:00:00,21,3,0,0,0.0,0.0,0.0,0.0,4,16.17,0,0.0
5,2026-09-03,2026-09-03 22:00:00,22,3,0,0,0.0,0.0,0.0,0.0,4,14.82,1,0.0
5,2026-09-03,2026-09-03 23:00:00,23,3,0,0,0.0,0.0,0.0,0.0,4,12.83,1,0.0
5,2026-09-04,2026-09-04 00:00:00,0,4,0,0,0.0,0.0,0.0,0.0,4,13.11,0,0.0
5,2026-09-04,2026-09-04 01:00:00,1,4,0,0,0.0,0.0,0.0,0.0,4,13.16,0,0.0
5,2026-09-04,2026-09-04 02:00:00,2,4,0,0,0.0,0.0,0.0,0.0,4,14.45,0,0.0
5,2026-09-04,2026-09-04 03:00:00,3,4,0,0,0.0,0.0,0.0,0.0,4,14.78,0,0.0
5,2026-09-04,2026-09-04 04:00:00,4,4,0,0,0.0,0.0,0.0,0.0,4,15.5,0,0.0
5,2026-09-04,2026-09-04 05:00:00,5,4,0,0,0.0,0.0,0.0,0.0,4,14.56,0,0.0
5,2026-09-04,2026-09-04 06:00:00,6,4,0,0,0.0,0.0,0.0,0.0,4,17.35,0,0.0
5,2026-09-04,2026-09-04 07:00:00,7,4,0,0,0.0,0.0,0.0,0.0,4,18.14,0,55.2
